cell_id,cell_type
AAACCTGAGAGGGATA,Pre-endocrine
AAACCTGAGCCTTGAT,Ductal
AAACCTGAGGCAATTA,Alpha
AAACCTGCATCATCCC,Ductal
AAACCTGGTAAGTGGC,Ngn3 high EP
AAACCTGGTATTAGCC,Ductal
AAACCTGTCCCTCTTT,Alpha
AAACCTGTCTTTCCTC,Ductal
AAACGGGAGACAATAC,Ductal
AAACGGGAGATATGGT,Ductal
AAACGGGAGTAGCGGT,Delta
AAACGGGAGTCAATAG,Ductal
AAACGGGCAAAGAATC,Beta
AAACGGGCAAGGACAC,Ductal
AAACGGGCACTGTGTA,Ductal
AAACGGGCAGTTCCCT,Ductal
AAACGGGGTACAGTTC,Beta
AAACGGGGTCGGGTCT,Alpha
AAACGGGGTGAAATCA,Ngn3 high EP
AAACGGGTCAAACAAG,Ngn3 high EP
AAACGGGTCAGCTCTC,Ngn3 low EP
AAACGGGTCCGCGCAA,Pre-endocrine
AAACGGGTCGCATGGC,Beta
AAAGATGAGAGTACCG,Pre-endocrine
AAAGATGAGCGCCTCA,Alpha
AAAGATGAGTACACCT,Alpha
AAAGATGAGTCATGCT,Beta
AAAGATGAGTCTTGCA,Beta
AAAGATGAGTGAACAT,Ngn3 low EP
AAAGATGCAATGTTGC,Beta
AAAGATGCAGCGATCC,Ductal
AAAGATGGTACTTAGC,Ductal
AAAGATGTCGGCTTGG,Alpha
AAAGCAAAGAACAACT,Pre-endocrine
AAAGCAAAGCTACCTA,Pre-endocrine
AAAGCAACACATGGGA,Ductal
AAAGCAACACGGTAAG,Ductal
AAAGCAAGTGCAGTAG,Beta
AAAGCAAGTTTGCATG,Delta
AAAGTAGAGAGTGAGA,Alpha
AAAGTAGAGCGCCTTG,Beta
AAAGTAGAGGGCTTGA,Ductal
AAAGTAGCACATGACT,Alpha
AAAGTAGGTCAGATAA,Beta
AAATGCCAGACTAAGT,Beta
AAATGCCCAATGGAAT,Alpha
AAATGCCCACATCTTT,Ngn3 high EP
AAATGCCCACCAACCG,Ngn3 high EP
AAATGCCCATGCTAGT,Ngn3 high EP
AAATGCCGTGATAAGT,Alpha
AACACGTAGTAATCCC,Pre-endocrine
AACACGTCAAACGCGA,Alpha
AACACGTCAAATTGCC,Alpha
AACACGTCACGAAATA,Ductal
AACACGTGTATTCGTG,Ngn3 high EP
AACACGTGTCGACTGC,Pre-endocrine
AACACGTGTCGATTGT,Alpha
AACACGTGTCGGCTCA,Ngn3 high EP
AACACGTGTCTTGTCC,Ngn3 high EP
AACACGTGTGACTCAT,Ngn3 high EP
AACACGTTCCGCGCAA,Ngn3 low EP
AACACGTTCGGAATCT,Ngn3 high EP
AACCATGAGAGCCTAG,Ngn3 high EP
AACCATGAGTACCGGA,Epsilon
AACCATGCACAGGAGT,Ngn3 high EP
AACCATGGTCAGTGGA,Beta
AACCATGGTGGGTATG,Pre-endocrine
AACCATGGTTCGGCAC,Ngn3 high EP
AACCATGGTTGAACTC,Pre-endocrine
AACCATGTCGTATCAG,Ngn3 high EP
AACCGCGAGGATGGTC,Ngn3 high EP
AACCGCGAGGCCATAG,Beta
AACCGCGCAGCCACCA,Ngn3 high EP
AACCGCGCATGCCTAA,Beta
AACCGCGGTTCTGGTA,Beta
AACCGCGTCAGTGTTG,Alpha
AACCGCGTCCGCGGTA,Alpha
AACGTTGAGAGGTTGC,Ductal
AACGTTGCAAGTTCTG,Pre-endocrine
AACGTTGCATGCCACG,Alpha
AACGTTGCATGGGACA,Ductal
AACGTTGGTCTTGCGG,Alpha
AACGTTGGTGCCTTGG,Ductal
AACGTTGTCAGTTAGC,Pre-endocrine
AACGTTGTCTGGTTCC,Beta
AACTCAGAGAGCTGCA,Ngn3 low EP
AACTCAGAGGTAGCCA,Alpha
AACTCAGAGTCGCCGT,Beta
AACTCAGCATTCCTCG,Ngn3 high EP
AACTCAGGTAATCGTC,Ductal
AACTCAGGTCTTGTCC,Beta
AACTCAGGTGCCTGTG,Ngn3 high EP
AACTCAGGTGGTGTAG,Ductal
AACTCAGGTTGGAGGT,Ductal
AACTCAGTCAGATAAG,Pre-endocrine
AACTCAGTCCCAAGAT,Alpha
AACTCAGTCCGTCAAA,Ngn3 low EP
AACTCAGTCCTCGCAT,Ngn3 high EP
AACTCAGTCTGGTTCC,Ductal
AACTCCCAGAACTCGG,Ngn3 high EP
AACTCCCAGGGAACGG,Pre-endocrine
AACTCCCAGTACGACG,Beta
AACTCCCCAGTTCATG,Alpha
AACTCCCGTCCGAAGA,Ngn3 low EP
AACTCCCTCGAGAGCA,Ductal
AACTCTTAGAATAGGG,Ductal
AACTCTTAGATGGCGT,Beta
AACTCTTAGCTAACAA,Pre-endocrine
AACTCTTAGCTGCGAA,Ductal
AACTCTTAGTGAACGC,Alpha
AACTCTTCACTCGACG,Pre-endocrine
AACTCTTCATTTGCCC,Beta
AACTGGTCAGTATCTG,Ngn3 low EP
AACTGGTGTACAGTGG,Ductal
AACTGGTGTACCGTTA,Delta
AACTGGTGTCGAGTTT,Pre-endocrine
AACTGGTGTGCCTGTG,Ductal
AACTGGTGTTGGAGGT,Ductal
AACTGGTTCCTACAGA,Ngn3 high EP
AACTGGTTCCTATGTT,Ngn3 low EP
AACTGGTTCGTCCAGG,Epsilon
AACTGGTTCGTGACAT,Ductal
AACTGGTTCTTACCGC,Ductal
AACTTTCAGCCAACAG,Pre-endocrine
AACTTTCAGGCATTGG,Beta
AACTTTCCACAGTCGC,Ngn3 high EP
AACTTTCCACTGCCAG,Ductal
AACTTTCGTGACCAAG,Ngn3 low EP
AACTTTCGTGGTCCGT,Ductal
AACTTTCTCCAGATCA,Alpha
AAGACCTAGAAACGCC,Beta
AAGACCTAGACCTTTG,Alpha
AAGACCTAGGTGTGGT,Ngn3 high EP
AAGACCTAGTAAGTAC,Alpha
AAGACCTAGTAGGCCA,Ngn3 high EP
AAGACCTCAATGGTCT,Beta
AAGACCTCAGACTCGC,Alpha
AAGACCTCAGGTTTCA,Ductal
AAGACCTGTCCAGTAT,Beta
AAGACCTGTGGCTCCA,Epsilon
AAGACCTGTGTTGAGG,Beta
AAGACCTTCTGACCTC,Ductal
AAGCCGCAGCGAAGGG,Ductal
AAGCCGCAGGAGTTGC,Beta
AAGCCGCAGGCAGGTT,Ductal
AAGCCGCCAATGGACG,Ngn3 high EP
AAGCCGCCATGCCTTC,Ductal
AAGCCGCGTTATCCGA,Pre-endocrine
AAGCCGCTCACGACTA,Ductal
AAGCCGCTCTTGCATT,Alpha
AAGGAGCAGTACATGA,Alpha
AAGGAGCCAAAGGTGC,Epsilon
AAGGAGCCACCAGGTC,Beta
AAGGAGCGTTCCACTC,Ductal
AAGGAGCGTTCGTCTC,Ngn3 high EP
AAGGAGCTCCCAACGG,Ngn3 high EP
AAGGCAGAGCTGAAAT,Ductal
AAGGCAGCAGTACACT,Ngn3 high EP
AAGGCAGGTCTAGCCG,Alpha
AAGGCAGGTTACGTCA,Ductal
AAGGCAGTCCGAGCCA,Ngn3 low EP
AAGGTTCAGATAGTCA,Alpha
AAGGTTCAGCGATTCT,Pre-endocrine
AAGGTTCAGGAGCGAG,Alpha
AAGGTTCGTCAACTGT,Pre-endocrine
AAGGTTCGTTCCACGG,Alpha
AAGTCTGAGTACGATA,Beta
AAGTCTGAGTGAACGC,Ngn3 high EP
AAGTCTGGTCTCCATC,Pre-endocrine
AAGTCTGGTGGACGAT,Ngn3 high EP
AAGTCTGGTTGGGACA,Beta
AAGTCTGGTTTAGGAA,Ductal
AAGTCTGTCCGAGCCA,Ngn3 high EP
AAGTCTGTCTGACCTC,Ngn3 low EP
AATCCAGAGGGTTCCC,Pre-endocrine
AATCCAGTCAGGTTCA,Pre-endocrine
AATCCAGTCCTGCCAT,Ductal
AATCCAGTCGGTCCGA,Pre-endocrine
AATCGGTAGGCATGTG,Delta
AATCGGTAGTCTCCTC,Beta
AATCGGTCAAACAACA,Ngn3 high EP
AATCGGTCATATGGTC,Ngn3 high EP
AATCGGTCATGTTGAC,Ductal
AATCGGTGTAGATTAG,Epsilon
AATCGGTGTCACACGC,Ngn3 high EP
AATCGGTTCCAAACTG,Ngn3 high EP
AATCGGTTCGGAGGTA,Ngn3 high EP
AATCGGTTCGTATCAG,Alpha
AATCGGTTCTTCGGTC,Beta
ACACCAAAGTAGGCCA,Beta
ACACCAAGTATAATGG,Alpha
ACACCAAGTATAGGTA,Beta
ACACCAAGTTACCGAT,Ductal
ACACCAATCCCTCAGT,Beta
ACACCAATCCGCAAGC,Ductal
ACACCCTAGGACAGCT,Ngn3 high EP
ACACCCTAGGTGCTAG,Beta
ACACCCTAGTTGTAGA,Beta
ACACCCTCAAGGTGTG,Alpha
ACACCCTCACGTTGGC,Ngn3 high EP
ACACCCTGTCAGATAA,Ngn3 high EP
ACACCCTGTCTCCACT,Epsilon
ACACCCTTCAACACTG,Ductal
ACACCCTTCAGTGTTG,Pre-endocrine
ACACCCTTCCCAGGTG,Pre-endocrine
ACACCCTTCGTGGTCG,Alpha
ACACCGGAGAAACCAT,Delta
ACACCGGCAGCGTCCA,Beta
ACACCGGCATCACGTA,Ductal
ACACCGGCATGTCCTC,Ductal
ACACCGGTCATGTCTT,Beta
ACACTGAAGGGTTCCC,Pre-endocrine
ACACTGACAAGCGCTC,Ductal
ACACTGAGTACGACCC,Ngn3 high EP
ACACTGAGTCCATGAT,Pre-endocrine
ACACTGATCCGTCAAA,Ngn3 high EP
ACAGCCGAGAGAACAG,Pre-endocrine
ACAGCCGAGAGGTACC,Alpha
ACAGCCGAGCCAACAG,Alpha
ACAGCCGAGTGGTCCC,Ductal
ACAGCCGCAAGTACCT,Alpha
ACAGCCGCATCGTCGG,Ngn3 high EP
ACAGCCGTCCCTGACT,Ductal
ACAGCCGTCTGGAGCC,Alpha
ACAGCTAAGTACGATA,Ductal
ACAGCTAAGTCGTTTG,Alpha
ACAGCTACATGCAACT,Ductal
ACAGCTATCAAGGCTT,Alpha
ACAGCTATCAGCATGT,Ductal
ACAGCTATCCTTAATC,Ductal
ACAGCTATCGAGCCCA,Pre-endocrine
ACAGCTATCTGGGCCA,Ductal
ACAGCTATCTTTACGT,Beta
ACATACGAGCTATGCT,Alpha
ACATACGAGTAGGCCA,Ngn3 high EP
ACATACGCACTTCTGC,Ngn3 high EP
ACATACGGTAAACACA,Beta
ACATACGGTCAATACC,Ngn3 low EP
ACATACGGTCCCGACA,Ngn3 low EP
ACATACGGTCTCTCTG,Pre-endocrine
ACATACGTCCATGAGT,Pre-endocrine
ACATCAGAGAGACTTA,Pre-endocrine
ACATCAGCACACGCTG,Beta
ACATCAGCATCACAAC,Pre-endocrine
ACATCAGGTAAATGTG,Pre-endocrine
ACATCAGGTGTGACCC,Ductal
ACATCAGTCCGTTGTC,Alpha
ACATCAGTCCTTGGTC,Ngn3 high EP
ACATCAGTCGCACTCT,Ductal
ACATCAGTCTACCTGC,Pre-endocrine
ACATGGTAGACTTGAA,Ductal
ACATGGTCAAGGACTG,Ngn3 low EP
ACATGGTCAGAAGCAC,Beta
ACATGGTGTCATGCAT,Ngn3 low EP
ACATGGTGTGTTTGTG,Ductal
ACATGGTGTTAGGGTG,Alpha
ACCAGTAAGCGTTTAC,Ngn3 low EP
ACCAGTAAGTGATCGG,Alpha
ACCAGTACACTACAGT,Alpha
ACCAGTAGTCATGCCG,Ngn3 high EP
ACCAGTAGTGCGCTTG,Ngn3 low EP
ACCAGTAGTTCGTTGA,Beta
ACCAGTAGTTGGACCC,Epsilon
ACCAGTATCGTTTAGG,Ngn3 high EP
ACCCACTCATACCATG,Pre-endocrine
ACCCACTGTGTCAATC,Ductal
ACCCACTTCGGTTCGG,Ductal
ACCCACTTCTGAGGGA,Pre-endocrine
ACCGTAAAGTTGTAGA,Ductal
ACCGTAACAAGGTTCT,Beta
ACCGTAAGTCTAGTGT,Ngn3 high EP
ACCGTAAGTTATCACG,Ductal
ACCGTAATCTATCCCG,Ductal
ACCTTTAAGGCAAAGA,Ductal
ACCTTTACAACTTGAC,Ductal
ACCTTTAGTAGCACGA,Beta
ACCTTTAGTCATATCG,Pre-endocrine
ACCTTTATCCGCTGTT,Alpha
ACCTTTATCCTGCAGG,Alpha
ACGAGCCAGTTCGCAT,Pre-endocrine
ACGAGCCCACCTTGTC,Ngn3 high EP
ACGAGCCCACTCTGTC,Ductal
ACGAGCCCAGTGGGAT,Alpha
ACGAGCCCATGAGCGA,Beta
ACGAGCCCATGCAATC,Ngn3 high EP
ACGAGCCGTAGCGATG,Epsilon
ACGAGCCGTGACTACT,Ductal
ACGAGGAAGTTACCCA,Ngn3 low EP
ACGAGGACACGACTCG,Ductal
ACGAGGACATGGTTGT,Alpha
ACGAGGATCAATCTCT,Beta
ACGAGGATCATCACCC,Beta
ACGAGGATCGCCGTGA,Pre-endocrine
ACGATACAGATGAGAG,Alpha
ACGATACAGGGTCGAT,Ngn3 high EP
ACGATACAGTCATCCA,Epsilon
ACGATACCACAGGCCT,Beta
ACGATACGTGAGGGAG,Ngn3 high EP
ACGATACTCATTCACT,Delta
ACGATACTCGCGCCAA,Alpha
ACGATGTAGAGTGAGA,Ngn3 high EP
ACGATGTAGCGACGTA,Ductal
ACGATGTGTAACGTTC,Ngn3 low EP
ACGATGTGTCACTTCC,Ngn3 high EP
ACGATGTGTCGCGGTT,Beta
ACGATGTTCGCAGGCT,Pre-endocrine
ACGATGTTCGCTTGTC,Ngn3 high EP
ACGATGTTCTGCTGCT,Ngn3 high EP
ACGCAGCCAATCCGAT,Alpha
ACGCAGCCACCTATCC,Ductal
ACGCAGCCATTCTCAT,Pre-endocrine
ACGCAGCGTAATCACC,Ngn3 high EP
ACGCAGCGTCAACTGT,Pre-endocrine
ACGCAGCGTGGCTCCA,Beta
ACGCAGCGTTCATGGT,Epsilon
ACGCCAGAGGAACTGC,Ngn3 high EP
ACGCCAGAGTGGACGT,Pre-endocrine
ACGCCAGCACCATCCT,Ngn3 low EP
ACGCCAGGTTACAGAA,Alpha
ACGCCAGGTTCTGAAC,Ductal
ACGCCAGTCCCAAGTA,Ngn3 high EP
ACGCCAGTCCGCTGTT,Ngn3 high EP
ACGCCGAAGAGGGATA,Ngn3 low EP
ACGCCGAAGCTTCGCG,Alpha
ACGCCGAAGGGTGTTG,Beta
ACGCCGAGTTTGCATG,Beta
ACGGAGACATTGGTAC,Ngn3 low EP
ACGGCCAAGTGGACGT,Pre-endocrine
ACGGCCACACGCTTTC,Ductal
ACGGCCACACGTGAGA,Ductal
ACGGCCAGTCAAACTC,Ngn3 low EP
ACGGCCAGTTGTCTTT,Ngn3 high EP
ACGGCCAGTTTAAGCC,Beta
ACGGGCTAGACTTGAA,Pre-endocrine
ACGGGCTAGAGTACAT,Ngn3 high EP
ACGGGCTAGAGTGAGA,Ductal
ACGGGCTAGGGTCTCC,Ductal
ACGGGCTGTGCGATAG,Ductal
ACGGGTCAGATGGCGT,Pre-endocrine
ACGGGTCAGGGTGTTG,Ductal
ACGGGTCAGTGCTGCC,Beta
ACGGGTCCATGATCCA,Ngn3 high EP
ACGGGTCTCTATCGCC,Ductal
ACGTCAAAGGTGTTAA,Beta
ACGTCAAAGTGTCTCA,Ngn3 high EP
ACGTCAACACCCAGTG,Pre-endocrine
ACGTCAACACGGTGTC,Ductal
ACGTCAACACTGCCAG,Ductal
ACGTCAACAGACAAAT,Ductal
ACGTCAAGTACAGTTC,Delta
ACGTCAAGTCTAGCCG,Pre-endocrine
ACGTCAATCGTCCGTT,Pre-endocrine
ACTATCTAGGCGTACA,Ductal
ACTATCTAGGTAGCCA,Ductal
ACTATCTGTCAGGACA,Beta
ACTATCTGTGTGACCC,Pre-endocrine
ACTATCTTCAAGATCC,Pre-endocrine
ACTATCTTCATGTAGC,Beta
ACTATCTTCTGCTGTC,Beta
ACTGAACAGAGTCTGG,Epsilon
ACTGAACAGCCTCGTG,Ductal
ACTGAACAGCGTAATA,Alpha
ACTGAACAGTACATGA,Ductal
ACTGAACCACGTTGGC,Pre-endocrine
ACTGAACCATTCACTT,Alpha
ACTGAACTCTAGCACA,Epsilon
ACTGAACTCTCGCTTG,Ductal
ACTGAGTAGCGTTCCG,Beta
ACTGAGTAGGCTAGGT,Ductal
ACTGAGTAGTGACTCT,Ductal
ACTGAGTAGTGTGAAT,Ductal
ACTGAGTCATCCTAGA,Beta
ACTGAGTGTACATGTC,Ductal
ACTGAGTGTAGCTAAA,Ngn3 low EP
ACTGAGTGTCTTCAAG,Pre-endocrine
ACTGAGTGTTTCGCTC,Ductal
ACTGAGTTCAGCACAT,Epsilon
ACTGAGTTCGCATGAT,Pre-endocrine
ACTGATGAGATCTGAA,Beta
ACTGATGAGCTAGTGG,Ngn3 high EP
ACTGATGAGTGCAAGC,Ductal
ACTGATGCAAGAGTCG,Ngn3 high EP
ACTGATGCACATGACT,Beta
ACTGATGCACTTGGAT,Pre-endocrine
ACTGATGCAGTATCTG,Beta
ACTGATGCATCAGTAC,Ngn3 high EP
ACTGATGCATGGTCTA,Alpha
ACTGATGCATGTCTCC,Pre-endocrine
ACTGATGGTCCGACGT,Beta
ACTGATGGTCGACTGC,Ngn3 high EP
ACTGATGGTGAGGGTT,Ductal
ACTGATGGTTCCTCCA,Alpha
ACTGATGTCCCTAACC,Ngn3 low EP
ACTGATGTCTAGAGTC,Pre-endocrine
ACTGATGTCTGCGACG,Ngn3 high EP
ACTGCTCAGATATGCA,Ngn3 low EP
ACTGCTCAGGTGTTAA,Pre-endocrine
ACTGCTCAGTCTCCTC,Ngn3 high EP
ACTGCTCAGTGTCCCG,Ngn3 low EP
ACTGCTCAGTTACCCA,Alpha
ACTGCTCCAAGAAGAG,Ngn3 high EP
ACTGCTCCACGGTTTA,Ductal
ACTGCTCGTCCTAGCG,Ngn3 high EP
ACTGCTCTCAGAGCTT,Pre-endocrine
ACTGTCCAGCAATCTC,Alpha
ACTGTCCAGGACTGGT,Ngn3 high EP
ACTGTCCAGGTTCCTA,Ductal
ACTGTCCCACGTAAGG,Pre-endocrine
ACTGTCCCAGCTGTGC,Epsilon
ACTGTCCCAGTTTACG,Pre-endocrine
ACTGTCCGTATATGGA,Pre-endocrine
ACTGTCCGTGCGATAG,Ductal
ACTGTCCTCGCTAGCG,Ngn3 high EP
ACTTACTAGAAACCTA,Ductal
ACTTACTAGAGGGCTT,Ngn3 high EP
ACTTACTAGCCGGTAA,Ngn3 low EP
ACTTACTAGCGCTTAT,Ductal
ACTTACTCAATACGCT,Ngn3 high EP
ACTTACTCAATCAGAA,Ngn3 high EP
ACTTACTCACATGTGT,Beta
ACTTACTCACCGTTGG,Beta
ACTTACTGTTAGAACA,Ductal
ACTTACTGTTTGGGCC,Ngn3 high EP
ACTTACTTCCAATGGT,Ngn3 low EP
ACTTGTTAGCAAATCA,Ductal
ACTTGTTAGCGTTGCC,Ductal
ACTTGTTAGGCTCATT,Beta
ACTTGTTAGTGAAGTT,Beta
ACTTGTTAGTTAAGTG,Epsilon
ACTTGTTCATGGTCAT,Beta
ACTTGTTTCACCCGAG,Beta
ACTTGTTTCATATCGG,Ngn3 high EP
ACTTGTTTCCATGAGT,Pre-endocrine
ACTTTCAAGACAAGCC,Alpha
ACTTTCAAGACACTAA,Alpha
ACTTTCAAGGATATAC,Ductal
ACTTTCAAGGTGATTA,Pre-endocrine
ACTTTCACAACTGCTA,Ngn3 high EP
ACTTTCACAGTCACTA,Pre-endocrine
ACTTTCATCACAAACC,Ngn3 high EP
ACTTTCATCAGAGCTT,Alpha
ACTTTCATCTACCTGC,Ductal
AGAATAGAGTGTACCT,Ductal
AGAATAGCAATCACAC,Epsilon
AGAATAGCACGCTTTC,Ngn3 low EP
AGAATAGCAGTACACT,Ductal
AGAATAGGTAGTACCT,Beta
AGAATAGGTCCGTTAA,Pre-endocrine
AGAATAGGTCTCTCTG,Beta
AGAATAGTCCTATTCA,Ductal
AGACGTTAGAGGACGG,Ductal
AGACGTTAGAGTAAGG,Alpha
AGACGTTAGCCGATTT,Alpha
AGACGTTAGCTAGTCT,Alpha
AGACGTTCAATGGTCT,Beta
AGACGTTCACCACGTG,Ngn3 low EP
AGACGTTTCGAGCCCA,Ngn3 high EP
AGACGTTTCTTACCTA,Ngn3 low EP
AGAGCGAAGGAGCGTT,Epsilon
AGAGCGAAGGAGTAGA,Beta
AGAGCGAAGTAGATGT,Ductal
AGAGCGACACAACTGT,Ngn3 high EP
AGAGCGACACGGCCAT,Ductal
AGAGCGACAGTAAGAT,Epsilon
AGAGCGAGTTGGACCC,Ductal
AGAGCGATCTCTTGAT,Ductal
AGAGCTTAGATCCGAG,Ductal
AGAGCTTAGCCGATTT,Ductal
AGAGCTTAGGTTACCT,Ngn3 high EP
AGAGCTTCATTCGACA,Epsilon
AGAGCTTGTGTGACCC,Ductal
AGAGCTTGTTAAAGAC,Ductal
AGAGCTTTCTACTATC,Beta
AGAGCTTTCTTGAGGT,Ngn3 high EP
AGAGTGGAGGCGATAC,Beta
AGAGTGGCACCTCGGA,Pre-endocrine
AGAGTGGGTAGCACGA,Ductal
AGAGTGGGTCACCTAA,Ngn3 low EP
AGAGTGGGTTCTGTTT,Alpha
AGAGTGGTCATTGCCC,Alpha
AGAGTGGTCCCTAACC,Ngn3 high EP
AGAGTGGTCGGCATCG,Ngn3 high EP
AGATCTGAGTTTCCTT,Ductal
AGATCTGCACCAGGTC,Pre-endocrine
AGATCTGGTTCGGCAC,Epsilon
AGATCTGTCCGTCAAA,Pre-endocrine
AGATCTGTCGATCCCT,Beta
AGATTGCAGCGTGTCC,Alpha
AGATTGCAGCTAGTCT,Ductal
AGATTGCAGCTGTCTA,Ductal
AGATTGCAGTTCCACA,Ngn3 high EP
AGATTGCCACAAGCCC,Pre-endocrine
AGATTGCCACCAGGCT,Ductal
AGATTGCCATTCCTGC,Beta
AGATTGCGTCTGGAGA,Ductal
AGATTGCGTGGTCCGT,Ngn3 high EP
AGATTGCTCCAGTAGT,Pre-endocrine
AGATTGCTCCATGAGT,Ngn3 low EP
AGATTGCTCGCCCTTA,Ductal
AGCAGCCCAAGTCATC,Ngn3 high EP
AGCAGCCCAGGAATGC,Ductal
AGCAGCCGTCAACATC,Ngn3 high EP
AGCAGCCGTCGAACAG,Ngn3 high EP
AGCAGCCGTCGCATCG,Ngn3 high EP
AGCAGCCGTGTAACGG,Ngn3 high EP
AGCAGCCGTGTTCGAT,Ngn3 low EP
AGCAGCCTCTTCTGGC,Beta
AGCAGCCTCTTTAGTC,Ngn3 low EP
AGCATACAGGGTCGAT,Ductal
AGCATACCAATGCCAT,Ngn3 high EP
AGCATACCACAGCCCA,Epsilon
AGCATACGTCAAGCGA,Ngn3 high EP
AGCATACGTCCGCTGA,Beta
AGCATACGTCGCGAAA,Epsilon
AGCATACGTGAAATCA,Pre-endocrine
AGCATACTCGTAGGTT,Ngn3 high EP
AGCCTAAAGCCCAACC,Ductal
AGCCTAAAGTTGTAGA,Beta
AGCCTAAGTCTAAACC,Ductal
AGCCTAAGTCTAGCGC,Ngn3 high EP
AGCCTAAGTTCCATGA,Pre-endocrine
AGCGGTCCACTTGGAT,Ngn3 low EP
AGCGGTCCATAACCTG,Ngn3 high EP
AGCGGTCCATCATCCC,Ductal
AGCGGTCGTACCGAGA,Ngn3 high EP
AGCGGTCGTCGAATCT,Ngn3 high EP
AGCGGTCGTGTATGGG,Ductal
AGCGGTCTCAAAGACA,Alpha
AGCGGTCTCCTCTAGC,Ngn3 low EP
AGCGGTCTCTAACTCT,Ngn3 high EP
AGCGTATAGAATGTTG,Beta
AGCGTATCACGAGGTA,Alpha
AGCGTATCAGACTCGC,Ductal
AGCGTATCATCTCCCA,Ngn3 high EP
AGCGTATTCGTCTGCT,Pre-endocrine
AGCGTATTCTCGTATT,Delta
AGCGTATTCTGCTGTC,Pre-endocrine
AGCGTCGAGTACACCT,Ductal
AGCGTCGCACAGGCCT,Ngn3 high EP
AGCGTCGCACGCCAGT,Beta
AGCGTCGTCCCTAATT,Ductal
AGCTCCTAGAAACCGC,Ductal
AGCTCCTAGTACACCT,Ngn3 low EP
AGCTCCTCAAGAAGAG,Beta
AGCTCCTCACTATCTT,Epsilon
AGCTCCTCAGTTTACG,Pre-endocrine
AGCTCCTGTAGAGTGC,Ngn3 low EP
AGCTCCTGTGTGCCTG,Ductal
AGCTCCTTCAATACCG,Ngn3 high EP
AGCTCCTTCATGTCCC,Alpha
AGCTCCTTCGAATGCT,Ductal
AGCTCCTTCGCCCTTA,Pre-endocrine
AGCTCTCAGACATAAC,Pre-endocrine
AGCTCTCAGCGTGAGT,Pre-endocrine
AGCTCTCGTCGCTTCT,Alpha
AGCTCTCGTTCAGTAC,Delta
AGCTCTCTCAACACGT,Ductal
AGCTCTCTCCTGCTTG,Ngn3 high EP
AGCTCTCTCGCCTGAG,Ductal
AGCTTGAAGACACGAC,Ngn3 high EP
AGCTTGAAGAGTGACC,Beta
AGCTTGAAGGTGATAT,Ductal
AGCTTGACAATAGAGT,Ngn3 low EP
AGCTTGACAGTAAGAT,Ductal
AGCTTGACATCTATGG,Beta
AGCTTGAGTCAAAGAT,Ngn3 high EP
AGCTTGAGTGCAGTAG,Beta
AGCTTGATCAACACGT,Ngn3 high EP
AGCTTGATCCCACTTG,Ductal
AGCTTGATCTGACCTC,Ductal
AGCTTGATCTTGCCGT,Beta
AGGCCACAGAAGAAGC,Ngn3 low EP
AGGCCACAGCTGTCTA,Ngn3 low EP
AGGCCACCAACTGCGC,Alpha
AGGCCACCACCACGTG,Alpha
AGGCCACCACCTATCC,Ductal
AGGCCACCACGAAGCA,Epsilon
AGGCCACCATGACATC,Beta
AGGCCACCATGTCTCC,Ngn3 high EP
AGGCCACGTAGAAAGG,Beta
AGGCCACTCTCGAGTA,Beta
AGGCCGTAGAGGACGG,Ngn3 low EP
AGGCCGTCACGACGAA,Ngn3 high EP
AGGCCGTCACGGTGTC,Beta
AGGCCGTGTACCAGTT,Ngn3 low EP
AGGCCGTGTACTCGCG,Ngn3 high EP
AGGCCGTGTGAAATCA,Ductal
AGGGAGTAGAGGTAGA,Ngn3 low EP
AGGGAGTAGCTAGCCC,Pre-endocrine
AGGGAGTAGGGTATCG,Ngn3 high EP
AGGGAGTAGGTCATCT,Alpha
AGGGAGTAGTGTCTCA,Ductal
AGGGAGTCAAGCCATT,Ductal
AGGGAGTCACCGAATT,Ngn3 low EP
AGGGAGTCATGGTAGG,Ngn3 high EP
AGGGAGTGTAATAGCA,Alpha
AGGGAGTGTCTTCTCG,Pre-endocrine
AGGGAGTGTGTAAGTA,Ngn3 high EP
AGGGAGTTCACAACGT,Ductal
AGGGAGTTCACCACCT,Beta
AGGGAGTTCCTCAATT,Beta
AGGGAGTTCGGAGGTA,Alpha
AGGGATGAGAAAGTGG,Ductal
AGGGATGAGCGTGAGT,Pre-endocrine
AGGGATGGTCGACTGC,Alpha
AGGGATGGTGACAAAT,Beta
AGGGATGGTGATGTGG,Ductal
AGGGATGGTTAGGGTG,Ngn3 high EP
AGGGATGTCGCATGAT,Beta
AGGGATGTCGCATGGC,Ngn3 high EP
AGGGTGAAGGTGCAAC,Beta
AGGGTGACAGCGTTCG,Pre-endocrine
AGGGTGACATTAACCG,Ngn3 low EP
AGGGTGAGTCGCATAT,Pre-endocrine
AGGGTGAGTGCGAAAC,Epsilon
AGGGTGATCCGCGGTA,Ngn3 high EP
AGGTCATAGGCGCTCT,Alpha
AGGTCATCACTTCTGC,Alpha
AGGTCATCATTTCACT,Beta
AGGTCATGTCCAGTAT,Ngn3 high EP
AGGTCATGTCTCCCTA,Alpha
AGGTCATGTGCACTTA,Pre-endocrine
AGGTCATGTTTAGGAA,Pre-endocrine
AGGTCATTCTGCGTAA,Ngn3 high EP
AGGTCATTCTGGTATG,Epsilon
AGGTCCGAGCGCTCCA,Beta
AGGTCCGAGGCAGTCA,Ductal
AGGTCCGAGTTACCCA,Ngn3 high EP
AGGTCCGCAATTCCTT,Epsilon
AGGTCCGCATCGGACC,Ductal
AGGTCCGTCCCACTTG,Beta
AGGTCCGTCCTGCAGG,Ductal
AGTAGTCAGCGTTCCG,Ngn3 high EP
AGTAGTCCACATGACT,Ngn3 low EP
AGTAGTCGTAGTGAAT,Beta
AGTAGTCGTATAGGTA,Ductal
AGTAGTCGTATCAGTC,Pre-endocrine
AGTAGTCGTATCTGCA,Ductal
AGTAGTCGTCAGTGGA,Pre-endocrine
AGTAGTCGTCGCGTGT,Alpha
AGTAGTCGTGAGGGAG,Beta
AGTAGTCGTTCTGTTT,Ductal
AGTAGTCTCACAACGT,Beta
AGTCTTTAGTCTCGGC,Alpha
AGTCTTTCAAGCGCTC,Alpha
AGTCTTTCACCAGGTC,Ductal
AGTCTTTCACGGACAA,Alpha
AGTCTTTGTCTAAACC,Pre-endocrine
AGTCTTTGTCTCGTTC,Alpha
AGTCTTTGTTACGGAG,Beta
AGTCTTTGTTCGAATC,Ngn3 high EP
AGTCTTTGTTTAGGAA,Ngn3 high EP
AGTCTTTTCGTACGGC,Ngn3 high EP
AGTCTTTTCTGCCAGG,Ngn3 low EP
AGTCTTTTCTTACCGC,Ductal
AGTGAGGAGAGTACCG,Ductal
AGTGAGGAGGGAAACA,Ngn3 high EP
AGTGAGGAGGGTCGAT,Ngn3 low EP
AGTGAGGGTGGCGAAT,Ngn3 high EP
AGTGAGGGTTACGGAG,Ductal
AGTGAGGGTTATTCTC,Alpha
AGTGAGGTCGTCTGCT,Ductal
AGTGAGGTCTCCAACC,Beta
AGTGAGGTCTGTTGAG,Pre-endocrine
AGTGGGAAGTACCGGA,Epsilon
AGTGGGAAGTAGGCCA,Alpha
AGTGGGACACACCGAC,Ductal
AGTGGGACAGGTCGTC,Beta
AGTGGGACAGTATCTG,Pre-endocrine
AGTGGGAGTGGCAAAC,Pre-endocrine
AGTGGGAGTGGTCCGT,Ngn3 low EP
AGTGGGATCAACTCTT,Ngn3 high EP
AGTGGGATCACTCTTA,Ductal
AGTGTCAAGTACCGGA,Epsilon
AGTGTCACACCAGGTC,Pre-endocrine
AGTGTCACATAGTAAG,Delta
AGTGTCAGTCCGAACC,Ductal
AGTGTCATCCCTTGTG,Pre-endocrine
AGTGTCATCGCCGTGA,Pre-endocrine
AGTTGGTAGAGCCTAG,Alpha
AGTTGGTAGCGCCTCA,Pre-endocrine
AGTTGGTAGCGTCAAG,Ngn3 high EP
AGTTGGTAGGAACTGC,Alpha
AGTTGGTCAAACAACA,Ngn3 low EP
AGTTGGTCAGATTGCT,Ngn3 high EP
AGTTGGTGTCGCATCG,Ngn3 high EP
AGTTGGTGTTGTCGCG,Pre-endocrine
AGTTGGTTCACATAGC,Ngn3 high EP
ATAACGCAGCGTGAGT,Ngn3 high EP
ATAACGCCAAGGTTCT,Alpha
ATAACGCCACACTGCG,Delta
ATAACGCCACCGCTAG,Ngn3 high EP
ATAACGCTCCTAGTGA,Ductal
ATAACGCTCGATAGAA,Ductal
ATAACGCTCGCCAAAT,Pre-endocrine
ATAACGCTCGGAGGTA,Pre-endocrine
ATAAGAGAGAGCTTCT,Ductal
ATAAGAGAGAGTAATC,Ductal
ATAAGAGCAGTCTTCC,Pre-endocrine
ATAAGAGCATCGATTG,Ductal
ATAAGAGGTGCTAGCC,Pre-endocrine
ATAAGAGTCCACGTTC,Ductal
ATAAGAGTCCGAACGC,Ductal
ATAGACCAGCGTGTCC,Alpha
ATAGACCAGTGATCGG,Alpha
ATAGACCCAGGGAGAG,Ductal
ATAGACCGTCGACTGC,Ngn3 high EP
ATAGACCTCCGTAGTA,Ngn3 high EP
ATAGACCTCTAACTGG,Ductal
ATAGACCTCTGATACG,Pre-endocrine
ATAGACCTCTGGTGTA,Ductal
ATAGACCTCTTGAGAC,Alpha
ATCACGACAAGCCGTC,Ductal
ATCACGACAAGTACCT,Ngn3 high EP
ATCACGACAGCCTATA,Pre-endocrine
ATCACGACAGCTGTTA,Ngn3 low EP
ATCACGAGTGCACCAC,Beta
ATCACGATCACGGTTA,Beta
ATCACGATCAGGATCT,Beta
ATCACGATCGGTCCGA,Epsilon
ATCATCTAGATCCCGC,Epsilon
ATCATCTAGATCCTGT,Alpha
ATCATCTAGGCCCTTG,Ngn3 high EP
ATCATCTAGTGATCGG,Ductal
ATCATCTCACGTCTCT,Beta
ATCATCTCAGCATGAG,Alpha
ATCATCTCATAAGACA,Beta
ATCATCTGTAGGACAC,Delta
ATCATCTGTGTTTGTG,Delta
ATCATCTTCAAAGACA,Ductal
ATCATCTTCAGTCCCT,Pre-endocrine
ATCATCTTCATAACCG,Ductal
ATCATCTTCTGTCAAG,Ductal
ATCATGGAGAGTAAGG,Alpha
ATCATGGAGGAATGGA,Alpha
ATCATGGAGTACGTAA,Beta
ATCATGGCAATAGCAA,Pre-endocrine
ATCATGGCAGCTATTG,Ductal
ATCATGGCAGCTGTGC,Beta
ATCATGGGTATTCGTG,Alpha
ATCATGGGTCCGCTGA,Ngn3 high EP
ATCATGGGTGATGTGG,Ngn3 high EP
ATCATGGGTTCTCATT,Alpha
ATCATGGTCCAGAGGA,Ductal
ATCCACCAGAGCCTAG,Beta
ATCCACCCAGCTCGCA,Beta
ATCCACCCAGTCTTCC,Ngn3 high EP
ATCCACCGTACCATCA,Ductal
ATCCACCTCAGCTCTC,Ductal
ATCCACCTCATGCAAC,Alpha
ATCCACCTCCTTTCTC,Beta
ATCCGAAAGATGTAAC,Pre-endocrine
ATCCGAACACGGTAGA,Ductal
ATCCGAAGTACACCGC,Pre-endocrine
ATCCGAAGTAGCTGCC,Ductal
ATCCGAAGTCCGAATT,Ductal
ATCCGAAGTGACTCAT,Ductal
ATCCGAAGTGTGCGTC,Alpha
ATCCGAATCAACTCTT,Pre-endocrine
ATCGAGTCAAGCGAGT,Beta
ATCGAGTTCTACTTAC,Ngn3 high EP
ATCTACTAGCTTTGGT,Beta
ATCTACTCAGGGAGAG,Ngn3 high EP
ATCTACTGTGAACCTT,Ngn3 high EP
ATCTACTTCACCTTAT,Beta
ATCTGCCCAATCCGAT,Delta
ATCTGCCCACGTCTCT,Ngn3 high EP
ATCTGCCCATGTTGAC,Beta
ATCTGCCGTATTAGCC,Ngn3 low EP
ATCTGCCGTCAGAAGC,Alpha
ATCTGCCGTCATATGC,Pre-endocrine
ATCTGCCTCACGCGGT,Pre-endocrine
ATCTGCCTCCACGAAT,Alpha
ATCTGCCTCCCTGACT,Alpha
ATCTGCCTCTGCAAGT,Beta
ATGAGGGCAAGGTTTC,Beta
ATGAGGGCATACGCTA,Ductal
ATGAGGGGTGGTACAG,Beta
ATGAGGGGTTACGCGC,Pre-endocrine
ATGAGGGGTTCTGGTA,Ngn3 high EP
ATGAGGGGTTTAGGAA,Ngn3 high EP
ATGAGGGTCTTGACGA,Pre-endocrine
ATGCGATAGAAACGAG,Pre-endocrine
ATGCGATAGACCACGA,Pre-endocrine
ATGCGATGTTACTGAC,Ngn3 high EP
ATGCGATTCGCGTAGC,Alpha
ATGCGATTCGTTACGA,Beta
ATGGGAGAGGATGCGT,Ngn3 high EP
ATGGGAGCAGCCTTGG,Pre-endocrine
ATGGGAGCAGCGATCC,Pre-endocrine
ATGGGAGCATGGATGG,Ngn3 high EP
ATGGGAGTCCGAATGT,Ductal
ATGGGAGTCGGTTCGG,Ngn3 low EP
ATGTGTGAGCTTTGGT,Alpha
ATGTGTGAGGAATTAC,Epsilon
ATGTGTGAGTACGCGA,Alpha
ATGTGTGAGTTTGCGT,Pre-endocrine
ATGTGTGCACAAGTAA,Ngn3 high EP
ATGTGTGCACCGGAAA,Pre-endocrine
ATGTGTGCAGCGTCCA,Beta
ATGTGTGCATGGGACA,Alpha
ATGTGTGTCAAAGACA,Ngn3 high EP
ATGTGTGTCAACCATG,Beta
ATTACTCAGATAGCAT,Ductal
ATTACTCAGATGGGTC,Ngn3 high EP
ATTACTCAGTTGCAGG,Ductal
ATTACTCCAATGGACG,Ductal
ATTACTCTCAGGCGAA,Ductal
ATTACTCTCTGCCAGG,Alpha
ATTATCCAGAAACCTA,Ngn3 high EP
ATTATCCAGACCCACC,Ngn3 high EP
ATTATCCAGAGATGAG,Pre-endocrine
ATTATCCAGGACATTA,Beta
ATTATCCAGTGAACAT,Ductal
ATTATCCCAACTGCTA,Ngn3 high EP
ATTATCCCAAGGTTCT,Ductal
ATTATCCCATCCTTGC,Ductal
ATTATCCGTATAAACG,Alpha
ATTATCCTCCTTTACA,Ngn3 high EP
ATTCTACCACGGTAAG,Ngn3 high EP
ATTCTACCATCCGCGA,Ductal
ATTCTACGTTTAGGAA,Beta
ATTCTACTCAGGTAAA,Ductal
ATTCTACTCTAGCACA,Beta
ATTGGACAGGCCCGTT,Ngn3 high EP
ATTGGACAGTAATCCC,Ngn3 low EP
ATTGGACAGTCAAGGC,Ductal
ATTGGACGTAATCACC,Ductal
ATTGGACGTATGAAAC,Ngn3 low EP
ATTGGACGTTACGACT,Pre-endocrine
ATTGGTGAGAGCTGCA,Ngn3 high EP
ATTGGTGAGTACGACG,Alpha
ATTGGTGCACTGCCAG,Ngn3 low EP
ATTGGTGCAGCGAACA,Pre-endocrine
ATTGGTGGTACTTGAC,Ductal
ATTGGTGGTCTTCTCG,Pre-endocrine
ATTGGTGTCCAGTATG,Ductal
ATTTCTGAGAAGATTC,Pre-endocrine
ATTTCTGAGTGACATA,Ductal
ATTTCTGCACTTCGAA,Pre-endocrine
ATTTCTGCATGCCTTC,Delta
ATTTCTGGTAGTGAAT,Ngn3 low EP
ATTTCTGTCCCTGACT,Alpha
ATTTCTGTCCGGGTGT,Ngn3 high EP
ATTTCTGTCGGCGCTA,Ngn3 high EP
CAACCAAAGCGTTCCG,Pre-endocrine
CAACCAACAACCGCCA,Beta
CAACCAACAACGATCT,Ductal
CAACCAACACCTCGTT,Ngn3 high EP
CAACCAAGTATCAGTC,Beta
CAACCAATCGGGAGTA,Ductal
CAACCTCAGCGTGAAC,Ngn3 high EP
CAACCTCCATTACCTT,Beta
CAACCTCGTCTAAACC,Pre-endocrine
CAACCTCTCCGTACAA,Ductal
CAACCTCTCGACCAGC,Ductal
CAACCTCTCGTCACGG,Ductal
CAACCTCTCTCTGTCG,Alpha
CAACTAGAGCAGGTCA,Beta
CAACTAGAGCTTCGCG,Ductal
CAACTAGCAAAGTGCG,Epsilon
CAACTAGCAAGCCGTC,Ngn3 high EP
CAACTAGTCAAACGGG,Ductal
CAACTAGTCTCTGAGA,Beta
CAAGAAAAGACTAAGT,Alpha
CAAGAAAAGAGTACCG,Ngn3 high EP
CAAGAAACACTAGTAC,Pre-endocrine
CAAGAAATCACAGTAC,Ductal
CAAGAAATCGTACCGG,Ductal
CAAGATCCATCGATTG,Alpha
CAAGATCGTACCCAAT,Beta
CAAGATCTCTCAAGTG,Pre-endocrine
CAAGGCCAGACGACGT,Pre-endocrine
CAAGGCCAGCTGTTCA,Ductal
CAAGGCCAGTGTGGCA,Ductal
CAAGGCCAGTTGCAGG,Ductal
CAAGGCCCAAAGCGGT,Ductal
CAAGGCCCAAGAAAGG,Beta
CAAGGCCCACATTTCT,Ngn3 high EP
CAAGGCCTCAGTGCAT,Alpha
CAAGGCCTCGCGTAGC,Ductal
CAAGGCCTCGTACCGG,Ngn3 low EP
CAAGGCCTCTCAACTT,Pre-endocrine
CAAGGCCTCTTACCTA,Beta
CAAGTTGAGACCGGAT,Ductal
CAAGTTGAGCAGATCG,Pre-endocrine
CAAGTTGAGGCCATAG,Ngn3 high EP
CAAGTTGAGTACGATA,Alpha
CAAGTTGCAAGACGTG,Ngn3 high EP
CAAGTTGGTGTGCCTG,Pre-endocrine
CAAGTTGTCAACACGT,Alpha
CAAGTTGTCGCAGGCT,Ngn3 high EP
CAAGTTGTCGTCCGTT,Pre-endocrine
CAAGTTGTCTAACTGG,Pre-endocrine
CAAGTTGTCTGCTGCT,Ductal
CAAGTTGTCTGGTTCC,Alpha
CACAAACAGTAGCGGT,Ngn3 high EP
CACAAACCACGAAAGC,Beta
CACAAACCACGAAATA,Ductal
CACAAACTCACAGTAC,Ductal
CACACAAAGCTCCCAG,Ngn3 low EP
CACACAACACACTGCG,Ductal
CACACAACAGCCAGAA,Ductal
CACACAACAGGACCCT,Ductal
CACACAAGTTAAGAAC,Ngn3 high EP
CACACAATCAGAGGTG,Ductal
CACACCTCACGGATAG,Alpha
CACACCTCACTGCCAG,Alpha
CACACCTCATTGTGCA,Ngn3 high EP
CACACCTGTACATGTC,Beta
CACACCTGTCATGCAT,Delta
CACACCTGTCGCTTTC,Ngn3 high EP
CACACCTGTTATCCGA,Pre-endocrine
CACACCTTCGATCCCT,Beta
CACACCTTCGCCATAA,Ngn3 low EP
CACACCTTCGTAGGAG,Epsilon
CACACCTTCTGGCGTG,Ngn3 high EP
CACACTCAGATCCCAT,Ductal
CACACTCAGGCGCTCT,Ductal
CACACTCCATCTATGG,Pre-endocrine
CACACTCGTAGGGTAC,Ngn3 high EP
CACACTCGTGCAGACA,Ductal
CACACTCTCAACCAAC,Ductal
CACACTCTCATGTGGT,Ngn3 low EP
CACAGGCAGCAATCTC,Ductal
CACAGGCCAAGGCTCC,Pre-endocrine
CACAGGCCACGTCAGC,Alpha
CACAGGCTCAAGATCC,Beta
CACAGTAAGCCGGTAA,Ductal
CACAGTACATCCGTGG,Beta
CACAGTACATCTACGA,Ngn3 high EP
CACAGTAGTACTCAAC,Ngn3 high EP
CACAGTAGTGCACTTA,Alpha
CACAGTAGTTCCTCCA,Ductal
CACAGTATCAGAGGTG,Ductal
CACAGTATCCTCCTAG,Ductal
CACAGTATCGCGGATC,Ductal
CACAGTATCTTAGAGC,Ductal
CACATAGAGCGTGTCC,Ductal
CACATAGAGGGAAACA,Alpha
CACATAGAGTGACTCT,Ductal
CACATAGCAAGGACAC,Ngn3 low EP
CACATAGGTGGTTTCA,Ductal
CACATAGTCATTGCGA,Beta
CACATAGTCCATTCTA,Alpha
CACATAGTCCCTAACC,Ngn3 high EP
CACATTTAGATTACCC,Pre-endocrine
CACATTTAGGGTTCCC,Ductal
CACATTTCAATCCGAT,Pre-endocrine
CACATTTGTATAGTAG,Ngn3 high EP
CACATTTGTTTCGCTC,Ductal
CACATTTTCGAGGTAG,Beta
CACATTTTCGCAGGCT,Ductal
CACCACTAGCGATCCC,Alpha
CACCACTCAATCTACG,Alpha
CACCACTCACCTCGTT,Pre-endocrine
CACCACTCACGAAATA,Alpha
CACCACTGTACAGTGG,Beta
CACCACTGTCGGCTCA,Ductal
CACCACTGTGTGTGCC,Pre-endocrine
CACCACTTCAGCTTAG,Ngn3 high EP
CACCAGGAGCGGCTTC,Beta
CACCAGGAGTGTTGAA,Ngn3 high EP
CACCAGGCACATAACC,Ductal
CACCAGGCATAAAGGT,Pre-endocrine
CACCAGGGTACCTACA,Ductal
CACCAGGTCTCCGGTT,Delta
CACCTTGAGAGTAATC,Ductal
CACCTTGAGTCCTCCT,Beta
CACCTTGGTTAAGATG,Ductal
CACCTTGTCGCGTTTC,Beta
CACCTTGTCGTGGTCG,Ngn3 high EP
CACTCCAAGATGTTAG,Ductal
CACTCCACAGATCTGT,Ductal
CACTCCACATATGGTC,Ductal
CACTCCACATCGTCGG,Alpha
CACTCCATCAACACAC,Beta
CACTCCATCCACGCAG,Pre-endocrine
CACTCCATCGCAAGCC,Ngn3 high EP
CAGAATCAGTTGTAGA,Beta
CAGAATCCACAAGCCC,Beta
CAGAATCCACCCATGG,Epsilon
CAGAATCCACGCATCG,Ductal
CAGAATCCATCCCACT,Pre-endocrine
CAGAATCCATTGGGCC,Alpha
CAGAATCGTCATTAGC,Ngn3 high EP
CAGAATCGTCGGCTCA,Ngn3 high EP
CAGAATCGTGTAAGTA,Ngn3 low EP
CAGAGAGAGGACCACA,Epsilon
CAGAGAGGTACCGTTA,Pre-endocrine
CAGAGAGGTGTGAATA,Epsilon
CAGAGAGTCACTTATC,Ductal
CAGAGAGTCGGCCGAT,Beta
CAGATCAAGAATGTGT,Epsilon
CAGATCAAGCTGTTCA,Beta
CAGATCACAACCGCCA,Ngn3 high EP
CAGATCATCGGTTAAC,Ductal
CAGATCATCTCGATGA,Ductal
CAGCAGCAGACAAAGG,Ductal
CAGCAGCAGACACGAC,Ductal
CAGCAGCAGAGGACGG,Ductal
CAGCAGCAGAGGTACC,Ngn3 high EP
CAGCAGCAGCCCTAAT,Pre-endocrine
CAGCAGCCACACTGCG,Ductal
CAGCAGCGTACAGCAG,Epsilon
CAGCAGCGTTCACGGC,Ductal
CAGCATAAGACGACGT,Pre-endocrine
CAGCATAAGCCAACAG,Alpha
CAGCATAAGGAGTTGC,Beta
CAGCATACACGAGGTA,Pre-endocrine
CAGCATAGTAATAGCA,Pre-endocrine
CAGCATAGTTGCGCAC,Beta
CAGCATATCAAGATCC,Pre-endocrine
CAGCATATCTTAACCT,Pre-endocrine
CAGCCGAAGAATGTTG,Alpha
CAGCCGAAGCAATATG,Ngn3 high EP
CAGCCGAAGCGATATA,Ductal
CAGCCGAAGTAGGTGC,Ductal
CAGCCGAAGTGACTCT,Ductal
CAGCCGAAGTGTTAGA,Ductal
CAGCCGAGTAGCCTAT,Ngn3 high EP
CAGCCGAGTGGTCCGT,Ngn3 low EP
CAGCCGATCCTATTCA,Ngn3 high EP
CAGCCGATCGTTTATC,Ngn3 high EP
CAGCGACAGATCACGG,Beta
CAGCGACAGGCACATG,Epsilon
CAGCGACCACAGGAGT,Ductal
CAGCGACCACCGTTGG,Ngn3 high EP
CAGCGACCACGACTCG,Ductal
CAGCGACCACGGTGTC,Ductal
CAGCGACCATATGGTC,Ngn3 high EP
CAGCGACTCATGCAAC,Ngn3 low EP
CAGCGACTCCATTCTA,Ductal
CAGCGACTCCGCGCAA,Ngn3 low EP
CAGCTAAAGAGCCCAA,Ductal
CAGCTAAAGAGTACAT,Pre-endocrine
CAGCTAAAGCGCTTAT,Ngn3 high EP
CAGCTAAAGTCCATAC,Ductal
CAGCTAAAGTTTCCTT,Ngn3 high EP
CAGCTAACAACACGCC,Ductal
CAGCTAACAGCTTAAC,Pre-endocrine
CAGCTAACATGCCTAA,Pre-endocrine
CAGCTAAGTACCGAGA,Ngn3 high EP
CAGCTAAGTACGCACC,Alpha
CAGCTGGAGAATAGGG,Ngn3 low EP
CAGCTGGCAAAGAATC,Beta
CAGCTGGCAAGTTGTC,Pre-endocrine
CAGCTGGGTCTAACGT,Pre-endocrine
CAGCTGGGTGGTCTCG,Ngn3 low EP
CAGCTGGGTTCTCATT,Beta
CAGCTGGTCGCCGTGA,Pre-endocrine
CAGGTGCAGACTTGAA,Ductal
CAGGTGCAGCCAGGAT,Beta
CAGGTGCAGCTTCGCG,Beta
CAGGTGCAGTGTGGCA,Ductal
CAGGTGCCATCAGTCA,Pre-endocrine
CAGGTGCGTACAAGTA,Beta
CAGGTGCTCCGCAGTG,Pre-endocrine
CAGTAACAGCCACCTG,Beta
CAGTAACAGCTTCGCG,Ngn3 low EP
CAGTAACAGTGGAGTC,Ngn3 high EP
CAGTAACCAGATGGCA,Ductal
CAGTAACCAGGTCGTC,Ngn3 low EP
CAGTAACCATACGCTA,Beta
CAGTAACCATGCCTAA,Ngn3 low EP
CAGTAACGTCGCCATG,Pre-endocrine
CAGTAACGTCTGATCA,Pre-endocrine
CAGTCCTAGCCGATTT,Pre-endocrine
CAGTCCTAGGTGGGTT,Alpha
CAGTCCTAGTCGTACT,Alpha
CAGTCCTCAGGGCATA,Alpha
CAGTCCTGTCGTGGCT,Alpha
CATATGGAGGCCCGTT,Pre-endocrine
CATATGGCATGCTAGT,Epsilon
CATATGGCATGTTGAC,Ductal
CATATGGGTGAAAGAG,Ngn3 high EP
CATATGGGTTACTGAC,Beta
CATATGGTCAACACAC,Ngn3 low EP
CATATGGTCACAGTAC,Pre-endocrine
CATATTCAGGGAAACA,Ductal
CATATTCAGTCGTACT,Ductal
CATATTCGTTTGTGTG,Ngn3 high EP
CATATTCTCAATCACG,Beta
CATATTCTCCTGTAGA,Alpha
CATCAAGAGAATTGTG,Ngn3 low EP
CATCAAGAGCTCCTTC,Ngn3 high EP
CATCAAGAGGGTATCG,Pre-endocrine
CATCAAGAGGTAGCTG,Pre-endocrine
CATCAAGGTGGTCTCG,Beta
CATCAAGGTTCGGCAC,Alpha
CATCAAGGTTGAGGTG,Ductal
CATCAAGTCCGAAGAG,Ngn3 high EP
CATCAGAAGAGGTTGC,Ngn3 high EP
CATCAGAAGGCGATAC,Pre-endocrine
CATCAGAAGTGGTAAT,Pre-endocrine
CATCAGAAGTTAGGTA,Ductal
CATCAGACATAACCTG,Beta
CATCAGACATGCATGT,Ductal
CATCAGAGTCCGAATT,Ductal
CATCAGAGTCTCTTTA,Pre-endocrine
CATCAGAGTTCGCTAA,Alpha
CATCAGATCAGGCGAA,Ductal
CATCAGATCATCGCTC,Pre-endocrine
CATCCACAGTCACGCC,Ductal
CATCCACCAAGAGGCT,Beta
CATCCACCAATGACCT,Ductal
CATCCACCAGATGGGT,Alpha
CATCCACGTACCAGTT,Beta
CATCCACGTACTCAAC,Ngn3 high EP
CATCCACGTGAAGGCT,Alpha
CATCCACGTTACGACT,Beta
CATCCACGTTAGTGGG,Ngn3 high EP
CATCCACTCTTCTGGC,Ductal
CATCGAAAGACAAGCC,Alpha
CATCGAAAGATGTTAG,Ductal
CATCGAAAGCCATCGC,Ductal
CATCGAAAGTGCCAGA,Ductal
CATCGAACACTACAGT,Ngn3 low EP
CATCGAACAGCATACT,Ductal
CATCGAAGTACGAAAT,Beta
CATCGAAGTAGCGTCC,Beta
CATCGAAGTCACACGC,Delta
CATCGAAGTTAAGACA,Alpha
CATCGAAGTTACGCGC,Ductal
CATCGAAGTTTCCACC,Pre-endocrine
CATCGAATCACCTCGT,Ductal
CATCGAATCGCCAGCA,Pre-endocrine
CATCGGGAGGCCCTTG,Alpha
CATCGGGCACGTTGGC,Epsilon
CATCGGGGTTCAGGCC,Ductal
CATCGGGTCATTTGGG,Alpha
CATCGGGTCTTCGGTC,Ngn3 high EP
CATGACAAGCACGCCT,Ngn3 low EP
CATGACACAAAGTCAA,Alpha
CATGACACAACAACCT,Ngn3 low EP
CATGACACAAGAAGAG,Delta
CATGACACACATGACT,Beta
CATGACACACGTAAGG,Pre-endocrine
CATGACACATCCGCGA,Ductal
CATGACACATCGATTG,Ngn3 high EP
CATGACAGTAGCTTGT,Ngn3 low EP
CATGACAGTCATGCAT,Pre-endocrine
CATGACAGTTAAAGTG,Ngn3 high EP
CATGACATCATGCATG,Alpha
CATGACATCGCCAGCA,Delta
CATGCCTAGATAGTCA,Ductal
CATGCCTAGCGATGAC,Ductal
CATGCCTAGTGGTAGC,Ngn3 high EP
CATGCCTCACCCATTC,Alpha
CATGCCTCACTTGGAT,Ngn3 low EP
CATGCCTCAGTATGCT,Ngn3 high EP
CATGCCTGTTCGTCTC,Beta
CATGCCTTCCTGCAGG,Ngn3 high EP
CATGCCTTCGCACTCT,Ngn3 high EP
CATGCCTTCGGCGCAT,Ductal
CATGGCGAGAAGGCCT,Ngn3 high EP
CATGGCGAGAGTCTGG,Ngn3 high EP
CATGGCGAGCCCTAAT,Beta
CATGGCGGTAGCACGA,Alpha
CATGGCGGTGACTCAT,Pre-endocrine
CATGGCGTCGACCAGC,Ngn3 high EP
CATGGCGTCTTGTCAT,Pre-endocrine
CATTATCAGCTCCCAG,Delta
CATTATCAGGCTCAGA,Ngn3 high EP
CATTATCGTCATATCG,Pre-endocrine
CATTATCGTGATAAGT,Ngn3 high EP
CATTATCTCTGAAAGA,Pre-endocrine
CATTCGCAGCGTAATA,Ductal
CATTCGCAGTCAATAG,Ngn3 high EP
CATTCGCCATCACAAC,Ngn3 high EP
CATTCGCGTCAAACTC,Beta
CATTCGCGTGCAGACA,Beta
CATTCGCTCGCCTGAG,Alpha
CATTCGCTCGCTTGTC,Alpha
CATTCGCTCTGCTGCT,Alpha
CCAATCCAGAGACTTA,Pre-endocrine
CCAATCCAGAGTAAGG,Ductal
CCAATCCAGTCTTGCA,Alpha
CCAATCCCAAGTTCTG,Ductal
CCAATCCGTCTGGAGA,Ductal
CCAATCCTCCTAGGGC,Ductal
CCACCTAAGACTTGAA,Alpha
CCACCTACAATGCCAT,Ngn3 low EP
CCACCTACACATGGGA,Pre-endocrine
CCACCTACACTGAAGG,Alpha
CCACCTACAGACAAGC,Beta
CCACCTACAGCTCGAC,Beta
CCACCTACAGTCGATT,Beta
CCACCTATCACCAGGC,Ductal
CCACCTATCGGAAACG,Alpha
CCACCTATCTAAGCCA,Alpha
CCACGGAAGATCCTGT,Alpha
CCACGGAAGCAATCTC,Beta
CCACGGAAGGGTGTTG,Beta
CCACGGAAGTCTCCTC,Pre-endocrine
CCACGGAAGTGCCAGA,Ductal
CCACGGACAATGTAAG,Ductal
CCACGGACACAACGTT,Ngn3 low EP
CCACGGACACGAGGTA,Ductal
CCACGGACAGATGAGC,Ngn3 low EP
CCACGGAGTCAACATC,Ngn3 high EP
CCACGGAGTCTAGTCA,Beta
CCACGGAGTCTCTTAT,Ductal
CCACGGAGTCTTGATG,Ductal
CCACGGAGTGACTCAT,Ngn3 high EP
CCACGGAGTGGTGTAG,Ngn3 low EP
CCACGGAGTTACGACT,Ngn3 high EP
CCACGGATCAGTTGAC,Ngn3 low EP
CCACTACAGAGCTGGT,Pre-endocrine
CCACTACAGAGTACCG,Ngn3 low EP
CCACTACAGGTGGGTT,Beta
CCACTACAGTGTTTGC,Pre-endocrine
CCACTACCAACGCACC,Alpha
CCACTACCACAAGTAA,Ngn3 high EP
CCACTACCATGTTGAC,Ngn3 high EP
CCACTACGTTAAGAAC,Alpha
CCACTACTCAGCTCGG,Ngn3 high EP
CCACTACTCTTTAGTC,Alpha
CCAGCGAAGTGTTGAA,Ngn3 high EP
CCAGCGACAGACGTAG,Pre-endocrine
CCAGCGACAGCGATCC,Ductal
CCAGCGACAGGCTGAA,Beta
CCAGCGAGTACCGTAT,Alpha
CCAGCGAGTTGCGTTA,Epsilon
CCAGCGATCATTGCGA,Epsilon
CCAGCGATCCTTGGTC,Beta
CCAGCGATCTTACCTA,Delta
CCATGTCCACCAGTTA,Ductal
CCATGTCGTCGCGTGT,Epsilon
CCATGTCGTCGGCTCA,Ngn3 high EP
CCATGTCGTTTGCATG,Ngn3 high EP
CCATGTCTCCGCATAA,Ngn3 high EP
CCATGTCTCTCACATT,Pre-endocrine
CCATTCGCAAGAAGAG,Alpha
CCATTCGCAAGCCATT,Beta
CCATTCGCAGATCCAT,Ngn3 high EP
CCATTCGCAGGCAGTA,Pre-endocrine
CCATTCGCATGAAGTA,Ductal
CCATTCGCATGCCTAA,Ductal
CCATTCGGTAGGGACT,Ductal
CCATTCGGTAGTAGTA,Ngn3 low EP
CCATTCGGTGCTAGCC,Alpha
CCATTCGGTTCCGTCT,Alpha
CCCAATCAGCTTATCG,Beta
CCCAATCCAACTGGCC,Alpha
CCCAATCCAGCTGTAT,Alpha
CCCAATCCATTGGCGC,Alpha
CCCAATCGTTCCACGG,Ngn3 high EP
CCCAATCTCATCGGAT,Alpha
CCCAGTTAGCATCATC,Beta
CCCAGTTAGCTCCTCT,Beta
CCCAGTTAGGGCACTA,Epsilon
CCCAGTTAGGTGCTAG,Ductal
CCCAGTTGTCGTGGCT,Epsilon
CCCAGTTGTCTGCGGT,Alpha
CCCAGTTGTGCGCTTG,Beta
CCCAGTTTCAGCACAT,Beta
CCCAGTTTCGTATCAG,Ductal
CCCATACAGACTTTCG,Beta
CCCATACCACATCCAA,Ductal
CCCATACCAGATTGCT,Pre-endocrine
CCCATACCATGCAACT,Beta
CCCATACGTCATGCAT,Ductal
CCCATACTCAGAGACG,Ductal
CCCATACTCGTGGACC,Pre-endocrine
CCCTCCTAGACCCACC,Ngn3 high EP
CCCTCCTGTCTAACGT,Ductal
CCCTCCTTCGCATGAT,Pre-endocrine
CCGGGATAGAACAACT,Epsilon
CCGGGATAGATCTGAA,Ngn3 high EP
CCGGGATCAATCCGAT,Pre-endocrine
CCGGGATGTACCGCTG,Ngn3 low EP
CCGGGATGTGTCAATC,Ngn3 high EP
CCGGGATGTTGCTCCT,Ductal
CCGGGATTCCGCGTTT,Pre-endocrine
CCGGGATTCGACAGCC,Alpha
CCGGTAGAGCGATCCC,Pre-endocrine
CCGGTAGAGCTAACTC,Alpha
CCGGTAGAGCTGAACG,Ductal
CCGGTAGAGTCGATAA,Ductal
CCGGTAGAGTCGTTTG,Ductal
CCGGTAGCACCGCTAG,Beta
CCGGTAGGTTGTCGCG,Alpha
CCGGTAGTCAGGATCT,Ngn3 high EP
CCGGTAGTCGGCTTGG,Beta
CCGGTAGTCTCTAGGA,Pre-endocrine
CCGTACTAGGAGTACC,Ngn3 high EP
CCGTACTAGTCCGTAT,Ngn3 high EP
CCGTACTAGTTGTCGT,Ductal
CCGTACTCAGCCTTGG,Epsilon
CCGTACTGTACTTAGC,Pre-endocrine
CCGTACTGTCAGAAGC,Pre-endocrine
CCGTACTGTGCAACTT,Epsilon
CCGTACTGTTACTGAC,Ductal
CCGTACTGTTCCACTC,Ductal
CCGTACTTCAATAAGG,Ngn3 low EP
CCGTACTTCCTTGGTC,Ngn3 high EP
CCGTACTTCGGCATCG,Beta
CCGTACTTCTAACCGA,Ngn3 high EP
CCGTGGAAGTGTACTC,Ductal
CCGTGGACACGAAGCA,Ngn3 high EP
CCGTGGACATAAAGGT,Ductal
CCGTGGACATAGAAAC,Beta
CCGTGGACATTCCTGC,Beta
CCGTGGAGTAAGGGCT,Ductal
CCGTGGATCCAAGCCG,Ductal
CCGTGGATCTGTCTCG,Beta
CCGTGGATCTTAGAGC,Ngn3 high EP
CCGTTCAAGCTAAACA,Alpha
CCGTTCAAGGACCACA,Ngn3 high EP
CCGTTCAAGTGTACTC,Ductal
CCGTTCACACATGACT,Ngn3 low EP
CCGTTCACAGCTGGCT,Alpha
CCGTTCACAGTAGAGC,Alpha
CCTAAAGCATAGGATA,Beta
CCTAAAGGTGACGCCT,Ngn3 high EP
CCTAAAGTCATGCAAC,Ductal
CCTAAAGTCCGTAGTA,Ductal
CCTAAAGTCTGATTCT,Beta
CCTACACAGATCCGAG,Ngn3 low EP
CCTACACAGTACGTTC,Alpha
CCTACACCACCATCCT,Ductal
CCTACACCAGACGCCT,Beta
CCTACACCAGCGAACA,Ductal
CCTACACCATAAAGGT,Ductal
CCTACACCATTATCTC,Ngn3 high EP
CCTACACGTAATAGCA,Ductal
CCTACACGTTCTCATT,Delta
CCTACACTCCTTTACA,Ductal
CCTACACTCTTTACAC,Alpha
CCTACCAAGGCTCAGA,Ductal
CCTACCACACGGACAA,Ngn3 high EP
CCTACCACACGTAAGG,Alpha
CCTACCACATCGATTG,Ngn3 high EP
CCTACCAGTTGCTCCT,Pre-endocrine
CCTACCATCTGCCCTA,Beta
CCTAGCTAGACAAAGG,Epsilon
CCTAGCTAGGACATTA,Alpha
CCTAGCTCAGACTCGC,Ductal
CCTAGCTCAGGTGCCT,Pre-endocrine
CCTAGCTCATACTACG,Ductal
CCTAGCTCATATGAGA,Alpha
CCTAGCTGTGGCCCTA,Beta
CCTAGCTTCGATGAGG,Ductal
CCTAGCTTCGCAAGCC,Pre-endocrine
CCTATTAAGCCAGGAT,Ductal
CCTATTACAAACGTGG,Ductal
CCTATTACAGACAAGC,Delta
CCTATTACATCCCATC,Beta
CCTATTATCATCGCTC,Ngn3 high EP
CCTCAGTAGCGTAATA,Pre-endocrine
CCTCAGTAGTGCGATG,Pre-endocrine
CCTCAGTCAGACACTT,Epsilon
CCTCAGTGTGATAAGT,Delta
CCTCAGTGTTACCAGT,Ngn3 high EP
CCTCAGTTCGCCATAA,Alpha
CCTCAGTTCTCACATT,Beta
CCTCTGAAGGCCGAAT,Ngn3 high EP
CCTCTGACAATAACGA,Ductal
CCTCTGACATCGGTTA,Ngn3 high EP
CCTCTGAGTATAAACG,Ductal
CCTCTGATCATGTCTT,Ngn3 low EP
CCTTACGAGAGATGAG,Epsilon
CCTTACGAGATCACGG,Ductal
CCTTACGAGGCTCAGA,Ngn3 high EP
CCTTACGCAAGGTGTG,Ngn3 low EP
CCTTACGCAATGAAAC,Ngn3 high EP
CCTTACGCACAACGCC,Pre-endocrine
CCTTACGCACGTTGGC,Pre-endocrine
CCTTACGTCTTTACGT,Ngn3 low EP
CCTTCCCAGGCAGGTT,Ductal
CCTTCCCCAAAGTGCG,Ductal
CCTTCCCGTGATGCCC,Alpha
CCTTCCCGTTCGTTGA,Ductal
CCTTCCCTCGTCGTTC,Pre-endocrine
CCTTCCCTCTGATTCT,Epsilon
CCTTCGAAGATAGCAT,Epsilon
CCTTCGAAGCTAGGCA,Beta
CCTTCGAAGTACATGA,Pre-endocrine
CCTTCGACAGCTGTTA,Ngn3 low EP
CCTTCGATCAAGAAGT,Ngn3 low EP
CCTTCGATCACAGGCC,Beta
CCTTCGATCAGTCCCT,Ngn3 low EP
CCTTCGATCCTGCTTG,Ngn3 low EP
CCTTCGATCGCCATAA,Ductal
CCTTCGATCTCCAACC,Beta
CCTTCGATCTGTCTAT,Ductal
CCTTTCTAGCCATCGC,Beta
CCTTTCTCACTCTGTC,Ductal
CCTTTCTGTTACGTCA,Ductal
CCTTTCTGTTTGTTTC,Ngn3 high EP
CCTTTCTTCTTCGAGA,Pre-endocrine
CGAACATAGATCTGAA,Alpha
CGAACATAGCCAGTAG,Ductal
CGAACATCAAGCGAGT,Ngn3 low EP
CGAACATCAGACGTAG,Ductal
CGAACATCAGCTGCAC,Delta
CGAACATGTACTCTCC,Ductal
CGAACATGTCCAGTGC,Pre-endocrine
CGAACATGTCTTGCGG,Beta
CGAACATTCACAAACC,Ductal
CGAACATTCACCGTAA,Ductal
CGAACATTCCGTTGCT,Ngn3 low EP
CGAACATTCGGAAACG,Epsilon
CGAACATTCGGCGGTT,Ductal
CGAACATTCTAACGGT,Ductal
CGAACATTCTCTTATG,Pre-endocrine
CGAATGTAGTTCCACA,Ductal
CGAATGTGTCACCCAG,Ductal
CGAATGTGTCTGGAGA,Pre-endocrine
CGAATGTGTTGTTTGG,Pre-endocrine
CGAATGTTCACCGGGT,Pre-endocrine
CGAATGTTCATGTGGT,Ductal
CGAATGTTCTTCATGT,Beta
CGACCTTAGCGCTTAT,Ngn3 low EP
CGACCTTAGCTATGCT,Pre-endocrine
CGACCTTAGCTCTCGG,Ngn3 low EP
CGACCTTAGCTGCCCA,Ngn3 high EP
CGACCTTAGGCTAGAC,Beta
CGACCTTAGTTAACGA,Beta
CGACCTTCACACAGAG,Beta
CGACCTTGTAGAAAGG,Pre-endocrine
CGACTTCAGACAATAC,Ngn3 high EP
CGACTTCAGGGTTTCT,Pre-endocrine
CGACTTCCAAGAAGAG,Ngn3 low EP
CGACTTCCACAACGTT,Beta
CGACTTCCAGCCTATA,Ductal
CGACTTCCAGCTGCAC,Pre-endocrine
CGACTTCGTCTGCCAG,Alpha
CGACTTCGTGTGGTTT,Alpha
CGACTTCGTTGATTCG,Ngn3 high EP
CGACTTCTCACGCGGT,Alpha
CGAGAAGAGGGTTCCC,Beta
CGAGAAGCACGCATCG,Ngn3 high EP
CGAGAAGCACTTACGA,Beta
CGAGAAGGTCCGTCAG,Alpha
CGAGAAGTCGTTACAG,Alpha
CGAGAAGTCTATCGCC,Pre-endocrine
CGAGCACAGCGTGAAC,Beta
CGAGCACAGCTGAAAT,Ductal
CGAGCACAGGCAGGTT,Pre-endocrine
CGAGCACGTAGTAGTA,Pre-endocrine
CGAGCACGTCCATCCT,Ductal
CGAGCACGTGATAAGT,Ngn3 high EP
CGAGCACTCGTTACAG,Pre-endocrine
CGAGCACTCTAACTCT,Pre-endocrine
CGAGCACTCTACCTGC,Ductal
CGAGCACTCTTCGAGA,Ngn3 low EP
CGAGCACTCTTGCATT,Pre-endocrine
CGAGCCAAGGCATGTG,Pre-endocrine
CGAGCCAGTTCTCATT,Pre-endocrine
CGATCGGAGCTGCAAG,Pre-endocrine
CGATCGGCACGCCAGT,Ngn3 high EP
CGATCGGCAGCCTTTC,Ductal
CGATCGGCATCACCCT,Pre-endocrine
CGATCGGCATTGCGGC,Alpha
CGATCGGTCTTGCCGT,Epsilon
CGATGGCAGGGTGTGT,Ductal
CGATGGCCAACTGGCC,Beta
CGATGGCGTCGCATAT,Delta
CGATGGCGTTACGGAG,Ductal
CGATGGCTCAACACAC,Beta
CGATGGCTCAGTGTTG,Alpha
CGATGGCTCTGTGCAA,Ductal
CGATGTAAGGCCCTTG,Ductal
CGATGTAAGTTTAGGA,Alpha
CGATGTACAGATCCAT,Alpha
CGATGTAGTACTCTCC,Ngn3 high EP
CGATGTAGTATTCGTG,Ductal
CGATGTAGTGGTACAG,Beta
CGATGTATCGGATGGA,Ductal
CGATTGAAGTCAAGGC,Pre-endocrine
CGATTGAAGTCTTGCA,Ductal
CGATTGAAGTTAGCGG,Pre-endocrine
CGATTGACAGGCTGAA,Beta
CGATTGAGTGATGTCT,Ngn3 high EP
CGCCAAGCAAAGTCAA,Ngn3 high EP
CGCCAAGCACCGGAAA,Ductal
CGCCAAGCAGGTCTCG,Ductal
CGCCAAGGTTATTCTC,Alpha
CGCCAAGTCTAAGCCA,Beta
CGCGGTAAGAGCTGGT,Epsilon
CGCGGTAAGCCCAGCT,Ductal
CGCGGTAAGCTGCAAG,Beta
CGCGGTAAGGTGCAAC,Epsilon
CGCGGTACAAACGCGA,Ductal
CGCGGTACATTAGGCT,Alpha
CGCGTTTCAGTCTTCC,Beta
CGCGTTTGTATTACCG,Pre-endocrine
CGCGTTTGTGAGTGAC,Delta
CGCTATCAGGTGATAT,Beta
CGCTATCCAGCCAGAA,Ngn3 low EP
CGCTATCCAGGCAGTA,Ngn3 high EP
CGCTATCTCGTTTAGG,Pre-endocrine
CGCTGGAAGGGCATGT,Ductal
CGCTGGACACGGTAAG,Ngn3 low EP
CGCTGGACATATGGTC,Alpha
CGCTGGACATCCTAGA,Ductal
CGCTGGAGTAATTGGA,Ngn3 low EP
CGCTGGAGTCCATCCT,Ductal
CGCTGGAGTTATTCTC,Ngn3 high EP
CGCTGGAGTTGTGGCC,Ngn3 high EP
CGCTGGATCGATGAGG,Pre-endocrine
CGCTGGATCTTTAGTC,Beta
CGCTTCACAAGCCGTC,Ngn3 high EP
CGCTTCACAGACGCTC,Pre-endocrine
CGCTTCACAGATCGGA,Pre-endocrine
CGCTTCAGTTCACGGC,Ngn3 high EP
CGCTTCATCAGTTCGA,Ductal
CGCTTCATCTCTGTCG,Alpha
CGGACACAGACTCGGA,Ngn3 high EP
CGGACACAGAGAGCTC,Beta
CGGACACAGTGTCTCA,Ductal
CGGACACCAGTGGGAT,Beta
CGGACACTCGCGATCG,Alpha
CGGACACTCTATCCTA,Beta
CGGACGTAGACACGAC,Delta
CGGACGTAGACAGACC,Pre-endocrine
CGGACGTAGGCATGGT,Alpha
CGGACGTGTAGATTAG,Pre-endocrine
CGGACTGAGATGGCGT,Ductal
CGGACTGAGGTAGCTG,Ductal
CGGACTGAGTTAGCGG,Pre-endocrine
CGGACTGCAGCCAATT,Beta
CGGACTGCATCCCATC,Beta
CGGACTGGTTTAGCTG,Ngn3 high EP
CGGACTGTCACTCCTG,Ngn3 high EP
CGGACTGTCCAACCAA,Pre-endocrine
CGGACTGTCGGACAAG,Pre-endocrine
CGGACTGTCTTGAGAC,Beta
CGGAGCTAGATAGTCA,Beta
CGGAGCTCAACTGCTA,Ductal
CGGAGCTCATTGGGCC,Ductal
CGGAGCTGTACATCCA,Ngn3 high EP
CGGAGCTGTACTCGCG,Ngn3 low EP
CGGAGCTGTTACGGAG,Alpha
CGGAGCTGTTCTGAAC,Ductal
CGGAGCTTCAAAGACA,Ductal
CGGAGTCAGGGCTTCC,Ductal
CGGAGTCAGTTTAGGA,Alpha
CGGAGTCCACAGCCCA,Alpha
CGGAGTCCAGCTCCGA,Pre-endocrine
CGGAGTCCATAAAGGT,Beta
CGGAGTCCATAACCTG,Alpha
CGGAGTCGTCGAAAGC,Pre-endocrine
CGGAGTCTCCTCCTAG,Beta
CGGCTAGAGGCACATG,Beta
CGGCTAGCAGAAGCAC,Alpha
CGGCTAGCATTCCTCG,Beta
CGGCTAGGTAACGACG,Beta
CGGCTAGGTACTCGCG,Ngn3 high EP
CGGCTAGGTGAAATCA,Pre-endocrine
CGGCTAGTCTTGACGA,Alpha
CGGGTCAAGCACACAG,Beta
CGGGTCAAGGCGATAC,Alpha
CGGGTCAAGGCTCAGA,Ductal
CGGGTCAGTCACTGGC,Ductal
CGGGTCAGTGTGCCTG,Ngn3 high EP
CGGGTCAGTTAGTGGG,Beta
CGGGTCATCGGCTACG,Alpha
CGGTTAAAGAATTCCC,Ngn3 high EP
CGGTTAAAGACAAGCC,Ngn3 high EP
CGGTTAAAGACAGGCT,Pre-endocrine
CGGTTAAAGAGCTGCA,Ductal
CGGTTAAAGTAGCGGT,Delta
CGGTTAAGTAAACACA,Ngn3 low EP
CGGTTAAGTCTAGCCG,Ngn3 high EP
CGGTTAATCACCGGGT,Pre-endocrine
CGGTTAATCGAACGGA,Delta
CGGTTAATCGTCTGAA,Ductal
CGGTTAATCTCGTTTA,Ductal
CGTAGCGAGACTGTAA,Pre-endocrine
CGTAGCGAGATATGGT,Ngn3 high EP
CGTAGCGAGCTCCTTC,Alpha
CGTAGCGAGGCTCATT,Alpha
CGTAGCGCACTGCCAG,Ngn3 high EP
CGTAGCGTCACTATTC,Ductal
CGTAGCGTCGGAAATA,Pre-endocrine
CGTAGGCAGCGTAGTG,Ductal
CGTAGGCCAACACCCG,Alpha
CGTAGGCCACAAGACG,Beta
CGTAGGCCAGTAAGCG,Ductal
CGTAGGCCAGTACACT,Ngn3 high EP
CGTAGGCTCGCGCCAA,Ductal
CGTCACTAGGGTGTGT,Ductal
CGTCACTAGGTGCTAG,Beta
CGTCACTCAAAGGTGC,Ductal
CGTCACTCACGAAATA,Ngn3 low EP
CGTCACTCAGTATAAG,Pre-endocrine
CGTCACTCATAGTAAG,Ngn3 low EP
CGTCACTCATGCCCGA,Ngn3 high EP
CGTCACTGTCAGGACA,Ductal
CGTCACTTCACTTATC,Pre-endocrine
CGTCACTTCTAACTCT,Epsilon
CGTCAGGAGCCTATGT,Ngn3 low EP
CGTCAGGAGTCATCCA,Ngn3 low EP
CGTCAGGCAAACGCGA,Alpha
CGTCAGGCAATCTGCA,Ngn3 high EP
CGTCAGGCACAGTCGC,Beta
CGTCAGGCATGGGAAC,Ngn3 low EP
CGTCAGGGTAGGCATG,Ngn3 high EP
CGTCAGGGTTACCGAT,Beta
CGTCAGGTCCGCAAGC,Delta
CGTCAGGTCCTGCCAT,Ductal
CGTCAGGTCGTTTGCC,Alpha
CGTCCATCAGTCGTGC,Beta
CGTCCATCATATACCG,Ductal
CGTCCATCATGGTAGG,Ductal
CGTCCATGTCACACGC,Epsilon
CGTCCATGTCAGAAGC,Ngn3 low EP
CGTCCATGTCTAACGT,Beta
CGTCCATTCGCGCCAA,Ngn3 high EP
CGTCTACAGAGCTATA,Beta
CGTCTACAGATCTGCT,Ductal
CGTCTACAGATGCGAC,Beta
CGTCTACAGCAAATCA,Beta
CGTCTACAGGGAGTAA,Alpha
CGTCTACCATGCTGGC,Ngn3 high EP
CGTCTACGTGTGCCTG,Pre-endocrine
CGTCTACGTTTCCACC,Beta
CGTCTACTCAGTCCCT,Pre-endocrine
CGTCTACTCCTAAGTG,Beta
CGTCTACTCGATAGAA,Alpha
CGTCTACTCGTACGGC,Ngn3 high EP
CGTCTACTCTCGATGA,Alpha
CGTCTACTCTCGCTTG,Ductal
CGTGAGCAGGTGCTTT,Ngn3 high EP
CGTGAGCAGTCTCAAC,Ductal
CGTGAGCCATATACGC,Ductal
CGTGAGCTCACAGGCC,Pre-endocrine
CGTGAGCTCAGCGATT,Ngn3 high EP
CGTGAGCTCGATCCCT,Alpha
CGTGAGCTCTTCTGGC,Alpha
CGTGTAAAGAGCAATT,Beta
CGTGTAAAGGGTCGAT,Ngn3 high EP
CGTGTAAAGTACGTTC,Ngn3 high EP
CGTGTAACATGGTCTA,Beta
CGTGTAAGTCTTGATG,Ngn3 low EP
CGTGTAAGTTAAGATG,Alpha
CGTGTAATCATTATCC,Ngn3 high EP
CGTGTAATCCATGCTC,Ductal
CGTGTAATCGTTGACA,Alpha
CGTGTAATCTTTAGTC,Ductal
CGTGTCTAGTGTCTCA,Beta
CGTGTCTCAGAAGCAC,Alpha
CGTGTCTCATACTCTT,Pre-endocrine
CGTGTCTGTAGCGTCC,Alpha
CGTGTCTGTAGTGAAT,Ductal
CGTGTCTGTGACGCCT,Pre-endocrine
CGTGTCTTCACCGGGT,Ngn3 high EP
CGTGTCTTCCTTTCGG,Ductal
CGTGTCTTCTTGTCAT,Ductal
CGTTAGAAGATGGCGT,Ductal
CGTTAGAAGTATCTCG,Ductal
CGTTAGACAGCTCCGA,Beta
CGTTAGAGTAGGCTGA,Pre-endocrine
CGTTAGAGTCTACCTC,Ngn3 high EP
CGTTAGAGTGCAACGA,Ductal
CGTTAGATCAGTCAGT,Ngn3 high EP
CGTTCTGAGAGCAATT,Ngn3 high EP
CGTTCTGAGCCCAGCT,Beta
CGTTCTGAGGACGAAA,Alpha
CGTTCTGAGGTCGGAT,Ngn3 high EP
CGTTCTGAGTGTTTGC,Ductal
CGTTCTGGTAGGACAC,Alpha
CGTTCTGGTATATGGA,Ductal
CGTTCTGTCACAATGC,Ngn3 high EP
CGTTCTGTCCGCGGTA,Ductal
CGTTCTGTCGATAGAA,Beta
CGTTCTGTCGTACCGG,Pre-endocrine
CGTTCTGTCTGGAGCC,Pre-endocrine
CGTTGGGCACATTCGA,Ductal
CGTTGGGCAGGCGATA,Pre-endocrine
CGTTGGGCATACCATG,Ngn3 low EP
CGTTGGGCATGCTAGT,Ngn3 low EP
CGTTGGGGTTTAAGCC,Pre-endocrine
CGTTGGGTCGCAGGCT,Alpha
CGTTGGGTCGTACCGG,Pre-endocrine
CTAACTTAGAGGTACC,Alpha
CTAACTTAGATCACGG,Beta
CTAACTTAGCAGGCTA,Pre-endocrine
CTAACTTCACAGGTTT,Ductal
CTAACTTCATCTGGTA,Alpha
CTAACTTCATTGGGCC,Ductal
CTAACTTGTAGGAGTC,Alpha
CTAACTTGTCGTCTTC,Ngn3 high EP
CTAAGACAGACAAAGG,Ngn3 high EP
CTAAGACAGCACGCCT,Ngn3 high EP
CTAAGACAGCCACGCT,Ngn3 low EP
CTAAGACAGGAGTTTA,Alpha
CTAAGACAGGCGCTCT,Ngn3 high EP
CTAAGACGTACTCTCC,Beta
CTAAGACGTATCAGTC,Alpha
CTAAGACTCACTCCTG,Ngn3 high EP
CTAAGACTCTGCGGCA,Epsilon
CTAATGGAGCCGGTAA,Ngn3 low EP
CTAATGGCATGGTTGT,Pre-endocrine
CTAATGGGTGGACGAT,Ductal
CTACACCCAGGGCATA,Ngn3 high EP
CTACACCCATCAGTCA,Beta
CTACACCCATGCCTAA,Ductal
CTACACCGTCGAATCT,Ductal
CTACACCGTCGCCATG,Ductal
CTACATTAGAAACGCC,Ductal
CTACATTAGCACAGGT,Ngn3 high EP
CTACATTCACCGTTGG,Pre-endocrine
CTACATTGTAGGCATG,Pre-endocrine
CTACATTGTCATGCAT,Ngn3 high EP
CTACATTGTGTGGCTC,Ductal
CTACATTGTTACTGAC,Pre-endocrine
CTACATTTCCTTGCCA,Ductal
CTACATTTCGTTACGA,Ductal
CTACCCAGTCAAACTC,Ductal
CTACCCAGTGCGCTTG,Ductal
CTACGTCAGCACACAG,Pre-endocrine
CTACGTCAGCTAGCCC,Pre-endocrine
CTACGTCAGCTAGGCA,Pre-endocrine
CTACGTCAGTCTCGGC,Beta
CTACGTCAGTTGAGAT,Alpha
CTACGTCGTTGATTCG,Ngn3 high EP
CTACGTCTCATACGGT,Ngn3 low EP
CTAGAGTAGACTGGGT,Pre-endocrine
CTAGAGTAGGTAGCCA,Ngn3 high EP
CTAGAGTCACTGTTAG,Ductal
CTAGAGTCATAGACTC,Ductal
CTAGAGTGTATCACCA,Beta
CTAGAGTGTCCGAACC,Pre-endocrine
CTAGAGTGTTCGAATC,Ngn3 high EP
CTAGCCTAGGAATGGA,Ngn3 high EP
CTAGCCTAGTGAACGC,Alpha
CTAGCCTCAATGGTCT,Ductal
CTAGCCTCACAACGCC,Beta
CTAGCCTGTACCGTAT,Ductal
CTAGCCTGTCTCTTAT,Ductal
CTAGCCTGTGCGATAG,Ductal
CTAGCCTGTTCGGGCT,Ductal
CTAGCCTTCACCCGAG,Ductal
CTAGCCTTCAGCGATT,Ductal
CTAGCCTTCTGTGCAA,Beta
CTAGTGAAGGTGTGGT,Ductal
CTAGTGACATGGGACA,Ductal
CTAGTGACATTGAGCT,Ngn3 high EP
CTAGTGAGTAGGGACT,Beta
CTAGTGAGTTTGGCGC,Pre-endocrine
CTAGTGATCAAAGACA,Beta
CTAGTGATCCCAGGTG,Beta
CTCACACAGAGTACAT,Delta
CTCACACAGGGATGGG,Beta
CTCACACGTCACACGC,Ngn3 high EP
CTCACACTCTGCTGTC,Pre-endocrine
CTCAGAAAGAGGGATA,Ductal
CTCAGAACACTAGTAC,Ngn3 high EP
CTCAGAACATAGGATA,Beta
CTCAGAAGTACAGTTC,Ngn3 high EP
CTCAGAAGTCAAACTC,Ductal
CTCAGAAGTCCTCTTG,Ductal
CTCAGAATCAACACTG,Ductal
CTCAGAATCAGGTTCA,Ngn3 low EP
CTCAGAATCTGGCGAC,Ductal
CTCAGAATCTTGAGAC,Beta
CTCATTAAGAGCTGCA,Pre-endocrine
CTCATTACAAGCGCTC,Ductal
CTCATTACAAGGCTCC,Alpha
CTCATTACACGAGGTA,Beta
CTCCTAGAGACGCAAC,Pre-endocrine
CTCCTAGAGAGTGACC,Pre-endocrine
CTCCTAGAGCCATCGC,Ductal
CTCCTAGAGCGTCTAT,Pre-endocrine
CTCCTAGAGTAGATGT,Delta
CTCCTAGCACAACGTT,Pre-endocrine
CTCCTAGGTGGTTTCA,Beta
CTCCTAGTCAATACCG,Delta
CTCGAAACAAGGTTCT,Pre-endocrine
CTCGAAAGTAAAGTCA,Ngn3 high EP
CTCGAAAGTAAGAGGA,Ngn3 high EP
CTCGAAAGTGGTGTAG,Alpha
CTCGAAATCCGTCATC,Ductal
CTCGAAATCCTGCCAT,Beta
CTCGAAATCGCAAACT,Alpha
CTCGAGGAGTGGAGAA,Ngn3 high EP
CTCGAGGCAAGTCTGT,Alpha
CTCGAGGCAGGTTTCA,Ngn3 low EP
CTCGAGGGTAAGTAGT,Epsilon
CTCGAGGTCAACTCTT,Ductal
CTCGAGGTCCCTTGCA,Pre-endocrine
CTCGAGGTCTGTTGAG,Ngn3 high EP
CTCGGAGAGAATGTGT,Ngn3 high EP
CTCGGAGAGTCCCACG,Alpha
CTCGGAGGTCATTAGC,Pre-endocrine
CTCGGAGGTGAAGGCT,Pre-endocrine
CTCGGAGGTTGGACCC,Ngn3 high EP
CTCGGAGTCATCGCTC,Beta
CTCGGAGTCCGCTGTT,Ductal
CTCGGGAAGCGCCTTG,Beta
CTCGGGACATTCACTT,Beta
CTCGGGACATTGAGCT,Ngn3 high EP
CTCGGGAGTAAAGTCA,Epsilon
CTCGGGAGTATTACCG,Pre-endocrine
CTCGTACAGAGGTTAT,Ngn3 low EP
CTCGTACCAATGGATA,Ductal
CTCGTACCAGCCAGAA,Alpha
CTCGTACGTTCCGTCT,Ductal
CTCGTACGTTGGTTTG,Alpha
CTCGTACTCATGCATG,Alpha
CTCGTACTCTGCGTAA,Pre-endocrine
CTCGTACTCTTTAGTC,Alpha
CTCGTCAAGAACAATC,Epsilon
CTCGTCACAACTGCTA,Ductal
CTCGTCACACATTTCT,Alpha
CTCGTCACACTACAGT,Pre-endocrine
CTCGTCACAGCTGCTG,Beta
CTCGTCAGTCACAAGG,Ngn3 high EP
CTCGTCATCGGTCTAA,Ductal
CTCGTCATCTTCTGGC,Ngn3 low EP
CTCTAATAGACAGGCT,Ductal
CTCTAATAGCGTTGCC,Ngn3 high EP
CTCTAATAGCTAGCCC,Ngn3 high EP
CTCTAATAGTTATCGC,Alpha
CTCTAATCATTGGCGC,Pre-endocrine
CTCTAATTCACCATAG,Pre-endocrine
CTCTAATTCAGCGACC,Ngn3 high EP
CTCTACGCACTAAGTC,Pre-endocrine
CTCTGGTAGCAATCTC,Ngn3 high EP
CTCTGGTAGTCCCACG,Ductal
CTCTGGTCAACACCTA,Ductal
CTCTGGTCAAGACACG,Beta
CTCTGGTCAAGTTGTC,Pre-endocrine
CTCTGGTCAGGTCGTC,Alpha
CTCTGGTCAGTTCATG,Ngn3 low EP
CTCTGGTCATAGTAAG,Ductal
CTCTGGTGTCATCGGC,Alpha
CTCTGGTGTTCAGCGC,Ngn3 high EP
CTCTGGTTCCCAGGTG,Ngn3 high EP
CTGAAACAGACTAGGC,Ductal
CTGAAACAGGAGTAGA,Alpha
CTGAAACAGTATCGAA,Alpha
CTGAAACGTAAAGGAG,Ngn3 low EP
CTGAAACGTAGCGCAA,Beta
CTGAAACGTATGGTTC,Delta
CTGAAACGTTCCCTTG,Epsilon
CTGAAACTCAAACCAC,Pre-endocrine
CTGAAACTCACGGTTA,Ngn3 high EP
CTGAAACTCGATAGAA,Ngn3 high EP
CTGAAACTCGCCGTGA,Ductal
CTGAAACTCGGCGGTT,Ductal
CTGAAACTCGTAGATC,Ductal
CTGAAACTCTGTTTGT,Ngn3 high EP
CTGAAGTAGCAATCTC,Ductal
CTGAAGTCAATGTAAG,Pre-endocrine
CTGAAGTCAGCTGGCT,Pre-endocrine
CTGAAGTGTTTGGGCC,Alpha
CTGAAGTTCAACACGT,Ductal
CTGAAGTTCAGCTGGC,Beta
CTGAAGTTCATGTGGT,Ngn3 high EP
CTGAAGTTCGATCCCT,Beta
CTGAAGTTCTACCAGA,Epsilon
CTGAAGTTCTGCGGCA,Pre-endocrine
CTGAAGTTCTTTAGGG,Beta
CTGATAGAGAAGGTTT,Ductal
CTGATAGAGACAAGCC,Ngn3 low EP
CTGATAGAGCTCAACT,Ductal
CTGATAGAGCTGATAA,Pre-endocrine
CTGATAGAGTTGCAGG,Ductal
CTGATAGTCGGCTACG,Ductal
CTGATAGTCTGTACGA,Ductal
CTGATCCCAAGCGTAG,Ductal
CTGATCCCATGCTAGT,Alpha
CTGATCCGTAGTACCT,Pre-endocrine
CTGATCCGTCGACTAT,Alpha
CTGATCCGTTTGGCGC,Alpha
CTGATCCTCAGTTGAC,Ductal
CTGCCTACATCAGTAC,Ductal
CTGCCTAGTCTCCATC,Ductal
CTGCCTATCTCTTATG,Epsilon
CTGCGGAAGACTCGGA,Beta
CTGCGGAAGTATGACA,Ductal
CTGCGGAAGTGAATTG,Alpha
CTGCGGACAGACTCGC,Ngn3 high EP
CTGCGGACATTAGCCA,Pre-endocrine
CTGCGGATCAGCATGT,Ductal
CTGCGGATCCCTAACC,Ngn3 low EP
CTGCGGATCGTACCGG,Ductal
CTGCGGATCTGGTTCC,Pre-endocrine
CTGCTGTAGACTGGGT,Pre-endocrine
CTGCTGTCAAAGCAAT,Alpha
CTGCTGTCACGAAACG,Alpha
CTGCTGTCACTTCTGC,Delta
CTGCTGTCAGATGGGT,Ductal
CTGCTGTGTCTTTCAT,Ductal
CTGCTGTGTTATCACG,Ngn3 high EP
CTGCTGTGTTGTGGCC,Ngn3 high EP
CTGCTGTTCAGTGTTG,Beta
CTGGTCTAGAGGTACC,Epsilon
CTGGTCTAGGATTCGG,Pre-endocrine
CTGGTCTAGGTGATTA,Epsilon
CTGGTCTAGTAGATGT,Ductal
CTGGTCTCAGGAATGC,Ductal
CTGGTCTCATCACCCT,Ductal
CTGGTCTGTAGCGTAG,Ductal
CTGGTCTGTATAATGG,Ductal
CTGGTCTGTGTGAATA,Beta
CTGGTCTTCGCATGGC,Ngn3 high EP
CTGGTCTTCGTTACAG,Pre-endocrine
CTGTGCTAGAAGATTC,Alpha
CTGTGCTAGAGTCTGG,Ngn3 high EP
CTGTGCTAGTTGAGAT,Alpha
CTGTGCTCAGCTCCGA,Pre-endocrine
CTGTGCTCATTACCTT,Ngn3 high EP
CTGTGCTCATTGCGGC,Ductal
CTGTGCTGTCGCATAT,Pre-endocrine
CTGTGCTTCCGTAGGC,Pre-endocrine
CTGTGCTTCGGATGGA,Ngn3 high EP
CTGTTTAAGTGCAAGC,Beta
CTGTTTACAGATCGGA,Ductal
CTGTTTAGTAAATACG,Beta
CTGTTTATCCCGGATG,Ductal
CTTAACTAGTTAACGA,Ngn3 low EP
CTTAACTCAAGCGTAG,Ductal
CTTAACTCACACCGAC,Pre-endocrine
CTTAACTGTCCGCTGA,Ngn3 high EP
CTTAACTGTCGGGTCT,Ngn3 low EP
CTTAACTTCAGCTTAG,Pre-endocrine
CTTACCGAGAAGGTTT,Ductal
CTTACCGAGACATAAC,Ngn3 high EP
CTTACCGAGTCGTTTG,Beta
CTTACCGCAAAGTCAA,Ductal
CTTACCGTCTTTAGGG,Alpha
CTTAGGACACAGGTTT,Ductal
CTTAGGACACTCTGTC,Ngn3 low EP
CTTAGGACATCTATGG,Ngn3 high EP
CTTAGGAGTCCGAATT,Ductal
CTTAGGATCAACGGGA,Delta
CTTAGGATCACTCTTA,Ngn3 high EP
CTTAGGATCCAGTAGT,Alpha
CTTCTCTAGATTACCC,Ductal
CTTCTCTAGGCAGGTT,Ductal
CTTCTCTAGTACTTGC,Pre-endocrine
CTTCTCTAGTCCGTAT,Pre-endocrine
CTTCTCTCAAGCGATG,Delta
CTTCTCTCAGCATACT,Beta
CTTCTCTCATGCGCAC,Alpha
CTTCTCTGTCAGAGGT,Epsilon
CTTGGCTAGACAGACC,Ductal
CTTGGCTAGGACACCA,Ductal
CTTGGCTCAAAGGAAG,Pre-endocrine
CTTGGCTCAAGCCGTC,Ductal
CTTGGCTCAAGTCTGT,Ductal
CTTGGCTCAGCCACCA,Ngn3 high EP
CTTGGCTCATCCCACT,Beta
CTTGGCTGTTAGAACA,Beta
CTTGGCTTCGCATGAT,Ductal
CTTTGCGAGACCACGA,Pre-endocrine
CTTTGCGAGATCACGG,Ngn3 high EP
CTTTGCGAGGAATGGA,Ngn3 low EP
CTTTGCGAGGGAACGG,Ductal
CTTTGCGGTACTTGAC,Ductal
CTTTGCGGTCGAATCT,Beta
CTTTGCGTCCACGTGG,Beta
CTTTGCGTCCAGAAGG,Ngn3 low EP
GAAACTCAGAAACCTA,Beta
GAAACTCAGGACAGCT,Ngn3 low EP
GAAACTCAGTGGGATC,Alpha
GAAACTCGTATCACCA,Beta
GAAATGAAGCTCCTCT,Ngn3 high EP
GAAATGACAACTGGCC,Ngn3 low EP
GAAATGACACATGACT,Ductal
GAAATGACATCTACGA,Alpha
GAAATGAGTCACCCAG,Ngn3 high EP
GAAATGAGTCGGATCC,Ductal
GAAATGAGTTGGGACA,Ductal
GAAATGATCGTCCGTT,Alpha
GAAATGATCTTCAACT,Beta
GAACATCAGACTACAA,Beta
GAACATCAGCAATATG,Ngn3 high EP
GAACATCCACATGTGT,Pre-endocrine
GAACATCGTAATCGTC,Ductal
GAACATCTCACAAACC,Ngn3 high EP
GAACATCTCTTAACCT,Ngn3 low EP
GAACCTAAGAATCTCC,Ductal
GAACCTAAGGGTGTTG,Pre-endocrine
GAACCTAAGGTGCACA,Ngn3 high EP
GAACCTAAGTAGATGT,Alpha
GAACCTACAGCGATCC,Alpha
GAACCTAGTGCTGTAT,Beta
GAACCTATCACTTATC,Beta
GAACCTATCCAATGGT,Ductal
GAACCTATCCGTCATC,Ngn3 low EP
GAACGGAAGACGCTTT,Pre-endocrine
GAACGGAAGGAGCGAG,Beta
GAACGGAAGGTGGGTT,Pre-endocrine
GAACGGAAGTCAAGCG,Alpha
GAACGGACAAGGACAC,Beta
GAACGGACAAGGTGTG,Ductal
GAACGGAGTAACGACG,Pre-endocrine
GAACGGATCACAACGT,Ductal
GAACGGATCTCTTGAT,Beta
GAACGGATCTGCCAGG,Beta
GAACGGATCTGCGGCA,Pre-endocrine
GAAGCAGCACCCTATC,Ngn3 high EP
GAAGCAGCACGAAAGC,Ngn3 low EP
GAAGCAGGTACGCACC,Ductal
GAAGCAGGTCCGAAGA,Ductal
GAAGCAGGTCGCGAAA,Pre-endocrine
GAAGCAGGTCTAGAGG,Epsilon
GAAGCAGTCAAGGCTT,Ductal
GAAGCAGTCTGCTTGC,Ngn3 high EP
GAATAAGCACGAAATA,Beta
GAATAAGCAGGAATCG,Beta
GAATAAGGTACCGTTA,Ductal
GAATAAGTCATGCATG,Alpha
GAATAAGTCCTAGGGC,Alpha
GAATAAGTCTGATACG,Ductal
GAATGAAAGAATGTGT,Ngn3 high EP
GAATGAAAGACAGACC,Ductal
GAATGAAAGGGTTTCT,Delta
GAATGAACAATCGAAA,Ductal
GAATGAACAGCCTTGG,Ductal
GAATGAATCATCGGAT,Beta
GAATGAATCCTGTAGA,Beta
GAATGAATCTGGTATG,Ductal
GACACGCAGTATGACA,Ngn3 high EP
GACACGCAGTGAAGTT,Beta
GACACGCCAAAGGAAG,Ductal
GACACGCCAACCGCCA,Beta
GACACGCCAATCGAAA,Ngn3 high EP
GACACGCCATGCTGGC,Beta
GACACGCGTATTAGCC,Ductal
GACACGCGTCAAAGAT,Beta
GACACGCGTCTCGTTC,Pre-endocrine
GACACGCTCGTTTATC,Ductal
GACACGCTCTGGTATG,Alpha
GACAGAGCACTGAAGG,Beta
GACAGAGCAGTCAGAG,Ngn3 high EP
GACAGAGGTTCGTGAT,Beta
GACAGAGGTTGCGCAC,Alpha
GACAGAGTCTCTAGGA,Pre-endocrine
GACCAATAGAATGTGT,Beta
GACCAATAGCCGGTAA,Ngn3 low EP
GACCAATCAAGTAATG,Ductal
GACCAATCAGACGCCT,Pre-endocrine
GACCAATCAGTGACAG,Beta
GACCAATGTAAGAGAG,Alpha
GACCAATGTACGAAAT,Ductal
GACCAATGTTACCGAT,Alpha
GACCAATGTTATCCGA,Alpha
GACCAATGTTGGACCC,Beta
GACCAATTCAACGGCC,Ngn3 high EP
GACCAATTCTTGCAAG,Ngn3 high EP
GACCTGGAGCGTGAAC,Alpha
GACCTGGAGTACGATA,Ductal
GACCTGGGTAGAGCTG,Alpha
GACCTGGGTTCGTGAT,Alpha
GACGCGTAGACGCACA,Alpha
GACGCGTCAAGGTTTC,Ductal
GACGCGTCAGTCGTGC,Ductal
GACGCGTCATTTCAGG,Ductal
GACGCGTGTCGGCTCA,Beta
GACGCGTTCGATGAGG,Ductal
GACGGCTAGGTGATAT,Ductal
GACGGCTAGTTTAGGA,Ductal
GACGGCTCAAAGTCAA,Ductal
GACGGCTCACCAGTTA,Pre-endocrine
GACGGCTCATCATCCC,Ngn3 high EP
GACGGCTTCAACTCTT,Pre-endocrine
GACGTGCAGAGAGCTC,Alpha
GACGTGCAGCTGATAA,Pre-endocrine
GACGTGCGTCACCTAA,Pre-endocrine
GACGTGCTCCGGCACA,Alpha
GACGTGCTCCTCTAGC,Ductal
GACGTGCTCTCGATGA,Pre-endocrine
GACGTTAAGACGCAAC,Ductal
GACGTTAAGACGCTTT,Ngn3 high EP
GACGTTACACGCCAGT,Ngn3 high EP
GACGTTACATCTCGCT,Beta
GACGTTAGTGTGAATA,Pre-endocrine
GACGTTATCGGAATCT,Ngn3 low EP
GACGTTATCGGAGCAA,Pre-endocrine
GACGTTATCGGTGTCG,Ngn3 high EP
GACTAACCACTCGACG,Ductal
GACTAACCAGGATTGG,Pre-endocrine
GACTAACCATGAGCGA,Alpha
GACTAACGTCATCCCT,Ngn3 high EP
GACTAACGTTTCCACC,Epsilon
GACTAACTCACTTCAT,Beta
GACTAACTCAGTCCCT,Ductal
GACTACAAGCGAGAAA,Pre-endocrine
GACTACAAGCGTGTCC,Pre-endocrine
GACTACAAGGACGAAA,Alpha
GACTACAAGTTCGCGC,Ngn3 high EP
GACTACACATATGAGA,Ductal
GACTACAGTAGCACGA,Pre-endocrine
GACTACAGTTCGTGAT,Ductal
GACTACATCATCTGCC,Beta
GACTACATCTGAGTGT,Beta
GACTGCGAGAATCTCC,Ngn3 high EP
GACTGCGAGCTCCTCT,Ductal
GACTGCGGTCGCCATG,Beta
GACTGCGGTGACCAAG,Ductal
GAGCAGAAGCCAGTTT,Pre-endocrine
GAGCAGAAGCGTGTCC,Ductal
GAGCAGAAGTGGAGTC,Pre-endocrine
GAGCAGACAAGTTCTG,Beta
GAGCAGACAGACACTT,Ductal
GAGCAGACAGCTTAAC,Alpha
GAGCAGACATCGGTTA,Alpha
GAGCAGAGTCCTAGCG,Ductal
GAGCAGAGTTTGCATG,Beta
GAGCAGATCAACTCTT,Pre-endocrine
GAGCAGATCCGTTGCT,Ngn3 high EP
GAGGTGAAGCTACCTA,Ductal
GAGGTGAGTAGTGAAT,Ductal
GAGGTGAGTATGGTTC,Ngn3 high EP
GAGGTGAGTCATTAGC,Delta
GAGGTGAGTCCGAGTC,Ngn3 low EP
GAGGTGAGTCCGCTGA,Pre-endocrine
GAGGTGAGTGAAATCA,Ductal
GAGGTGAGTGACAAAT,Ductal
GAGGTGAGTGCGGTAA,Pre-endocrine
GAGGTGAGTTCCAACA,Beta
GAGGTGATCAACGAAA,Beta
GAGGTGATCTAGCACA,Ductal
GAGTCCGAGCGATGAC,Ngn3 high EP
GAGTCCGAGTACGACG,Ngn3 high EP
GAGTCCGAGTTAAGTG,Ductal
GAGTCCGCAATTGCTG,Ductal
GAGTCCGCATAAGACA,Pre-endocrine
GAGTCCGGTACAGACG,Beta
GAGTCCGGTCCTCTTG,Pre-endocrine
GAGTCCGGTCTAGGTT,Beta
GATCAGTAGGATGCGT,Ngn3 high EP
GATCAGTAGGTGATAT,Beta
GATCAGTAGGTTCCTA,Ngn3 high EP
GATCAGTCACAGGAGT,Pre-endocrine
GATCAGTCACCTTGTC,Pre-endocrine
GATCAGTCATCACAAC,Ductal
GATCAGTGTAACGACG,Ngn3 high EP
GATCAGTGTATAATGG,Ductal
GATCAGTTCAACTCTT,Ductal
GATCAGTTCCCGGATG,Ngn3 high EP
GATCAGTTCGGCGCAT,Ngn3 low EP
GATCGATAGAAAGTGG,Pre-endocrine
GATCGATAGATCCCGC,Delta
GATCGATAGGATGGTC,Alpha
GATCGATCAGCTGTGC,Beta
GATCGATCAGTCGATT,Alpha
GATCGATCAGTGGGAT,Ngn3 high EP
GATCGATGTAGCGATG,Beta
GATCGATGTGCAACTT,Pre-endocrine
GATCGATGTTGTTTGG,Alpha
GATCGATTCAAGATCC,Ngn3 low EP
GATCGATTCAGGCAAG,Ngn3 high EP
GATCGCGAGCGTTGCC,Delta
GATCGCGAGCTGAACG,Ductal
GATCGCGCACCAGGCT,Pre-endocrine
GATCGCGCAGCCTTTC,Ductal
GATCGCGTCTGGAGCC,Ductal
GATCGCGTCTTTACGT,Pre-endocrine
GATCGTAAGTAGGTGC,Pre-endocrine
GATCGTAAGTGCAAGC,Epsilon
GATCGTACAGGCGATA,Pre-endocrine
GATCGTAGTCCTAGCG,Ductal
GATCGTAGTGATGTGG,Pre-endocrine
GATCTAGAGCTAGCCC,Beta
GATCTAGAGTCGCCGT,Pre-endocrine
GATCTAGAGTTCCACA,Beta
GATCTAGCAGCGTAAG,Ductal
GATCTAGCATCACCCT,Ngn3 high EP
GATCTAGGTCCAGTGC,Pre-endocrine
GATCTAGGTGCACGAA,Ductal
GATCTAGGTGCCTTGG,Ductal
GATCTAGGTTAGTGGG,Ngn3 high EP
GATCTAGGTTGAGTTC,Pre-endocrine
GATCTAGTCCTGTAGA,Alpha
GATCTAGTCTTGCAAG,Beta
GATGAAAAGACAGACC,Ductal
GATGAAAAGCTGCGAA,Alpha
GATGAAAAGTTGTAGA,Ngn3 low EP
GATGAAACAGGCTGAA,Alpha
GATGAAACATGGTTGT,Ductal
GATGAAAGTGCAGGTA,Ductal
GATGAGGAGAAACCTA,Beta
GATGAGGAGTGGACGT,Ngn3 high EP
GATGAGGAGTTTCCTT,Beta
GATGAGGCAGGTTTCA,Ngn3 low EP
GATGAGGGTCGACTGC,Beta
GATGAGGGTCTTGCGG,Ductal
GATGAGGTCTGGGCCA,Ductal
GATGCTAAGCGATAGC,Ngn3 high EP
GATGCTACAAGCGCTC,Ngn3 high EP
GATGCTAGTACGAAAT,Beta
GATGCTAGTAGAAGGA,Ductal
GATGCTAGTGTTAAGA,Pre-endocrine
GATGCTATCATATCGG,Pre-endocrine
GATGCTATCCCTCTTT,Pre-endocrine
GATTCAGAGCGATGAC,Pre-endocrine
GATTCAGAGTACGTTC,Alpha
GATTCAGCAGGTTTCA,Ngn3 high EP
GATTCAGCATTGAGCT,Ngn3 high EP
GATTCAGGTCCGACGT,Pre-endocrine
GATTCAGTCGCCAGCA,Pre-endocrine
GATTCAGTCGTCCAGG,Delta
GCAAACTAGGTACTCT,Ngn3 low EP
GCAAACTCACGAGAGT,Delta
GCAAACTCAGACAAAT,Beta
GCAAACTGTCCGCTGA,Ngn3 low EP
GCAAACTTCCCTCAGT,Beta
GCAAACTTCGGAATCT,Alpha
GCAAACTTCGGCTACG,Alpha
GCAATCAAGAATCTCC,Ductal
GCAATCAAGATGTTAG,Ngn3 high EP
GCAATCACAGATTGCT,Pre-endocrine
GCAATCACAGCTGCTG,Alpha
GCAATCAGTGTTAAGA,Pre-endocrine
GCAATCATCCAAACAC,Beta
GCAATCATCCAACCAA,Ductal
GCACATAAGCAATATG,Ngn3 low EP
GCACATAAGTATCTCG,Ductal
GCACATACATTACGAC,Ngn3 high EP
GCACATACATTGGTAC,Alpha
GCACATATCAAGCCTA,Beta
GCACATATCACGGTTA,Ngn3 low EP
GCACATATCTTAGCCC,Ngn3 high EP
GCACTCTCAGCGTCCA,Epsilon
GCACTCTGTCTGCAAT,Beta
GCACTCTTCCGGCACA,Ngn3 low EP
GCAGCCAAGCGGATCA,Pre-endocrine
GCAGCCACACACGCTG,Ductal
GCAGCCACAGCGTTCG,Ngn3 high EP
GCAGCCAGTCATTAGC,Beta
GCAGCCAGTCTAGCGC,Ductal
GCAGCCATCACGGTTA,Ductal
GCAGCCATCGACCAGC,Ngn3 low EP
GCAGCCATCTCATTCA,Ductal
GCAGTTAAGATCACGG,Ductal
GCAGTTACAAACCCAT,Beta
GCAGTTACATTTCACT,Pre-endocrine
GCAGTTAGTAATCACC,Ngn3 high EP
GCAGTTAGTGAGGGTT,Ngn3 high EP
GCAGTTAGTTCCCTTG,Delta
GCAGTTATCTTATCTG,Alpha
GCAGTTATCTTGAGAC,Ductal
GCATACAAGCACGCCT,Beta
GCATACACAATGCCAT,Beta
GCATACAGTAAGTTCC,Pre-endocrine
GCATACAGTATCTGCA,Pre-endocrine
GCATGATAGCCTTGAT,Ngn3 high EP
GCATGATAGGATGGTC,Ngn3 high EP
GCATGATCAAGCGAGT,Beta
GCATGATCATGCATGT,Beta
GCATGATCATTGAGCT,Ductal
GCATGATGTCACTGGC,Alpha
GCATGATGTTTAGGAA,Beta
GCATGATTCAAACGGG,Ductal
GCATGATTCAGCACAT,Alpha
GCATGATTCGCCCTTA,Beta
GCATGCGAGGAACTGC,Pre-endocrine
GCATGCGCAAATTGCC,Ngn3 high EP
GCATGCGCACAAGTAA,Ductal
GCATGCGCACTAGTAC,Alpha
GCATGCGCACTTAAGC,Ngn3 low EP
GCATGCGCAGCTCCGA,Beta
GCATGCGGTAAGTGGC,Ngn3 high EP
GCATGCGGTACAGACG,Ngn3 high EP
GCATGCGTCCTCCTAG,Delta
GCATGTAAGAATCTCC,Beta
GCATGTAAGCCACTAT,Beta
GCATGTAAGCGTGTCC,Epsilon
GCATGTAAGCTGTCTA,Ngn3 high EP
GCATGTACACTGCCAG,Alpha
GCATGTACACTTACGA,Pre-endocrine
GCATGTACATAAGACA,Delta
GCATGTAGTTGCGCAC,Alpha
GCATGTATCACGATGT,Pre-endocrine
GCATGTATCGCCAGCA,Pre-endocrine
GCATGTATCGTGGACC,Alpha
GCCAAATCATTTGCTT,Pre-endocrine
GCCAAATGTAAACACA,Pre-endocrine
GCCAAATTCAACACCA,Beta
GCCAAATTCAGTGTTG,Beta
GCCTCTAAGAGTTGGC,Beta
GCCTCTAAGCTAGTCT,Delta
GCCTCTAAGGCAATTA,Pre-endocrine
GCCTCTAAGTCCGGTC,Ngn3 high EP
GCCTCTAGTGACGCCT,Ngn3 low EP
GCCTCTAGTGACTACT,Pre-endocrine
GCCTCTATCGCTTAGA,Ngn3 low EP
GCCTCTATCTTCCTTC,Ductal
GCGACCAAGCCATCGC,Ductal
GCGACCAAGTTGCAGG,Beta
GCGACCACACGTTGGC,Alpha
GCGACCAGTACAAGTA,Ngn3 low EP
GCGACCAGTTGCCTCT,Ductal
GCGACCATCACCAGGC,Alpha
GCGACCATCCATTCTA,Ductal
GCGAGAAAGAGGGCTT,Ductal
GCGAGAACACCTATCC,Alpha
GCGAGAAGTATATGGA,Ngn3 high EP
GCGAGAAGTGGGTATG,Alpha
GCGAGAATCCGAATGT,Ngn3 high EP
GCGCAACAGTGTACCT,Pre-endocrine
GCGCAACAGTTACGGG,Beta
GCGCAACCAACACCTA,Ngn3 high EP
GCGCAACCACCAGCAC,Pre-endocrine
GCGCAACGTCGAAAGC,Ngn3 low EP
GCGCAACGTTTCGCTC,Beta
GCGCAACTCACAACGT,Ductal
GCGCAACTCCGCATCT,Ductal
GCGCAGTCACCATCCT,Ductal
GCGCAGTCACGAAACG,Pre-endocrine
GCGCAGTCATCCGTGG,Ngn3 high EP
GCGCAGTCATGCATGT,Ductal
GCGCAGTGTACGCACC,Beta
GCGCAGTGTCATACTG,Ngn3 high EP
GCGCAGTGTCCTAGCG,Ductal
GCGCAGTGTGCTAGCC,Pre-endocrine
GCGCAGTGTTAGAACA,Epsilon
GCGCAGTTCACCGGGT,Alpha
GCGCAGTTCGTCTGAA,Ngn3 high EP
GCGCCAAAGAGGTTAT,Ductal
GCGCCAAAGCTCCTTC,Alpha
GCGCCAACAAACCCAT,Beta
GCGCCAACAAATTGCC,Beta
GCGCCAACAATCAGAA,Ngn3 high EP
GCGCCAACACCTCGGA,Beta
GCGCCAAGTGCACGAA,Pre-endocrine
GCGCCAATCGGACAAG,Ductal
GCGCCAATCTTATCTG,Pre-endocrine
GCGCGATCAAATTGCC,Ngn3 high EP
GCGCGATCACTAAGTC,Beta
GCGCGATGTCCGAATT,Beta
GCGCGATGTGGCGAAT,Ngn3 high EP
GCGCGATTCAAACCAC,Pre-endocrine
GCGCGATTCGCGTAGC,Ngn3 low EP
GCGGGTTAGACTTGAA,Ngn3 high EP
GCGGGTTCAAGTAATG,Alpha
GCGGGTTGTCAGTGGA,Pre-endocrine
GCGGGTTGTTACTGAC,Ductal
GCGGGTTTCTGATTCT,Ductal
GCTCCTAAGACTCGGA,Beta
GCTCCTAAGAGTACCG,Alpha
GCTCCTAAGGGCATGT,Beta
GCTCCTAGTCGGGTCT,Ductal
GCTCCTAGTGGTGTAG,Ngn3 low EP
GCTCCTATCTCACATT,Ductal
GCTCTGTAGAGCTGGT,Ngn3 low EP
GCTCTGTAGCCACCTG,Pre-endocrine
GCTCTGTAGCGTGAGT,Ngn3 high EP
GCTCTGTAGCTGAACG,Ngn3 high EP
GCTCTGTAGTGTACGG,Ngn3 high EP
GCTCTGTGTCCATGAT,Pre-endocrine
GCTCTGTTCGCTTAGA,Ductal
GCTGCAGAGAAGAAGC,Ngn3 high EP
GCTGCAGCAATCCAAC,Ductal
GCTGCAGCATTCTCAT,Ngn3 high EP
GCTGCAGGTAGCCTAT,Ngn3 low EP
GCTGCAGGTCTCCACT,Beta
GCTGCAGGTTACCGAT,Ductal
GCTGCAGTCGAGCCCA,Pre-endocrine
GCTGCAGTCTGTACGA,Ngn3 high EP
GCTGCGAAGAACAACT,Alpha
GCTGCGAAGCTAGCCC,Ngn3 low EP
GCTGCGAAGTATTGGA,Ngn3 high EP
GCTGCGACAATCGGTT,Ngn3 high EP
GCTGCGACACTGAAGG,Beta
GCTGCGAGTCGTCTTC,Ngn3 high EP
GCTGCGATCCCGGATG,Pre-endocrine
GCTGCGATCGGCTACG,Beta
GCTGCGATCTAGCACA,Epsilon
GCTGCTTAGATACACA,Beta
GCTGCTTAGATCTGCT,Pre-endocrine
GCTGCTTAGTATCGAA,Alpha
GCTGCTTGTCACTTCC,Pre-endocrine
GCTGCTTGTCTTCAAG,Ductal
GCTGCTTTCCTCGCAT,Ngn3 low EP
GCTGCTTTCTGGTGTA,Ngn3 low EP
GCTGGGTCACGAGGTA,Ngn3 low EP
GCTGGGTGTCATACTG,Beta
GCTGGGTGTCTAGAGG,Ngn3 high EP
GCTGGGTTCACATGCA,Ngn3 high EP
GCTGGGTTCGCCATAA,Beta
GCTTCCAAGACATAAC,Alpha
GCTTCCAAGACTGGGT,Ductal
GCTTCCAAGTTAAGTG,Alpha
GCTTCCACACAGCCCA,Epsilon
GCTTCCAGTACCATCA,Ductal
GCTTCCAGTAGCGTAG,Alpha
GCTTGAAAGAGGTAGA,Beta
GCTTGAACATGTAAGA,Ductal
GCTTGAACATTTGCTT,Alpha
GCTTGAAGTAAGTAGT,Beta
GCTTGAAGTATCACCA,Pre-endocrine
GCTTGAAGTCAACTGT,Beta
GCTTGAAGTCTAAAGA,Pre-endocrine
GCTTGAATCCCTCAGT,Ngn3 high EP
GGAAAGCAGGCATGGT,Beta
GGAAAGCCAATGTAAG,Pre-endocrine
GGAAAGCGTACGCACC,Ductal
GGAAAGCGTAGTACCT,Alpha
GGAAAGCGTCTTGATG,Ductal
GGAAAGCTCTCGGACG,Ductal
GGAACTTAGGTGTTAA,Ductal
GGAACTTAGGTTACCT,Ngn3 low EP
GGAACTTCAAGCGAGT,Epsilon
GGAACTTGTCGAACAG,Ductal
GGAACTTGTTTGTTTC,Ductal
GGAATAAAGAGGGATA,Pre-endocrine
GGAATAAAGCTGCGAA,Alpha
GGAATAAAGGTTACCT,Ductal
GGAATAACACGACGAA,Ductal
GGAATAACATCCTAGA,Pre-endocrine
GGAATAAGTAAGAGAG,Beta
GGAATAAGTAGCTAAA,Ngn3 low EP
GGAATAAGTGAGGCTA,Ngn3 high EP
GGAATAAGTTCGGGCT,Ductal
GGACAAGAGTCCGGTC,Alpha
GGACAAGCAAGTTAAG,Ngn3 high EP
GGACAAGCAATAAGCA,Ngn3 high EP
GGACAAGCATTATCTC,Ductal
GGACAAGGTGATAAGT,Ductal
GGACAAGGTGTGTGCC,Beta
GGACAAGGTTACTGAC,Beta
GGACAAGTCAAAGACA,Ngn3 high EP
GGACAAGTCATAACCG,Pre-endocrine
GGACAAGTCCGCGGTA,Pre-endocrine
GGACAGAAGGCCGAAT,Beta
GGACAGAAGTGGAGAA,Ngn3 low EP
GGACAGACAATCCAAC,Pre-endocrine
GGACAGACACCGAATT,Beta
GGACAGAGTCAGCTAT,Alpha
GGACAGATCAGCATGT,Ngn3 high EP
GGACAGATCAGGCGAA,Beta
GGACAGATCCTGCAGG,Ductal
GGACAGATCCTTTCGG,Ngn3 high EP
GGACATTAGAAACCAT,Ductal
GGACATTAGCCGTCGT,Ductal
GGACATTCAAGTTCTG,Ductal
GGACATTGTCTCCCTA,Epsilon
GGACATTGTGCGGTAA,Ngn3 low EP
GGACGTCAGGGTGTTG,Pre-endocrine
GGACGTCCAAGAGTCG,Epsilon
GGACGTCCACGCATCG,Ngn3 low EP
GGACGTCCAGACGCAA,Ductal
GGACGTCCAGGGAGAG,Ductal
GGACGTCCAGTATCTG,Ductal
GGACGTCCATGGATGG,Ngn3 high EP
GGACGTCGTCAGAAGC,Pre-endocrine
GGACGTCGTCGAGATG,Epsilon
GGACGTCGTCTAGGTT,Beta
GGACGTCGTCTTGTCC,Pre-endocrine
GGACGTCGTTTAGCTG,Ductal
GGACGTCTCCTAGTGA,Ngn3 low EP
GGAGCAAAGCTTCGCG,Ductal
GGAGCAAAGGGCATGT,Beta
GGAGCAACAAGCGCTC,Beta
GGAGCAACAGTCACTA,Ngn3 low EP
GGAGCAACATCGATTG,Pre-endocrine
GGAGCAAGTATCACCA,Pre-endocrine
GGAGCAAGTTGATTGC,Beta
GGAGCAATCATCGATG,Beta
GGATGTTAGCTCTCGG,Pre-endocrine
GGATGTTAGTAAGTAC,Alpha
GGATGTTCACTGAAGG,Alpha
GGATGTTCATCGGAAG,Ductal
GGATGTTGTAAGTAGT,Ductal
GGATGTTGTCTGGAGA,Beta
GGATGTTGTGCAACGA,Beta
GGATGTTGTTACGCGC,Alpha
GGATGTTTCAGAGGTG,Alpha
GGATGTTTCCAGTATG,Ngn3 high EP
GGATGTTTCGTCACGG,Ductal
GGATGTTTCTGGCGAC,Ngn3 high EP
GGATTACAGACATAAC,Ngn3 high EP
GGATTACAGACCTTTG,Ductal
GGATTACAGACTACAA,Alpha
GGATTACAGCCACTAT,Epsilon
GGATTACAGGTCGGAT,Pre-endocrine
GGATTACAGTGAACGC,Ductal
GGATTACGTATCTGCA,Pre-endocrine
GGCAATTAGACTAGGC,Ngn3 high EP
GGCAATTCACGGCTAC,Alpha
GGCAATTCAGACTCGC,Alpha
GGCAATTCATCTCCCA,Ngn3 high EP
GGCAATTGTAGAGCTG,Beta
GGCAATTGTCCATCCT,Alpha
GGCAATTTCACATGCA,Delta
GGCAATTTCATCGGAT,Beta
GGCAATTTCCGAATGT,Ngn3 high EP
GGCCGATAGCAACGGT,Ductal
GGCCGATAGGGCACTA,Ductal
GGCCGATGTCAAACTC,Ngn3 high EP
GGCCGATTCACTCTTA,Ngn3 low EP
GGCCGATTCAGAGACG,Ngn3 high EP
GGCCGATTCTCGCATC,Ngn3 high EP
GGCGACTAGCGTAATA,Ductal
GGCGACTCACAGCGTC,Beta
GGCGACTCACCAGGTC,Ngn3 low EP
GGCGACTGTAAGTTCC,Beta
GGCGACTTCCACGAAT,Pre-endocrine
GGCGTGTCAACTGCTA,Alpha
GGCGTGTCACATCCAA,Ductal
GGCGTGTCACCAGGTC,Ngn3 high EP
GGCGTGTCACCGATAT,Pre-endocrine
GGCGTGTCAGGAATCG,Pre-endocrine
GGCGTGTGTCCGACGT,Ngn3 low EP
GGCGTGTTCAGCTTAG,Alpha
GGCGTGTTCGAGAGCA,Pre-endocrine
GGCGTGTTCGTGGGAA,Pre-endocrine
GGCGTGTTCTCGTATT,Beta
GGCTCGAAGATCACGG,Pre-endocrine
GGCTCGAAGTGACTCT,Delta
GGCTCGACACCACGTG,Ductal
GGCTCGACAGCTATTG,Beta
GGCTCGACAGCTTCGG,Beta
GGCTCGAGTCACCTAA,Ngn3 high EP
GGCTCGAGTCGCTTCT,Pre-endocrine
GGCTCGATCATCGATG,Pre-endocrine
GGCTGGTAGTCACGCC,Ngn3 high EP
GGCTGGTCAAGGTGTG,Alpha
GGCTGGTCATACCATG,Beta
GGCTGGTGTAGCAAAT,Ductal
GGCTGGTGTGCTCTTC,Pre-endocrine
GGCTGGTTCATGCATG,Ngn3 high EP
GGGAATGAGCACACAG,Epsilon
GGGAATGAGGAGCGAG,Pre-endocrine
GGGAATGAGTGTACGG,Ductal
GGGAATGCAAAGTGCG,Beta
GGGAATGCAAGACGTG,Alpha
GGGAATGCAATGTTGC,Ductal
GGGAATGCACATTTCT,Ductal
GGGAATGGTCGCATAT,Ductal
GGGAATGGTCGGCTCA,Ngn3 low EP
GGGAATGGTTGAGGTG,Ductal
GGGAATGTCACAAACC,Ngn3 high EP
GGGAATGTCAGCATGT,Ngn3 high EP
GGGAATGTCGACCAGC,Ngn3 high EP
GGGACCTAGCTGCCCA,Ngn3 high EP
GGGACCTAGTGCCAGA,Epsilon
GGGACCTCACAGAGGT,Pre-endocrine
GGGACCTCACGCCAGT,Ngn3 high EP
GGGACCTCACTGTCGG,Pre-endocrine
GGGACCTGTATGAAAC,Ngn3 high EP
GGGACCTGTCAGCTAT,Alpha
GGGACCTGTTGGACCC,Epsilon
GGGACCTTCATAGCAC,Ductal
GGGACCTTCGAATGCT,Ductal
GGGAGATAGATGTGGC,Beta
GGGAGATAGCGAAGGG,Beta
GGGAGATAGCGTTCCG,Beta
GGGAGATAGTGACATA,Beta
GGGAGATGTCTTCTCG,Ngn3 high EP
GGGAGATGTTAAAGAC,Epsilon
GGGAGATGTTCGCTAA,Beta
GGGAGATGTTTGTGTG,Pre-endocrine
GGGAGATTCTGGCGTG,Ductal
GGGATGAAGGATGCGT,Beta
GGGATGAAGGGCATGT,Alpha
GGGATGAGTCGTCTTC,Ductal
GGGATGAGTCTCACCT,Beta
GGGATGAGTCTGCGGT,Beta
GGGATGAGTTGTGGAG,Ngn3 high EP
GGGATGATCTGTCCGT,Beta
GGGCACTAGGAGTTGC,Ngn3 high EP
GGGCACTCAATGAAAC,Ngn3 high EP
GGGCACTCATTTCAGG,Ductal
GGGCACTGTCTCCATC,Pre-endocrine
GGGCACTGTGGCAAAC,Ductal
GGGCACTTCACGAAGG,Ngn3 low EP
GGGCACTTCGGCGCTA,Pre-endocrine
GGGCACTTCTAACTGG,Ductal
GGGCACTTCTGTCTCG,Pre-endocrine
GGGCATCAGGAATTAC,Ngn3 high EP
GGGCATCCATGACATC,Ductal
GGGCATCCATTTCAGG,Alpha
GGGCATCGTGGTCTCG,Ngn3 high EP
GGGCATCTCGGTTCGG,Ngn3 high EP
GGGTCTGAGATGTTAG,Pre-endocrine
GGGTCTGCACAGGCCT,Ngn3 high EP
GGGTCTGCAGCAGTTT,Epsilon
GGGTCTGCATGAAGTA,Ngn3 high EP
GGGTCTGGTAAACCTC,Ngn3 low EP
GGGTCTGTCATGTGGT,Pre-endocrine
GGGTCTGTCCATGAAC,Beta
GGGTCTGTCTGCCCTA,Beta
GGGTTGCAGTGCCATT,Ngn3 high EP
GGGTTGCCAAGCTGAG,Ngn3 low EP
GGGTTGCGTACAAGTA,Alpha
GGGTTGCTCCCAGGTG,Pre-endocrine
GGGTTGCTCCTTTACA,Ductal
GGGTTGCTCGAACGGA,Ductal
GGTATTGCACGAAACG,Ductal
GGTATTGCATCTGGTA,Ductal
GGTATTGGTACTCGCG,Ngn3 high EP
GGTATTGGTCACCCAG,Ngn3 low EP
GGTATTGGTCCCGACA,Ductal
GGTATTGGTTGATTGC,Pre-endocrine
GGTATTGTCAGGTTCA,Alpha
GGTGAAGAGCAGGTCA,Pre-endocrine
GGTGAAGAGGTAAACT,Ngn3 high EP
GGTGAAGAGTTCGCAT,Epsilon
GGTGCGTAGCGTCAAG,Alpha
GGTGCGTGTCCGAGTC,Ductal
GGTGCGTTCACAGTAC,Alpha
GGTGCGTTCACCGTAA,Pre-endocrine
GGTGCGTTCTGGTATG,Beta
GGTGCGTTCTTGCAAG,Ngn3 high EP
GGTGTTAAGAGCCCAA,Pre-endocrine
GGTGTTAAGGATCGCA,Ductal
GGTGTTACACCTCGGA,Epsilon
GGTGTTACAGGTGCCT,Ductal
GGTGTTACATGTTGAC,Beta
GGTGTTAGTTCCTCCA,Ductal
GTAACGTCAGCCTATA,Beta
GTAACGTCATCGGAAG,Ngn3 high EP
GTAACGTGTACCGGCT,Alpha
GTAACGTGTCACTGGC,Ductal
GTAACGTGTGCCTGCA,Ngn3 high EP
GTAACGTTCAATCTCT,Pre-endocrine
GTAACGTTCCAGAGGA,Pre-endocrine
GTAACGTTCTTGAGAC,Alpha
GTAACTGAGCCGGTAA,Beta
GTAACTGAGCGAGAAA,Beta
GTAACTGAGGTGCTTT,Alpha
GTAACTGAGTGCTGCC,Pre-endocrine
GTAACTGGTCACTGGC,Pre-endocrine
GTAACTGTCAGTGCAT,Ductal
GTACGTAAGAGGTTGC,Ductal
GTACGTAAGCTTCGCG,Epsilon
GTACGTAAGCTTTGGT,Ductal
GTACGTAAGTCCCACG,Ngn3 high EP
GTACGTACATCGATGT,Ngn3 high EP
GTACGTAGTCTCTTTA,Beta
GTACGTAGTGATGCCC,Ductal
GTACGTATCATATCGG,Pre-endocrine
GTACGTATCATTCACT,Beta
GTACGTATCCAGTATG,Ductal
GTACTCCCACAGGTTT,Pre-endocrine
GTACTCCCACGTCTCT,Ngn3 low EP
GTACTCCCACTACAGT,Alpha
GTACTCCGTAGCGATG,Beta
GTACTCCGTTAAGAAC,Pre-endocrine
GTACTCCTCCAACCAA,Ngn3 high EP
GTACTCCTCGCCGTGA,Ductal
GTACTCCTCTCTTATG,Alpha
GTACTTTAGATATGCA,Pre-endocrine
GTACTTTAGCCTTGAT,Ngn3 low EP
GTACTTTCAACGATCT,Ngn3 high EP
GTACTTTCATGCATGT,Alpha
GTACTTTCATGCCCGA,Pre-endocrine
GTACTTTCATGGTCAT,Ngn3 high EP
GTACTTTGTACCGTAT,Delta
GTACTTTGTATATGAG,Epsilon
GTACTTTTCAGTTCGA,Epsilon
GTACTTTTCCCTAATT,Ngn3 high EP
GTACTTTTCGGCGCAT,Ngn3 low EP
GTACTTTTCTAACTTC,Ductal
GTACTTTTCTTCGGTC,Beta
GTAGGCCAGCTAACAA,Pre-endocrine
GTAGGCCCACTTCTGC,Beta
GTAGGCCGTAGCGCAA,Ngn3 low EP
GTAGGCCGTATGCTTG,Beta
GTAGGCCGTCAATGTC,Ngn3 high EP
GTAGGCCGTTACCAGT,Beta
GTAGGCCGTTGTACAC,Ductal
GTAGGCCTCTAACTCT,Ngn3 low EP
GTAGTCAAGCACGCCT,Ngn3 low EP
GTAGTCACATCGATGT,Ngn3 high EP
GTAGTCAGTACTCAAC,Pre-endocrine
GTAGTCAGTCCGACGT,Ngn3 high EP
GTAGTCAGTCCGCTGA,Ngn3 high EP
GTAGTCAGTGACGCCT,Ngn3 high EP
GTAGTCAGTGCCTGTG,Pre-endocrine
GTAGTCATCCTTTCGG,Ngn3 high EP
GTATCTTAGATAGCAT,Ngn3 low EP
GTATCTTAGTAATCCC,Ductal
GTATCTTCACTTGGAT,Ductal
GTATCTTCAGTGGGAT,Ductal
GTATCTTCATCGATGT,Ngn3 high EP
GTATCTTGTACTCAAC,Alpha
GTATCTTGTCGCGGTT,Ngn3 high EP
GTATCTTGTGGCCCTA,Ngn3 high EP
GTATCTTTCAGAAATG,Ductal
GTATCTTTCGTGGACC,Pre-endocrine
GTATCTTTCTTTAGTC,Alpha
GTATTCTAGGTGCTTT,Ngn3 low EP
GTATTCTCAACGATCT,Ngn3 high EP
GTATTCTCACATTAGC,Ductal
GTATTCTCACTTGGAT,Ductal
GTATTCTCATCTCGCT,Beta
GTATTCTGTCCGTCAG,Ngn3 low EP
GTATTCTTCACTTACT,Pre-endocrine
GTATTCTTCAGGTAAA,Ductal
GTATTCTTCTCTAAGG,Delta
GTCAAGTAGTATCGAA,Alpha
GTCAAGTCAAAGTGCG,Ductal
GTCAAGTCACACATGT,Ngn3 high EP
GTCAAGTGTAACGTTC,Ductal
GTCAAGTGTACGCACC,Epsilon
GTCAAGTGTGGTCCGT,Ductal
GTCACAAAGAAACCTA,Pre-endocrine
GTCACAACACGTCTCT,Ngn3 high EP
GTCACAAGTCGAGTTT,Ngn3 high EP
GTCACAATCTATCCCG,Ductal
GTCACAATCTGTCTAT,Ngn3 high EP
GTCACGGAGCTATGCT,Epsilon
GTCACGGAGTCCCACG,Pre-endocrine
GTCACGGCACTTCGAA,Pre-endocrine
GTCACGGCATACTACG,Beta
GTCACGGCATCCGTGG,Pre-endocrine
GTCACGGTCACCGGGT,Ngn3 high EP
GTCACGGTCTTGCCGT,Pre-endocrine
GTCATTTCACGGATAG,Ductal
GTCATTTGTCGTCTTC,Beta
GTCATTTGTCTCAACA,Ductal
GTCATTTGTGATGTCT,Ngn3 high EP
GTCATTTTCATAGCAC,Ngn3 high EP
GTCATTTTCCCTGACT,Ngn3 low EP
GTCATTTTCCGAACGC,Ductal
GTCCTCAAGAAGGTGA,Pre-endocrine
GTCCTCAAGACAATAC,Ngn3 low EP
GTCCTCAAGTTCGATC,Alpha
GTCCTCACAAGTAATG,Ngn3 low EP
GTCCTCACACCACGTG,Beta
GTCCTCACATGACATC,Pre-endocrine
GTCCTCAGTGGAAAGA,Ductal
GTCCTCATCATTTGGG,Ngn3 high EP
GTCCTCATCTACTTAC,Ductal
GTCCTCATCTGGAGCC,Ngn3 high EP
GTCGGGTCACATGACT,Ductal
GTCGGGTCACGCCAGT,Alpha
GTCGGGTCAGGCTGAA,Beta
GTCGGGTGTCTGCAAT,Alpha
GTCGGGTGTGCAACTT,Alpha
GTCGGGTGTTTGGCGC,Ngn3 high EP
GTCGTAAAGGTGATTA,Pre-endocrine
GTCGTAAAGTTTAGGA,Epsilon
GTCGTAACATGAACCT,Ductal
GTCGTAAGTGACTCAT,Ngn3 high EP
GTCGTAATCAGCACAT,Ngn3 high EP
GTCGTAATCCACTCCA,Beta
GTCGTAATCGTTGACA,Ngn3 high EP
GTCTCGTAGATCTGCT,Beta
GTCTCGTAGCTGTCTA,Ductal
GTCTCGTAGGCTAGAC,Ngn3 high EP
GTCTCGTCACGTGAGA,Ductal
GTCTCGTCATAGTAAG,Ngn3 high EP
GTCTCGTCATTCGACA,Ngn3 low EP
GTCTCGTGTCCCTTGT,Ngn3 high EP
GTCTCGTTCACTTCAT,Ngn3 high EP
GTCTCGTTCCTAGGGC,Alpha
GTCTCGTTCTGCGTAA,Beta
GTCTCGTTCTGTTGAG,Beta
GTCTTCGAGCGTGAGT,Pre-endocrine
GTCTTCGAGGCACATG,Beta
GTCTTCGCATGTAGTC,Delta
GTCTTCGGTCAGAGGT,Pre-endocrine
GTCTTCGGTGACGCCT,Alpha
GTCTTCGGTGTCAATC,Ductal
GTCTTCGGTTACAGAA,Alpha
GTCTTCGGTTTAAGCC,Ngn3 high EP
GTCTTCGTCCCTAATT,Ductal
GTCTTCGTCCGTTGCT,Alpha
GTCTTCGTCCTACAGA,Ductal
GTCTTCGTCTACCAGA,Pre-endocrine
GTCTTCGTCTGCGTAA,Ductal
GTCTTCGTCTTTCCTC,Epsilon
GTGAAGGTCAGGCCCA,Pre-endocrine
GTGAAGGTCTCTTATG,Beta
GTGAAGGTCTTAACCT,Alpha
GTGCAGCAGCTAAGAT,Alpha
GTGCAGCAGCTATGCT,Ngn3 high EP
GTGCAGCAGGATGTAT,Ngn3 low EP
GTGCAGCCACCTTGTC,Ngn3 high EP
GTGCAGCGTCTCTTAT,Ductal
GTGCAGCTCATCGCTC,Beta
GTGCAGCTCGTTTATC,Pre-endocrine
GTGCAGCTCTAAGCCA,Pre-endocrine
GTGCATAAGAACAATC,Pre-endocrine
GTGCATAAGAATGTTG,Ductal
GTGCATAAGACTAGAT,Ductal
GTGCATAAGCTCCTCT,Ductal
GTGCATACAATAGCAA,Ductal
GTGCATAGTCTCCATC,Ngn3 high EP
GTGCATAGTTCAACCA,Alpha
GTGCATATCAAGGCTT,Epsilon
GTGCATATCAGAGACG,Beta
GTGCATATCTCCCTGA,Ngn3 low EP
GTGCATATCTCGCATC,Beta
GTGCGGTAGTAGGCCA,Ductal
GTGCGGTAGTGAATTG,Beta
GTGCGGTCAAAGCAAT,Pre-endocrine
GTGCGGTCACCGAATT,Alpha
GTGCGGTCAGCGTAAG,Ngn3 high EP
GTGCGGTCATTTGCCC,Pre-endocrine
GTGCGGTGTCATCGGC,Pre-endocrine
GTGCGGTGTGTCCTCT,Ductal
GTGCGGTTCTGATTCT,Beta
GTGCTTCAGAGGGATA,Alpha
GTGCTTCGTGAGGGTT,Pre-endocrine
GTGCTTCGTTGGTAAA,Alpha
GTGCTTCTCACGACTA,Beta
GTGCTTCTCAGATAAG,Ngn3 high EP
GTGCTTCTCCAAACTG,Ductal
GTGCTTCTCCTTTACA,Ductal
GTGGGTCAGAGCAATT,Beta
GTGGGTCCACGAAAGC,Ngn3 high EP
GTGGGTCCATAAAGGT,Delta
GTGGGTCCATCGATTG,Beta
GTGGGTCGTAAGTGGC,Pre-endocrine
GTGGGTCGTACTTCTT,Beta
GTGGGTCGTAGGAGTC,Pre-endocrine
GTGGGTCGTCCAGTAT,Alpha
GTGGGTCTCCGAATGT,Beta
GTGTGCGCAGCGATCC,Beta
GTGTGCGCATGAGCGA,Beta
GTGTGCGGTAGTACCT,Beta
GTGTGCGGTCTCCACT,Alpha
GTGTGCGGTGGACGAT,Alpha
GTGTGCGGTGTAAGTA,Alpha
GTGTGCGTCTCTGAGA,Ductal
GTGTTAGAGAATTGTG,Ngn3 high EP
GTGTTAGAGACTACAA,Ngn3 high EP
GTGTTAGAGTTTCCTT,Pre-endocrine
GTGTTAGCACCATCCT,Ductal
GTGTTAGGTACCGAGA,Alpha
GTGTTAGGTCTCATCC,Pre-endocrine
GTGTTAGGTGAACCTT,Pre-endocrine
GTGTTAGTCGTAGATC,Ngn3 low EP
GTTAAGCAGAAACCGC,Ductal
GTTAAGCAGCTACCGC,Delta
GTTAAGCAGGATTCGG,Ngn3 high EP
GTTAAGCCAATGCCAT,Ductal
GTTAAGCGTTCCATGA,Ductal
GTTAAGCTCCGCATAA,Ngn3 high EP
GTTAAGCTCCGCGTTT,Ngn3 low EP
GTTACAGCACAACGCC,Ngn3 high EP
GTTACAGCAGATCGGA,Beta
GTTACAGGTCATGCAT,Ductal
GTTACAGGTGCAACGA,Ductal
GTTACAGTCCGATATG,Ngn3 high EP
GTTACAGTCTAGAGTC,Beta
GTTACAGTCTTGAGAC,Beta
GTTCATTAGAAGATTC,Ngn3 low EP
GTTCATTAGAATGTGT,Alpha
GTTCATTAGAGGTTAT,Ductal
GTTCATTAGGAGCGTT,Alpha
GTTCATTAGGCAGTCA,Pre-endocrine
GTTCATTAGGGTCTCC,Ductal
GTTCATTGTCAACATC,Ngn3 low EP
GTTCATTGTTCCAACA,Alpha
GTTCATTGTTGTACAC,Pre-endocrine
GTTCATTTCCGAACGC,Delta
GTTCGGGAGGCAATTA,Alpha
GTTCGGGAGTCACGCC,Ngn3 low EP
GTTCGGGTCATAACCG,Ductal
GTTCTCGAGAATTCCC,Alpha
GTTCTCGAGCCACTAT,Ductal
GTTCTCGCAAGAAAGG,Alpha
GTTCTCGCAAGTCTAC,Alpha
GTTCTCGCAGACACTT,Ductal
GTTCTCGCAGCTGGCT,Ductal
GTTCTCGCATCACGAT,Ngn3 high EP
GTTCTCGCATGTAGTC,Alpha
GTTCTCGGTAAGTGTA,Pre-endocrine
GTTCTCGGTGTAAGTA,Ngn3 high EP
GTTCTCGGTGTGCCTG,Beta
GTTCTCGGTTTGTGTG,Pre-endocrine
GTTCTCGTCAGTTTGG,Ngn3 low EP
GTTCTCGTCTACCAGA,Alpha
GTTCTCGTCTTACCGC,Epsilon
GTTTCTAAGAAGATTC,Delta
GTTTCTAAGATGTGGC,Ngn3 high EP
GTTTCTACAGGACCCT,Epsilon
GTTTCTAGTATCGCAT,Alpha
GTTTCTAGTCCTCTTG,Alpha
GTTTCTAGTGCTTCTC,Beta
GTTTCTATCAACGGCC,Beta
GTTTCTATCCAGGGCT,Alpha
GTTTCTATCCTGCTTG,Ngn3 high EP
GTTTCTATCGTTACGA,Beta
TAAACCGAGGATGGAA,Ngn3 high EP
TAAACCGAGGTCGGAT,Ngn3 high EP
TAAACCGAGTCGTACT,Ductal
TAAACCGCACACATGT,Ngn3 high EP
TAAACCGCATTCCTCG,Ductal
TAAACCGTCCGTACAA,Ductal
TAAGAGAAGCCAGAAC,Pre-endocrine
TAAGAGAAGCGATTCT,Alpha
TAAGAGACAGTAGAGC,Beta
TAAGAGACATGGTCTA,Beta
TAAGAGAGTCAAACTC,Ductal
TAAGAGATCGACCAGC,Beta
TAAGAGATCTGCGACG,Pre-endocrine
TAAGCGTAGATCGATA,Ngn3 low EP
TAAGCGTCAATGCCAT,Ngn3 high EP
TAAGCGTGTTAGAACA,Ductal
TAAGCGTGTTTGGGCC,Epsilon
TAAGCGTTCGAACTGT,Epsilon
TAAGCGTTCGTAGGTT,Epsilon
TAAGTGCAGGGTTTCT,Ductal
TAAGTGCCAATAGCAA,Beta
TAAGTGCCAGATCTGT,Beta
TAAGTGCGTCCGTCAG,Pre-endocrine
TAAGTGCTCCAAATGC,Beta
TAAGTGCTCGCCTGAG,Beta
TACACGAAGAGCCCAA,Ductal
TACACGAAGATCCCAT,Alpha
TACACGACAACGATCT,Ductal
TACACGACAGCATGAG,Epsilon
TACACGACATGTAGTC,Alpha
TACACGAGTGCAACTT,Ngn3 high EP
TACACGATCACCTTAT,Ductal
TACACGATCGAATGGG,Ductal
TACAGTGAGCGTTTAC,Epsilon
TACAGTGCAAACGTGG,Ngn3 high EP
TACAGTGCAATCTACG,Ngn3 low EP
TACAGTGCACAGGCCT,Alpha
TACAGTGCACATTAGC,Ductal
TACAGTGCACTCGACG,Ngn3 low EP
TACAGTGCACTTCTGC,Delta
TACAGTGGTAAACGCG,Pre-endocrine
TACAGTGGTCGAATCT,Pre-endocrine
TACAGTGTCCCTAACC,Pre-endocrine
TACAGTGTCGCTGATA,Ngn3 high EP
TACCTATAGATCCGAG,Beta
TACCTATAGCCAACAG,Ductal
TACCTATCATTACGAC,Pre-endocrine
TACCTATGTAACGTTC,Ductal
TACCTATGTCCAACTA,Delta
TACCTATGTCGGCTCA,Pre-endocrine
TACCTATGTTAAAGTG,Ngn3 high EP
TACCTATTCGTTACGA,Beta
TACCTTAAGATGTAAC,Ngn3 high EP
TACCTTAAGTACATGA,Ductal
TACCTTAGTCAGGACA,Ngn3 low EP
TACCTTAGTCGAAAGC,Ngn3 high EP
TACCTTAGTGACAAAT,Ductal
TACCTTATCCGATATG,Beta
TACCTTATCGGCGCAT,Ngn3 high EP
TACCTTATCTCGCTTG,Ngn3 high EP
TACGGATAGAGCTGGT,Ductal
TACGGATAGGCACATG,Beta
TACGGATAGGCCCTCA,Alpha
TACGGATAGTTTAGGA,Ngn3 low EP
TACGGATCAGCTGGCT,Ductal
TACGGATCATTCCTCG,Ductal
TACGGATGTGTTCGAT,Ductal
TACGGATTCACGGTTA,Pre-endocrine
TACGGATTCCAAGTAC,Ngn3 high EP
TACGGATTCTAACTCT,Beta
TACGGGCAGATTACCC,Ductal
TACGGGCAGCAAATCA,Ngn3 high EP
TACGGGCAGCCAACAG,Beta
TACGGGCAGCGTCAAG,Ductal
TACGGGCCACACTGCG,Ductal
TACGGGCCATATGCTG,Ngn3 high EP
TACGGGCTCTATCCTA,Beta
TACGGGCTCTTCGGTC,Beta
TACGGTAAGCGGATCA,Alpha
TACGGTAAGTGCGTGA,Ductal
TACGGTACACGGTAGA,Ngn3 high EP
TACGGTACATGTTCCC,Ductal
TACGGTAGTGTGCCTG,Beta
TACGGTATCATGCTCC,Beta
TACGGTATCCCATTTA,Beta
TACGGTATCTTCGGTC,Ductal
TACGGTATCTTTCCTC,Beta
TACTCATAGAAACCAT,Pre-endocrine
TACTCATAGACCTTTG,Pre-endocrine
TACTCATAGCCAACAG,Alpha
TACTCATAGGCCATAG,Ngn3 low EP
TACTCATAGGTGTTAA,Pre-endocrine
TACTCATCAGATCCAT,Beta
TACTCGCAGCTAACTC,Ductal
TACTCGCAGTAAGTAC,Alpha
TACTCGCCAGACAAGC,Pre-endocrine
TACTCGCCAGATCGGA,Beta
TACTCGCGTCGGCATC,Beta
TACTCGCTCGCGGATC,Ductal
TACTCGCTCTTCGGTC,Epsilon
TACTTACCAACTGCGC,Ductal
TACTTACCATGGGACA,Ngn3 high EP
TACTTACGTGTGGCTC,Pre-endocrine
TACTTACGTTTCCACC,Pre-endocrine
TACTTGTAGACAAAGG,Beta
TACTTGTAGTGTACGG,Ngn3 high EP
TACTTGTGTGTATGGG,Alpha
TACTTGTGTTATGTGC,Epsilon
TACTTGTTCGGAGGTA,Ngn3 high EP
TAGACCAAGGAATCGC,Ductal
TAGACCAGTATATGGA,Alpha
TAGACCATCGTTGACA,Ngn3 low EP
TAGACCATCTTATCTG,Alpha
TAGAGCTAGTGCCATT,Pre-endocrine
TAGAGCTGTATGAAAC,Ductal
TAGAGCTGTTGTCGCG,Ductal
TAGAGCTTCCTCAACC,Beta
TAGAGCTTCTCGCTTG,Alpha
TAGCCGGAGGCTATCT,Ductal
TAGCCGGCACTAAGTC,Ductal
TAGCCGGTCAACACAC,Ductal
TAGCCGGTCAATCACG,Beta
TAGGCATCAAACCCAT,Alpha
TAGGCATCAATCGGTT,Ductal
TAGGCATCAGCATGAG,Alpha
TAGGCATGTATCGCAT,Ngn3 low EP
TAGGCATGTCTAGAGG,Ductal
TAGGCATGTCTGCAAT,Pre-endocrine
TAGGCATTCCAAAGTC,Ngn3 low EP
TAGGCATTCGTTGCCT,Beta
TAGTGGTAGGACACCA,Ngn3 high EP
TAGTGGTCAACTGCGC,Ductal
TAGTGGTCATTCACTT,Pre-endocrine
TAGTGGTGTAAAGTCA,Pre-endocrine
TAGTGGTGTAGCAAAT,Alpha
TAGTGGTGTAGCGTAG,Epsilon
TAGTGGTTCACCTTAT,Pre-endocrine
TAGTGGTTCCTCAACC,Pre-endocrine
TAGTTGGAGTCAAGCG,Ngn3 high EP
TAGTTGGAGTCCTCCT,Ngn3 high EP
TAGTTGGCACGTAAGG,Ngn3 high EP
TAGTTGGCAGCCTATA,Ngn3 high EP
TAGTTGGCAGTAACGG,Pre-endocrine
TAGTTGGGTACCGTAT,Ductal
TAGTTGGGTATAGTAG,Pre-endocrine
TAGTTGGTCTTGCAAG,Beta
TATCAGGCACCAGATT,Ductal
TATCAGGCACCAGTTA,Ngn3 high EP
TATCAGGGTCGAATCT,Ductal
TATCAGGGTTCGAATC,Pre-endocrine
TATCAGGTCTTCGGTC,Beta
TATCTCAAGTGTACTC,Pre-endocrine
TATCTCACAACTGCTA,Ductal
TATCTCACAATAGCAA,Ductal
TATCTCACACGCGAAA,Alpha
TATCTCACATTGTGCA,Beta
TATCTCAGTTCGCTAA,Ductal
TATGCCCAGAACAATC,Pre-endocrine
TATGCCCAGGGTATCG,Beta
TATGCCCGTACCGTAT,Beta
TATGCCCGTCTAGCCG,Ngn3 high EP
TATGCCCTCTTACCTA,Ngn3 low EP
TATGCCCTCTTCCTTC,Ngn3 low EP
TATTACCAGAACAATC,Ductal
TATTACCAGATGGGTC,Alpha
TATTACCAGCTAGTCT,Beta
TATTACCCACACAGAG,Ductal
TATTACCCAGTAGAGC,Pre-endocrine
TATTACCGTAAAGTCA,Beta
TATTACCGTGGTCCGT,Ngn3 high EP
TATTACCGTTGAGTTC,Ngn3 high EP
TATTACCGTTTCCACC,Beta
TATTACCGTTTGGGCC,Pre-endocrine
TATTACCTCGTTGCCT,Alpha
TCAACGACAAGGTTTC,Ngn3 high EP
TCAACGACACCATCCT,Ductal
TCAACGAGTAGCGTAG,Pre-endocrine
TCAACGAGTTAGTGGG,Ngn3 high EP
TCAACGATCAACCATG,Pre-endocrine
TCAACGATCCAAGCCG,Ductal
TCAATCTCAGTGGGAT,Pre-endocrine
TCAATCTCATCCGCGA,Ngn3 high EP
TCAATCTCATCTCCCA,Ngn3 low EP
TCAATCTGTCAAAGAT,Ngn3 low EP
TCAATCTGTGACTACT,Ductal
TCAATCTTCCCATTTA,Pre-endocrine
TCAATCTTCGAACGGA,Alpha
TCACAAGAGCATGGCA,Alpha
TCACAAGAGCCACTAT,Ductal
TCACAAGAGTGACATA,Beta
TCACAAGCAACGATGG,Alpha
TCACAAGCACCGAAAG,Ngn3 high EP
TCACAAGCAGACTCGC,Beta
TCACAAGCAGTCACTA,Ductal
TCACAAGGTGAGGGTT,Ductal
TCACAAGTCGTCGTTC,Ngn3 high EP
TCACAAGTCTGGTTCC,Alpha
TCACGAAAGTGGCACA,Pre-endocrine
TCACGAACAGGCGATA,Alpha
TCACGAAGTCCGAGTC,Ngn3 high EP
TCACGAATCCTATGTT,Ngn3 low EP
TCAGATGAGACTTTCG,Beta
TCAGATGAGTGCTGCC,Ngn3 high EP
TCAGATGCACGACGAA,Delta
TCAGATGCACTCGACG,Pre-endocrine
TCAGATGCATATACCG,Pre-endocrine
TCAGATGGTACACCGC,Beta
TCAGATGGTAGATTAG,Beta
TCAGATGGTTCGTTGA,Ductal
TCAGATGTCACCATAG,Ngn3 low EP
TCAGATGTCGTAGGAG,Epsilon
TCAGCAAAGCCACGCT,Beta
TCAGCAAAGCGATGAC,Ngn3 high EP
TCAGCAACACCAGGCT,Ductal
TCAGCAAGTCACCCAG,Epsilon
TCAGCAATCGCCGTGA,Pre-endocrine
TCAGCAATCTTTAGTC,Beta
TCAGCTCAGGCTATCT,Epsilon
TCAGCTCAGTCGTACT,Ngn3 low EP
TCAGCTCAGTGTGAAT,Alpha
TCAGGATGTTGGGACA,Alpha
TCAGGATTCCAGTAGT,Epsilon
TCAGGATTCTGTCTAT,Alpha
TCAGGATTCTTGCATT,Ngn3 high EP
TCAGGTAAGACCTAGG,Alpha
TCAGGTAAGAGTCGGT,Ductal
TCAGGTAAGCGTAATA,Pre-endocrine
TCAGGTAAGGCGTACA,Ngn3 high EP
TCAGGTAAGTCAATAG,Ductal
TCAGGTAAGTCCATAC,Beta
TCAGGTACAAGGCTCC,Pre-endocrine
TCAGGTACACGGCCAT,Ngn3 high EP
TCAGGTACACTGTCGG,Ductal
TCAGGTACAGTCACTA,Alpha
TCAGGTAGTTTGACAC,Epsilon
TCAGGTATCTGTCCGT,Beta
TCATTACCACGAAGCA,Ductal
TCATTACCATGCATGT,Ngn3 high EP
TCATTACGTCAGAAGC,Ductal
TCATTACGTTGATTCG,Pre-endocrine
TCATTTGCATTGGCGC,Pre-endocrine
TCCACACAGAAACCAT,Beta
TCCACACAGGCTATCT,Ductal
TCCACACCAGGCGATA,Alpha
TCCACACGTATAGGTA,Ngn3 high EP
TCCACACTCACATAGC,Ngn3 high EP
TCCACACTCACGATGT,Beta
TCCACACTCCCAAGAT,Pre-endocrine
TCCACACTCGGCTTGG,Alpha
TCCCGATAGGACAGCT,Pre-endocrine
TCCCGATAGGCGACAT,Ductal
TCCCGATAGTCGTTTG,Pre-endocrine
TCCCGATCAACGATGG,Ngn3 high EP
TCCCGATCAGCATGAG,Ngn3 high EP
TCCCGATCAGTCAGCC,Ngn3 low EP
TCCCGATCATCGATTG,Epsilon
TCCCGATCATGCTAGT,Alpha
TCCCGATGTAAGTGTA,Ductal
TCCCGATGTTAAGACA,Alpha
TCGAGGCAGAACAATC,Alpha
TCGAGGCAGCGCTTAT,Ngn3 low EP
TCGAGGCAGGCATGGT,Pre-endocrine
TCGAGGCAGGTGTGGT,Beta
TCGAGGCAGTACTTGC,Beta
TCGAGGCAGTTAACGA,Alpha
TCGAGGCCAATGGATA,Pre-endocrine
TCGAGGCTCCTTTACA,Alpha
TCGCGAGAGAGACTAT,Ductal
TCGCGAGAGTACGCGA,Pre-endocrine
TCGCGAGAGTCCGTAT,Beta
TCGCGAGAGTCTCCTC,Ductal
TCGCGAGAGTGTACTC,Alpha
TCGCGAGCAAACAACA,Alpha
TCGCGAGCACACATGT,Ductal
TCGCGAGCACTTCTGC,Pre-endocrine
TCGCGAGCATTATCTC,Ductal
TCGCGAGGTCTCACCT,Beta
TCGCGAGTCAACGCTA,Ductal
TCGCGAGTCGACGGAA,Pre-endocrine
TCGCGTTAGATCTGAA,Ductal
TCGCGTTCAACTGCTA,Ductal
TCGCGTTCACAAGTAA,Ngn3 low EP
TCGCGTTGTCTAACGT,Ngn3 high EP
TCGCGTTGTGCGAAAC,Ductal
TCGCGTTTCAGTGCAT,Ductal
TCGCGTTTCGGAATCT,Ngn3 high EP
TCGCGTTTCTCTGCTG,Pre-endocrine
TCGCGTTTCTGGGCCA,Pre-endocrine
TCGCGTTTCTTGCCGT,Ngn3 low EP
TCGGGACAGAGAACAG,Ngn3 high EP
TCGGGACAGATCGATA,Ngn3 high EP
TCGGGACAGCCCTAAT,Ductal
TCGGGACAGCGTTGCC,Pre-endocrine
TCGGGACAGGATATAC,Beta
TCGGGACGTATATCCG,Ductal
TCGGGACGTCATCGGC,Ngn3 high EP
TCGGGACGTCTGCGGT,Epsilon
TCGGGACTCAGTTCGA,Ductal
TCGGGACTCCAGATCA,Ngn3 low EP
TCGGTAAAGATTACCC,Ngn3 high EP
TCGGTAAAGCTGATAA,Ductal
TCGGTAACAGCCTTGG,Beta
TCGGTAACAGGGTACA,Alpha
TCGGTAACATTTGCCC,Ductal
TCGGTAAGTGTGAAAT,Pre-endocrine
TCGGTAATCTGTTGAG,Ngn3 high EP
TCGTACCAGCGTGAAC,Beta
TCGTACCCACGCATCG,Ngn3 low EP
TCGTACCCACTGCCAG,Alpha
TCGTACCCATATACGC,Ductal
TCGTACCTCACTTACT,Alpha
TCGTAGACAACACCTA,Ngn3 low EP
TCGTAGATCTTCGAGA,Ngn3 high EP
TCGTAGATCTTTACGT,Pre-endocrine
TCTATTGAGAATAGGG,Pre-endocrine
TCTATTGAGAATCTCC,Pre-endocrine
TCTATTGAGGCTACGA,Alpha
TCTATTGCAATCCAAC,Alpha
TCTATTGCACAGGAGT,Ductal
TCTATTGCAGTAAGCG,Beta
TCTATTGCATTACGAC,Ductal
TCTATTGGTCTAGCCG,Beta
TCTATTGGTGGTCCGT,Delta
TCTATTGTCACATAGC,Ductal
TCTATTGTCCTATTCA,Epsilon
TCTATTGTCGAGAACG,Ngn3 low EP
TCTATTGTCGTATCAG,Pre-endocrine
TCTATTGTCTAACTCT,Pre-endocrine
TCTCATAAGAATGTGT,Pre-endocrine
TCTCATAAGATGGCGT,Pre-endocrine
TCTCATAAGCAGATCG,Ngn3 high EP
TCTCATACAAATTGCC,Beta
TCTCATACAACGATGG,Pre-endocrine
TCTCATACAGATCTGT,Ngn3 low EP
TCTCATAGTGGACGAT,Ngn3 high EP
TCTCATAGTTACCAGT,Ngn3 high EP
TCTCATATCAACCATG,Epsilon
TCTCATATCAGAGCTT,Beta
TCTCATATCTAACGGT,Pre-endocrine
TCTCTAAAGACCGGAT,Ngn3 low EP
TCTCTAAAGCAACGGT,Ductal
TCTCTAAAGCTGGAAC,Beta
TCTCTAACAATCAGAA,Pre-endocrine
TCTCTAACAATCCGAT,Alpha
TCTCTAAGTATATGAG,Beta
TCTCTAAGTCGCATCG,Ductal
TCTCTAAGTGGCAAAC,Ngn3 high EP
TCTCTAAGTTACCGAT,Ductal
TCTCTAATCAAAGACA,Ngn3 high EP
TCTCTAATCATGGTCA,Beta
TCTCTAATCCCAACGG,Pre-endocrine
TCTCTAATCCCTTGCA,Alpha
TCTCTAATCCTCAACC,Alpha
TCTGAGAAGCCACCTG,Ngn3 high EP
TCTGAGACAGCTCGCA,Ngn3 high EP
TCTGAGAGTACCGTAT,Ngn3 low EP
TCTGAGAGTCAAACTC,Ductal
TCTGAGATCGTAGGTT,Ductal
TCTGAGATCTGAGTGT,Ngn3 low EP
TCTGAGATCTTGCAAG,Ngn3 low EP
TCTGGAACACACGCTG,Ductal
TCTGGAACACCTATCC,Beta
TCTGGAAGTCATCGGC,Beta
TCTGGAAGTTCGTCTC,Pre-endocrine
TCTGGAATCGGTGTCG,Ductal
TCTTCGGAGTAATCCC,Epsilon
TCTTCGGCAGCGTAAG,Epsilon
TCTTCGGCATGGTCAT,Beta
TCTTCGGGTTATTCTC,Alpha
TCTTCGGGTTCGCTAA,Beta
TCTTCGGTCCAGTAGT,Ductal
TCTTCGGTCTGCTTGC,Alpha
TCTTCGGTCTGGCGTG,Delta
TCTTTCCAGGATTCGG,Alpha
TCTTTCCCAATAAGCA,Ngn3 high EP
TCTTTCCCATGACGGA,Beta
TCTTTCCGTGCAACTT,Beta
TCTTTCCGTTATGTGC,Ductal
TCTTTCCGTTCCATGA,Ngn3 high EP
TCTTTCCTCGTCTGCT,Ngn3 low EP
TGAAAGAAGTGAACGC,Pre-endocrine
TGAAAGAAGTTTGCGT,Beta
TGAAAGACAAATACAG,Ductal
TGAAAGACACATTTCT,Ductal
TGAAAGAGTCTAAAGA,Alpha
TGAAAGAGTTATCACG,Ngn3 low EP
TGACAACCATAGGATA,Ngn3 high EP
TGACAACCATCGGTTA,Ductal
TGACAACCATGGTTGT,Alpha
TGACAACGTGATAAGT,Beta
TGACAACGTTACCAGT,Beta
TGACAACTCGCACTCT,Pre-endocrine
TGACGGCAGGAATGGA,Ductal
TGACGGCAGTATCTCG,Alpha
TGACGGCCACCGTTGG,Ductal
TGACGGCCATATGAGA,Beta
TGACGGCGTCAGGACA,Pre-endocrine
TGACTAGCAAAGGTGC,Ngn3 low EP
TGACTAGCACGGTGTC,Ductal
TGACTAGGTGTATGGG,Ngn3 high EP
TGACTAGTCATGCATG,Ductal
TGACTAGTCCACGTGG,Ngn3 low EP
TGACTAGTCCTATTCA,Ngn3 high EP
TGACTTTAGCCAGAAC,Beta
TGACTTTAGCGTTGCC,Ductal
TGACTTTAGCGTTTAC,Ductal
TGACTTTAGGTCATCT,Ngn3 low EP
TGACTTTAGTGGTAGC,Ductal
TGACTTTAGTGTACGG,Ngn3 high EP
TGACTTTGTCGGGTCT,Ngn3 high EP
TGACTTTTCTGGCGAC,Alpha
TGAGAGGAGATCCCAT,Beta
TGAGAGGAGCCAGGAT,Epsilon
TGAGAGGAGCCGTCGT,Ngn3 high EP
TGAGAGGAGGCGATAC,Epsilon
TGAGAGGAGGTAAACT,Epsilon
TGAGAGGAGTGCCATT,Ductal
TGAGAGGCAGGAACGT,Beta
TGAGAGGGTAAGGGCT,Ductal
TGAGAGGGTTTGCATG,Ductal
TGAGAGGTCATTGCCC,Alpha
TGAGCATAGTGGGATC,Ductal
TGAGCATCAAGCCGCT,Alpha
TGAGCATGTAGCGTCC,Ductal
TGAGCATGTCTGGAGA,Alpha
TGAGCATGTGTAATGA,Pre-endocrine
TGAGCATGTTAAAGAC,Ngn3 high EP
TGAGCATTCACCCGAG,Ductal
TGAGCATTCGGGAGTA,Ductal
TGAGCCGCATGTCTCC,Ngn3 high EP
TGAGCCGGTACCAGTT,Pre-endocrine
TGAGCCGGTTCGGCAC,Ductal
TGAGCCGTCATGTCCC,Ductal
TGAGCCGTCCGAACGC,Ductal
TGAGCCGTCCGCTGTT,Ngn3 high EP
TGAGCCGTCCGTAGGC,Alpha
TGAGCCGTCGATAGAA,Beta
TGAGCCGTCGTCACGG,Ngn3 low EP
TGAGCCGTCTCTGAGA,Pre-endocrine
TGAGGGAAGAGGTACC,Ngn3 high EP
TGAGGGAAGAGTAAGG,Beta
TGAGGGAAGCCGGTAA,Beta
TGAGGGACAGACTCGC,Ductal
TGAGGGACAGGACCCT,Alpha
TGAGGGAGTCCGAACC,Pre-endocrine
TGAGGGAGTCTGATTG,Ductal
TGATTTCAGTACGCCC,Ngn3 high EP
TGATTTCAGTGACTCT,Ductal
TGATTTCAGTGGAGTC,Beta
TGATTTCCAAATACAG,Ngn3 high EP
TGATTTCCACAAGTAA,Ngn3 high EP
TGATTTCGTGAGGGTT,Delta
TGCACCTAGAAGAAGC,Ngn3 low EP
TGCACCTAGATAGTCA,Pre-endocrine
TGCACCTAGGGATGGG,Ngn3 low EP
TGCACCTAGTACGCGA,Ductal
TGCACCTCACAGACAG,Beta
TGCACCTCAGCTCGCA,Ductal
TGCACCTTCGTTTGCC,Beta
TGCCAAAAGCAATCTC,Alpha
TGCCAAAAGCGCTTAT,Pre-endocrine
TGCCAAACACGTTGGC,Alpha
TGCCAAACAGCTTAAC,Ngn3 low EP
TGCCAAACATGACATC,Ngn3 high EP
TGCCCATAGAGTAAGG,Pre-endocrine
TGCCCATAGTCGATAA,Beta
TGCCCATCAACTGCGC,Ngn3 low EP
TGCCCATCACACCGAC,Ngn3 high EP
TGCCCATCACTGTGTA,Ngn3 low EP
TGCCCATCATTTGCCC,Pre-endocrine
TGCCCATGTCTCCATC,Alpha
TGCCCATGTGCCTGGT,Beta
TGCCCTAAGATCGGGT,Ductal
TGCCCTAAGTCCGGTC,Pre-endocrine
TGCCCTACAATCACAC,Ductal
TGCCCTACACCCAGTG,Ngn3 high EP
TGCCCTAGTATCGCAT,Pre-endocrine
TGCCCTATCATAAAGG,Alpha
TGCCCTATCCACGTTC,Beta
TGCCCTATCCCACTTG,Epsilon
TGCCCTATCGTTACAG,Ngn3 high EP
TGCGCAGCAAGTTCTG,Beta
TGCGCAGCACGTGAGA,Ductal
TGCGCAGGTACGCACC,Ductal
TGCGCAGGTGCGAAAC,Ngn3 high EP
TGCGCAGTCTAACTGG,Beta
TGCGCAGTCTCTTATG,Ngn3 high EP
TGCGCAGTCTGCCAGG,Ngn3 low EP
TGCGGGTAGACGCACA,Ngn3 high EP
TGCGGGTAGGGTTCCC,Alpha
TGCGGGTCAATCGAAA,Ngn3 high EP
TGCGGGTTCCACTCCA,Epsilon
TGCGGGTTCCAGGGCT,Ngn3 high EP
TGCGGGTTCTCAAACG,Ductal
TGCGTGGAGGTAAACT,Ngn3 low EP
TGCGTGGAGGTTCCTA,Pre-endocrine
TGCGTGGAGTACACCT,Beta
TGCGTGGCAGTATAAG,Alpha
TGCGTGGCATCAGTAC,Pre-endocrine
TGCGTGGGTCCCTTGT,Pre-endocrine
TGCGTGGGTTACTGAC,Pre-endocrine
TGCGTGGTCTTTACGT,Beta
TGCTACCAGACTAAGT,Ngn3 high EP
TGCTACCAGCCACGCT,Ductal
TGCTACCAGTTTCCTT,Pre-endocrine
TGCTACCCACGAAAGC,Ductal
TGCTACCCAGCTCGCA,Ductal
TGCTACCCAGGGCATA,Ngn3 low EP
TGCTACCCATAAGACA,Ngn3 high EP
TGCTACCGTAGTACCT,Pre-endocrine
TGCTACCGTAGTGAAT,Pre-endocrine
TGCTACCTCCTACAGA,Ductal
TGCTGCTAGGATGCGT,Ngn3 high EP
TGCTGCTCACAGATTC,Alpha
TGCTGCTGTAAGAGGA,Ngn3 high EP
TGCTGCTGTCCGTCAG,Ductal
TGGACGCAGATTACCC,Pre-endocrine
TGGACGCAGCGTCTAT,Beta
TGGACGCAGCTGCAAG,Alpha
TGGACGCAGTGTTGAA,Ngn3 low EP
TGGACGCCACAACTGT,Beta
TGGACGCCATGGTTGT,Ductal
TGGACGCGTATTCGTG,Ngn3 high EP
TGGACGCGTCCGCTGA,Ngn3 high EP
TGGACGCGTTCCCGAG,Ductal
TGGACGCTCAGGTAAA,Ductal
TGGACGCTCTTCTGGC,Ductal
TGGACGCTCTTGTTTG,Pre-endocrine
TGGCCAGAGCTACCTA,Ductal
TGGCCAGCAAGGACTG,Beta
TGGCCAGCAATGAAAC,Pre-endocrine
TGGCCAGCACGAAAGC,Ductal
TGGCCAGCATATACCG,Beta
TGGCCAGGTCATATGC,Ngn3 high EP
TGGCCAGGTCGAATCT,Beta
TGGCCAGGTCGGCATC,Ductal
TGGCCAGTCTGCTGCT,Ngn3 high EP
TGGCGCAAGAAGATTC,Ductal
TGGCGCACAATGTTGC,Ductal
TGGCGCACAGTTAACC,Ngn3 low EP
TGGCGCAGTCGACTAT,Delta
TGGCGCAGTGGTTTCA,Ductal
TGGCGCAGTGTATGGG,Ductal
TGGCGCAGTTCCAACA,Ductal
TGGCGCATCACAACGT,Ductal
TGGCGCATCACATAGC,Beta
TGGCGCATCTGTTGAG,Ductal
TGGCTGGAGCGTGTCC,Beta
TGGCTGGCAGTGAGTG,Epsilon
TGGCTGGCATGGGACA,Pre-endocrine
TGGCTGGGTACAAGTA,Ductal
TGGCTGGGTACCCAAT,Beta
TGGCTGGGTCGTCTTC,Beta
TGGGAAGAGAGGTTAT,Ductal
TGGGAAGCACGTAAGG,Pre-endocrine
TGGGAAGCATCACGTA,Ductal
TGGGAAGCATGACATC,Ductal
TGGGAAGGTCATGCAT,Beta
TGGGAAGGTCTGATCA,Alpha
TGGGAAGTCTCGTTTA,Ductal
TGGGCGTAGGACATTA,Ngn3 low EP
TGGGCGTAGTGAAGTT,Pre-endocrine
TGGGCGTAGTGTGAAT,Pre-endocrine
TGGGCGTGTCCCTACT,Alpha
TGGGCGTGTCGAGATG,Beta
TGGGCGTGTCTGCAAT,Ductal
TGGGCGTGTCTGGTCG,Delta
TGGGCGTGTGTGCGTC,Alpha
TGGGCGTTCCTGTACC,Beta
TGGGCGTTCGAACGGA,Ductal
TGGTTAGAGTAGTGCG,Ngn3 high EP
TGGTTAGCAAAGGAAG,Ngn3 high EP
TGGTTAGCAATAGAGT,Alpha
TGGTTAGCAGTCGTGC,Pre-endocrine
TGGTTAGCATGTTCCC,Pre-endocrine
TGGTTAGGTAAGTGGC,Beta
TGGTTAGTCACGAAGG,Beta
TGGTTAGTCCTTGACC,Ngn3 high EP
TGGTTCCAGGAATGGA,Ductal
TGGTTCCCAATACGCT,Alpha
TGGTTCCCACCGCTAG,Ductal
TGGTTCCGTCACCTAA,Ductal
TGGTTCCGTCGAATCT,Ngn3 low EP
TGGTTCCGTTGATTCG,Ductal
TGGTTCCTCAACCATG,Alpha
TGTATTCAGAGGGCTT,Epsilon
TGTATTCAGTAATCCC,Beta
TGTATTCCAATGACCT,Ductal
TGTATTCCACCAACCG,Alpha
TGTATTCGTCGACTAT,Ngn3 low EP
TGTATTCTCTATCCTA,Epsilon
TGTCCCAAGCCAGAAC,Beta
TGTCCCAAGTTTAGGA,Ngn3 low EP
TGTCCCACACGGTAGA,Ngn3 high EP
TGTCCCACATTATCTC,Epsilon
TGTCCCAGTCCGTGAC,Beta
TGTCCCAGTCTCGTTC,Beta
TGTCCCATCAAAGTAG,Alpha
TGTCCCATCCTTGGTC,Beta
TGTCCCATCTCTGCTG,Epsilon
TGTCCCATCTTGACGA,Ductal
TGTGGTAAGACGCAAC,Ductal
TGTGGTAAGAGGTTAT,Pre-endocrine
TGTGGTAAGTATGACA,Ductal
TGTGGTAAGTGGTCCC,Beta
TGTGGTACAAGACGTG,Ductal
TGTGGTACACATCCGG,Beta
TGTGGTACAGTAAGCG,Alpha
TGTGGTACAGTCGATT,Ngn3 low EP
TGTGGTAGTGCCTGCA,Epsilon
TGTGGTAGTTAGAACA,Beta
TGTGGTATCACAGTAC,Ductal
TGTGGTATCCAGAAGG,Pre-endocrine
TGTGGTATCCAGTAGT,Ngn3 high EP
TGTGTTTAGCAGGCTA,Pre-endocrine
TGTGTTTAGGAATGGA,Beta
TGTGTTTGTAGATTAG,Beta
TGTGTTTGTAGCCTCG,Ngn3 high EP
TGTGTTTGTATATCCG,Alpha
TGTGTTTGTATGAATG,Pre-endocrine
TGTGTTTGTCCGTTAA,Ductal
TGTGTTTTCATTCACT,Alpha
TGTGTTTTCCCTCAGT,Pre-endocrine
TGTTCCGGTCAGCTAT,Ngn3 low EP
TGTTCCGGTCAGTGGA,Alpha
TGTTCCGTCAAACCAC,Pre-endocrine
TGTTCCGTCATCGGAT,Ngn3 high EP
TTAACTCCAAAGAATC,Ductal
TTAACTCCACGAGAGT,Ngn3 high EP
TTAACTCCACGCCAGT,Pre-endocrine
TTAACTCCAGGATTGG,Epsilon
TTAACTCGTAATCGTC,Pre-endocrine
TTAACTCGTCCGAACC,Ductal
TTAGGACAGATGGGTC,Alpha
TTAGGACAGCTAAGAT,Ductal
TTAGGACAGGTCATCT,Alpha
TTAGGACCATCATCCC,Ngn3 high EP
TTAGGACGTTCAGTAC,Ngn3 low EP
TTAGGCAAGTATCTCG,Ductal
TTAGGCAAGTATTGGA,Ngn3 low EP
TTAGGCACAGCTGCTG,Alpha
TTAGGCACATAGAAAC,Alpha
TTAGGCAGTAGCGTAG,Ductal
TTAGGCAGTGTGAATA,Ngn3 high EP
TTAGGCAGTTAAGAAC,Pre-endocrine
TTAGGCAGTTCCAACA,Pre-endocrine
TTAGGCAGTTTGTTGG,Pre-endocrine
TTAGGCATCCGGGTGT,Alpha
TTAGTTCCATGAGCGA,Ngn3 high EP
TTAGTTCTCCTCAACC,Epsilon
TTATGCTCACCCAGTG,Beta
TTATGCTCACTACAGT,Beta
TTATGCTGTAGTACCT,Ngn3 low EP
TTATGCTGTCCGTCAG,Beta
TTATGCTTCAACGAAA,Ngn3 high EP
TTATGCTTCCAGTATG,Pre-endocrine
TTATGCTTCGTTTAGG,Beta
TTCCCAGAGGATTCGG,Ngn3 high EP
TTCCCAGAGTTACCCA,Ngn3 high EP
TTCCCAGCAACAACCT,Ductal
TTCCCAGCAACACCCG,Pre-endocrine
TTCCCAGCAAGCCTAT,Alpha
TTCCCAGGTATTCTCT,Ngn3 low EP
TTCCCAGGTGTTAAGA,Pre-endocrine
TTCCCAGTCATAGCAC,Pre-endocrine
TTCGAAGAGGCGTACA,Beta
TTCGAAGAGTACGCCC,Ngn3 high EP
TTCGAAGCATACTACG,Ngn3 high EP
TTCGAAGGTCTTCTCG,Ductal
TTCGAAGGTGTTGGGA,Delta
TTCGAAGTCAACGCTA,Pre-endocrine
TTCGGTCAGCTAGCCC,Ngn3 high EP
TTCGGTCAGGGCATGT,Delta
TTCGGTCAGGTCGGAT,Ngn3 high EP
TTCGGTCCACCTATCC,Ngn3 high EP
TTCGGTCGTATAGTAG,Epsilon
TTCGGTCGTCACAAGG,Ductal
TTCGGTCGTTATGCGT,Pre-endocrine
TTCGGTCTCAAGAAGT,Ductal
TTCGGTCTCGACCAGC,Pre-endocrine
TTCGGTCTCGCCAAAT,Ngn3 high EP
TTCGGTCTCTTTAGGG,Pre-endocrine
TTCTACAAGATCGATA,Ngn3 low EP
TTCTACAAGATGCCTT,Epsilon
TTCTACAAGGCGATAC,Beta
TTCTACACAATCCAAC,Ductal
TTCTACACAGTCGATT,Alpha
TTCTACACATAAAGGT,Pre-endocrine
TTCTACAGTACTCTCC,Ngn3 low EP
TTCTACAGTGTTGAGG,Ngn3 low EP
TTCTACATCGACCAGC,Beta
TTCTACATCGCTTAGA,Beta
TTCTACATCTACTCAT,Epsilon
TTCTACATCTGCAGTA,Ductal
TTCTCAAAGCCGCCTA,Ductal
TTCTCAAAGCCTATGT,Ngn3 high EP
TTCTCAAAGTACGCGA,Ngn3 high EP
TTCTCAAAGTACTTGC,Ductal
TTCTCAACAATAGAGT,Ngn3 high EP
TTCTCAACAGTTTACG,Ductal
TTCTCAACATTTGCCC,Epsilon
TTCTCAAGTGTGAAAT,Alpha
TTCTCAAGTTATTCTC,Ngn3 high EP
TTCTCAATCACTCCTG,Pre-endocrine
TTCTCAATCAGAAATG,Delta
TTCTCCTAGAGAGCTC,Beta
TTCTCCTAGGGATGGG,Alpha
TTCTCCTAGTCCATAC,Beta
TTCTCCTCAAGTACCT,Ngn3 high EP
TTCTCCTCAATGGTCT,Ductal
TTCTCCTCACAGACTT,Ductal
TTCTCCTTCTGTTTGT,Pre-endocrine
TTCTTAGAGGCCGAAT,Ngn3 high EP
TTCTTAGTCAAACCAC,Ductal
TTCTTAGTCAGTGTTG,Epsilon
TTCTTAGTCCGTTGCT,Alpha
TTCTTAGTCGCAGGCT,Ngn3 high EP
TTCTTAGTCGGCGCTA,Ngn3 high EP
TTGAACGAGAGCAATT,Beta
TTGAACGAGGAATCGC,Alpha
TTGAACGAGGAGTTTA,Ngn3 high EP
TTGAACGGTGAGGGAG,Beta
TTGAACGGTGATGCCC,Ductal
TTGAACGTCATCGATG,Beta
TTGAACGTCTGGTTCC,Ngn3 high EP
TTGAACGTCTTTAGTC,Beta
TTGACTTAGACAAGCC,Ductal
TTGACTTAGCTCAACT,Ductal
TTGACTTAGGTGCTAG,Ngn3 high EP
TTGACTTCAATGGACG,Pre-endocrine
TTGACTTGTTCCATGA,Ngn3 high EP
TTGACTTTCACCGGGT,Pre-endocrine
TTGACTTTCAGCAACT,Ductal
TTGACTTTCAGCCTAA,Pre-endocrine
TTGACTTTCCAGTAGT,Ductal
TTGACTTTCTAAGCCA,Ngn3 high EP
TTGACTTTCTGGAGCC,Alpha
TTGCCGTAGCCAGTTT,Alpha
TTGCCGTCACCGAATT,Alpha
TTGCCGTCACGACGAA,Alpha
TTGCCGTTCGGATGTT,Pre-endocrine
TTGCCGTTCTCTGTCG,Ductal
TTGCGTCCACCGATAT,Ngn3 high EP
TTGCGTCCAGCTGCAC,Beta
TTGCGTCCATACCATG,Beta
TTGCGTCGTATAAACG,Alpha
TTGCGTCTCAGCTTAG,Ductal
TTGCGTCTCGCCAGCA,Ductal
TTGGAACAGAAGATTC,Alpha
TTGGAACAGTAGGCCA,Pre-endocrine
TTGGAACAGTTAGCGG,Ductal
TTGGAACCAAGCGAGT,Ductal
TTGGAACGTATATGAG,Beta
TTGGAACGTCAGTGGA,Pre-endocrine
TTGGAACGTCCGTTAA,Pre-endocrine
TTGGAACGTTGGTTTG,Ductal
TTGGCAAAGAACTGTA,Pre-endocrine
TTGGCAAAGAGTAAGG,Epsilon
TTGGCAAAGATATGGT,Ductal
TTGGCAAAGCATGGCA,Ductal
TTGGCAAAGCTTATCG,Pre-endocrine
TTGGCAACACAGCCCA,Ngn3 high EP
TTGGCAACATCATCCC,Epsilon
TTGGCAATCGAACGGA,Ductal
TTGGCAATCGGATGGA,Alpha
TTGGCAATCTCGTTTA,Ngn3 high EP
TTGGCAATCTCTGCTG,Pre-endocrine
TTGTAGGCACTGTTAG,Alpha
TTGTAGGCATACTCTT,Ductal
TTGTAGGGTCACAAGG,Ductal
TTGTAGGGTTACGGAG,Pre-endocrine
TTGTAGGGTTGTTTGG,Ngn3 low EP
TTGTAGGTCAAAGTAG,Ngn3 high EP
TTGTAGGTCCAAATGC,Pre-endocrine
TTTACTGAGTGATCGG,Ductal
TTTACTGCACGGTAGA,Ngn3 high EP
TTTACTGCAGCATACT,Ngn3 high EP
TTTACTGCAGCTTAAC,Ductal
TTTACTGGTGAAGGCT,Ductal
TTTACTGGTGCTAGCC,Ductal
TTTACTGGTTCGTTGA,Pre-endocrine
TTTACTGTCAGGCGAA,Beta
TTTATGCAGCGTCTAT,Ngn3 high EP
TTTATGCAGGTTACCT,Alpha
TTTATGCCATCATCCC,Ductal
TTTATGCGTACAGCAG,Ductal
TTTATGCGTCGAACAG,Ductal
TTTATGCGTGCAACTT,Beta
TTTATGCGTGTTAAGA,Ductal
TTTATGCTCCATTCTA,Ductal
TTTATGCTCTCTGCTG,Beta
TTTCCTCAGGGCTCTC,Alpha
TTTCCTCAGTGTCCCG,Beta
TTTCCTCCAAACTGTC,Ductal
TTTCCTCCAGGATCGA,Delta
TTTCCTCGTGGCGAAT,Pre-endocrine
TTTCCTCTCCACGTTC,Ngn3 low EP
TTTCCTCTCTGAAAGA,Ductal
TTTGCGCAGACAGACC,Ductal
TTTGCGCAGCAACGGT,Alpha
TTTGCGCGTCCAGTGC,Ductal
TTTGCGCTCACTTACT,Ngn3 high EP
TTTGCGCTCGCCTGTT,Beta
TTTGCGCTCTTCCTTC,Epsilon
TTTGGTTAGACAGGCT,Alpha
TTTGGTTCAAAGCGGT,Ductal
TTTGGTTCAAATTGCC,Beta
TTTGGTTCACCAGATT,Ductal
TTTGGTTCACGAAGCA,Ngn3 high EP
TTTGGTTTCACTTACT,Ngn3 high EP
TTTGGTTTCCTTTCGG,Beta
TTTGTCAAGAATGTGT,Pre-endocrine
TTTGTCAAGTGACATA,Pre-endocrine
TTTGTCAAGTGTGGCA,Ngn3 high EP
TTTGTCAGTTGTTTGG,Ductal
TTTGTCATCGAATGCT,Alpha
TTTGTCATCTGTTTGT,Epsilon
