gene,DM_1,DM_2,DM_3,DM_4,DM_5,selected,Pseudoorder-1,Pseudoorder-2,Pseudoorder-3
1110017D15Rik,0.00047787617943738787,-0.0003480188134149792,0.0008767798453199149,-0.011876429737545944,0.0047481898960352546,Other,0.0,0.0,0.0
1700001C02Rik,1.4571029589823647e-05,-0.00018718890491503459,0.0008930378795269055,-0.02972564463048476,0.016257294443842166,Other,0.0,0.0,0.0
1700003E16Rik,0.00025097745091773375,-0.00026410326518414235,0.0008734690402701839,-0.02053205675271672,0.009947469012779339,Other,0.0,0.0,0.0
1700007G11Rik,0.0012553232657933789,-0.0008455623460616194,0.0012483289712702588,0.005032426808208488,0.007607382013115049,Other,0.0,0.0,0.0
1700007K13Rik,0.00119352089548219,-0.0008006561829060335,0.0011744605977151638,0.0037817870695975968,0.0047491165717325695,Other,0.0,0.0,0.0
1700013F07Rik,0.00015261092774873525,-0.00022410364256721997,0.0008726052885162699,-0.023869711620401208,0.012130536673281523,Other,0.0,0.0,0.0
1700014D04Rik,0.0012359444290288557,-0.0008315493808684321,0.001124682216323008,0.004185614752216363,0.003150765923779633,Other,0.0,0.0,0.0
1700016K19Rik,0.0010003546063860568,-0.0006549251074316881,0.0010231731117695043,-0.00017298356367835929,0.0016499525911858972,Other,0.0,0.0,0.0
1700024G13Rik,0.0006010766075603347,-0.00042870948477831785,0.0009447997301464519,-0.010899803962908631,0.005306020519881556,Other,0.0,0.0,0.0
1700028P14Rik,0.00030775179027561116,-0.00027979915674820085,0.0008647441905428885,-0.01790092548423054,0.008171788892366196,Other,0.0,0.0,0.0
1700088E04Rik,0.0008365224811645196,-0.0005604757336642097,0.0008012975649557461,-0.003442804515421958,-0.0004224595755601437,Other,0.0,0.0,0.0
2610528A11Rik,0.001010882590209358,-0.0006701229473944608,0.000643596332688126,0.000744940540700175,-0.0041311656065105675,Other,0.0,0.0,0.0
4833427G06Rik,-0.00011416778339683166,-0.00011610734478419022,0.0008096682496253223,-0.024691583872383047,0.012151399758839571,Other,0.0,0.0,0.0
4930591A17Rik,0.0013099563844869613,-0.0008862060768166327,0.0012676377258207484,0.006335715456848266,0.008350026072625858,Other,0.0,0.0,0.0
4933433G15Rik,0.0014121069160447414,-0.0009622526636813404,0.0014306588949147868,0.009743835529917547,0.01706965617804213,Other,0.0,0.0,0.0
5430431A17Rik,0.0016558227491812714,-0.0026102960914173396,-0.07136019229739256,0.0010078301240901899,0.0023911789189294203,Trajectory-2,0.0,22.0,0.0
6430531B16Rik,0.0008273478902185825,-0.0005527356162464295,0.0009608822389780921,-0.004558512244102772,0.002055844799897939,Other,0.0,0.0,0.0
6820408C15Rik,0.0009087008430254752,-0.000602822447623099,0.0009974277296550176,-0.002614258015578955,0.0024630805517706755,Other,0.0,0.0,0.0
A830035A12Rik,0.0013199225532208889,-0.0008929257424425944,0.0012825453764933375,0.006615349391856292,0.008854036673317658,Other,0.0,0.0,0.0
AC139294.1,0.0012321968640688766,-0.0008286823196434241,0.0012021058374370812,0.005041408782744412,0.006567930880438539,Other,0.0,0.0,0.0
Abra,0.0018965144890202824,-0.003038404933215071,-0.08689173612971728,0.0021450371782868265,0.008032620220379991,Trajectory-2,0.0,30.0,0.0
Acta1,0.0011045803667287608,-0.0010851747601229723,-0.014569234187531841,-0.00030918154023878487,-0.0062024386046866595,Trajectory-2,0.0,13.0,0.0
Acta2,0.0007906838710215545,-0.0005704511019454014,-0.001673364222503082,-0.0016894691691067979,-0.0066252319644809115,Other,0.0,0.0,0.0
Actc1,0.0008555622575828909,-0.0007999654091812655,-0.007380104464546959,-0.00158268627773623,-0.009657185699864543,Trajectory-2,0.0,2.0,0.0
Adamts5,0.001001964875079841,-0.0004120524038364718,0.0010079384781600486,0.0019515813036244459,0.0015828702149752363,Other,0.0,0.0,0.0
Afp,0.0006812682008075884,-0.000586843569787927,0.0007985913057780156,-0.0006218078431333621,-0.0020440659095612066,Other,0.0,0.0,0.0
Akap14,0.00025906845113523474,-0.0002714851507166771,0.000882838320516904,-0.020837352861742556,0.010222561470799823,Other,0.0,0.0,0.0
Akr1c13,0.0009249795321902831,-0.0005332324572095382,0.0009178420092709038,-0.0017642944263817956,-0.0015917236462655883,Other,0.0,0.0,0.0
Aldh1a2,0.0011018610529257265,-0.0007395721067973957,0.0008796053280396282,0.0018222059305446096,-0.0028145420828299514,Other,0.0,0.0,0.0
Amn,0.0009986509215850093,-0.0006652477020577274,0.0010014763509692153,0.0011096064222155502,-0.0011771018467317874,Other,0.0,0.0,0.0
Ankrd1,0.0015353910115955673,-0.0023565096469479255,-0.06229531498559749,0.00039515827973598877,-0.0008278505514556517,Trajectory-2,0.0,19.0,0.0
Anxa2,0.0007485781801548952,-0.0002577358740241921,0.0004443808946554445,-0.0011574666015975487,-0.004280625908197252,Other,0.0,0.0,0.0
Apoa1,0.0009753612070674514,-0.0006825827316939575,0.0009471699812622395,0.001476337523349369,-0.0011314489239833661,Other,0.0,0.0,0.0
Apob,0.0009213021091800306,-0.0006263980342104697,0.0009890905294854062,0.00047308416850043883,-0.0016374988415469934,Other,0.0,0.0,0.0
Apom,0.0009662998808008397,-0.0006660785624520627,0.0009450396790382962,0.0012231589211683742,-0.001317983757200497,Other,0.0,0.0,0.0
Arg1,0.0010733104204879418,-0.0007155733945652615,0.0008289465765651654,0.001411880252598117,-0.00311883415844353,Other,0.0,0.0,0.0
Armc3,0.0006281457958342235,-0.00043661420994365967,0.000877812368630835,-0.008460222614477519,0.002882707056686841,Other,0.0,0.0,0.0
Asb2,0.0017816125569463028,-0.002822588882943683,-0.0790159205081315,0.001585923564218588,0.005048447873166166,Trajectory-2,0.0,24.0,0.0
Ascl1,0.0010882628634130253,-0.0007218036955228624,0.0009054669445017164,0.0014967723903386472,-0.002062864551022936,Other,0.0,0.0,0.0
Atoh1,0.001217059754843956,-0.0008165707705087422,0.0011028480869546922,0.003755873260752571,0.002085138531140943,Other,0.0,0.0,0.0
Avp,0.0018783489408351179,-0.002983441781328134,-0.08481799445639376,0.002054784937545978,0.007346240242981954,Trajectory-2,0.0,28.0,0.0
B230119M05Rik,0.001077462907305465,-0.0005259321470072597,0.0010452378187695206,0.002777798417617686,0.0028902667641691423,Other,0.0,0.0,0.0
B430218F22Rik,0.0010835974164902645,-0.0007502306547319081,0.0010639526360634011,0.003113834433356382,0.0017485525699509786,Other,0.0,0.0,0.0
BC051019,0.0009642100311002002,-0.0006346468740754099,0.0010264323916897185,-3.579838782158328e-05,0.0018921038253600314,Other,0.0,0.0,0.0
Bambi,0.0010493356095500842,-0.0006877342391139455,0.0008966404943928876,0.0018774925776388644,-0.0014306458889030704,Other,0.0,0.0,0.0
Bcas3os2,0.0009114247721377858,-0.0005851567033036858,0.0006003220941485638,-0.0010319411399414534,-0.0030272772706611255,Other,0.0,0.0,0.0
Bex3,0.0010609932377997002,-0.0007435085476841754,0.0010278274841237958,0.0028739364831653885,0.0005709331435277871,Other,0.0,0.0,0.0
Bhlha9,0.0010308426976978692,-0.0006854620823650194,0.0008006065666470174,0.0007006310336632053,-0.002741523600767979,Other,0.0,0.0,0.0
Bmp3,0.0009229405124295958,-0.0006034661900183657,0.0006994129431762435,-0.0009475381683544807,-0.0025075185503077176,Other,0.0,0.0,0.0
C1ql2,0.0010833675294298403,-0.0006079723601087346,0.0010666670672067767,0.002763372952001673,0.0041142088464964635,Other,0.0,0.0,0.0
CT010505.3,0.000937828105064119,-0.0006264758458772612,0.0007716843086311622,-0.0014765510273749202,-0.001559928010759229,Other,0.0,0.0,0.0
Capsl,0.0012258666209885487,-0.0008228953028990351,0.0011817562251790978,0.004343782706497928,0.004593769042344278,Other,0.0,0.0,0.0
Car1,-0.09118044514934569,-0.032128473503748936,8.493310210185584e-05,0.005235623080212215,0.001669825537295751,Trajectory-1,18.0,0.0,0.0
Car2,0.00043190302864756037,-0.0006601559287374011,0.0008145567359790841,0.0004213549727333328,0.00038154762371689154,Other,0.0,0.0,0.0
Car3,0.001149627128542152,-0.0007709573883718233,0.0009744063582117774,0.0024514496675034905,-0.0014800734388351908,Other,0.0,0.0,0.0
Car4,0.001225267184225529,-0.0008216490988173649,0.0011551772971528167,0.004469278076234973,0.0040905645906365445,Other,0.0,0.0,0.0
Cavin3,0.00025119907315028245,0.0010133539767081179,0.00041059740412280457,-0.0023070583600384447,-0.004553479281172477,Other,0.0,0.0,0.0
Ccdc113,0.00022748243457927948,-0.0002595165245700638,0.0008765720656584571,-0.021766608358968716,0.010785948946988472,Other,0.0,0.0,0.0
Ccdc146,0.00011980472517556792,-0.0002275692577980009,0.0007574250596577998,-0.023297539408779287,0.011393624421166605,Other,0.0,0.0,0.0
Ccdc153,-2.446023754488208e-05,-0.00018042819435559507,0.0008923077182162509,-0.03074959201059527,0.016951704424756436,Other,0.0,0.0,0.0
Ccdc189,0.0010249467995555842,-0.0007180366046195724,0.0009967968287752965,0.0018171042660050979,0.0001702573767871893,Other,0.0,0.0,0.0
Ccdc65,0.0006799868134366638,-0.0004568667525020983,0.0008918894140512438,-0.0066365559646753185,0.002151205035291658,Other,0.0,0.0,0.0
Cck,0.000757712268939071,-0.00045485728440894423,-0.0028563480027478205,-0.00208053332336625,-0.006491199898413994,Other,0.0,0.0,0.0
Ccnd2,0.0010025538705235534,-0.0006832199733800801,0.0008889451133081008,0.0015763991693386063,-0.0018117143784609016,Other,0.0,0.0,0.0
Ccno,0.0012057481564721646,-0.0008088216896835615,0.0011847415304853959,0.00401999120875196,0.0052448199083179785,Other,0.0,0.0,0.0
Cd34,-0.003904550384589459,0.012539359896549708,0.00024292100949724362,-0.004834019970986059,-0.006916427900583584,Trajectory-3,0.0,0.0,9.0
Cdh5,-0.023288612529902518,0.0696648019626883,-0.0020949862858556443,0.005673754644600724,0.004957118543564045,Trajectory-3,0.0,0.0,20.0
Cdkn1c,0.0010285462713714578,-0.0006595989986503813,0.0007850538668410345,0.0013236318965924318,-0.002532559590523816,Other,0.0,0.0,0.0
Cdkn2a,0.0010226724670811366,-0.000671863036254023,0.0010318635039193733,0.0008281631234863878,-0.0005264927080663072,Other,0.0,0.0,0.0
Cdx1,0.0011437297580620994,-0.0007697516906360011,0.0009631770019925774,0.0023783327135210824,-0.0019929156500450075,Other,0.0,0.0,0.0
Cdx2,0.0011169320804935384,-0.0007444838758334153,0.0009076374790418498,0.0019655215137588133,-0.002471672917582944,Other,0.0,0.0,0.0
Cdx4,0.001089863610579559,-0.0007310155937063172,0.0008281407224155287,0.0016662667336521501,-0.0033236731439421708,Other,0.0,0.0,0.0
Cer1,0.0010923168939523105,-0.0007223721591059141,0.0009925045191177498,0.0012872597390414374,-0.0007947798270054007,Other,0.0,0.0,0.0
Cfap126,0.0009256540343912467,-0.0006196604713106104,0.0008915067049448693,-0.0007908743444579148,-0.0006035438033165195,Other,0.0,0.0,0.0
Cfap161,0.00020164347655740955,-0.00024592350846408767,0.0008893557710024181,-0.022632083308601742,0.011448335047435476,Other,0.0,0.0,0.0
Cfap206,0.0003308504514266023,-0.0002844913641948822,0.0008595444934565375,-0.01620856017251989,0.0071532431187514645,Other,0.0,0.0,0.0
Cfap45,0.0005752564598967673,-0.00037789843906678146,0.0008939366944538701,-0.00918112925431894,0.003405742354426368,Other,0.0,0.0,0.0
Cfap52,0.0008103899394294872,-0.0005369366891282273,0.0009531283995820952,-0.0043683554844794435,0.0020509824034071933,Other,0.0,0.0,0.0
Cfap53,0.0007916027751219164,-0.0005237348549954527,0.0009705506622518905,-0.004529014630730412,0.0028748533547870688,Other,0.0,0.0,0.0
Cfap65,6.996024584743787e-05,-0.0001977249830423565,0.0008799434783340329,-0.026994275573843405,0.014296064074697926,Other,0.0,0.0,0.0
Cfap77,0.0009623668919523947,-0.0006344632977829445,0.000980437999786167,-0.0012753514049297344,0.0006735287230685872,Other,0.0,0.0,0.0
Chac1,0.0013585182387089833,-0.0009211340893057197,0.0013620306433830913,0.008319879869519665,0.01325291040594455,Other,0.0,0.0,0.0
Chrd,0.0010631643405298143,-0.0006997479876508278,0.001038367070893978,0.0007498111769957762,0.0012297281896093127,Other,0.0,0.0,0.0
Cited1,0.0010769849983327826,-0.000714843246162085,0.0008730918475750449,0.0015639785379331203,-0.0023577002167384483,Other,0.0,0.0,0.0
Cited4,-0.07096870842231828,-0.024639326307201396,5.855369509166859e-05,0.0004878355149115567,-0.00029119033382839964,Trajectory-1,13.0,0.0,0.0
Cldn11,0.0009537639921132527,-0.0006118748554113989,0.0006413650583690982,-0.0002319803724404234,-0.003319122903082612,Other,0.0,0.0,0.0
Cldn3,0.001226415362824838,-0.000824575946508683,0.0011592263854022919,0.0044020971495394,0.004154748494813679,Other,0.0,0.0,0.0
Cldn5,-0.016496772062928582,0.04879375341430713,-0.001261046596105483,-0.0029210962088830734,-0.00782905522909822,Trajectory-3,0.0,0.0,14.0
Cldn6,0.0013232372592088888,-0.0008959639701905935,0.0013105507769011833,0.0069953092313602685,0.010170046318606293,Other,0.0,0.0,0.0
Cldn9,0.0010729441380641727,-0.000707377830790034,0.0009434404033941953,0.0009962306496840018,-0.0011008198138815603,Other,0.0,0.0,0.0
Clec14a,-0.02056716439835547,0.06137906228046134,-0.0017600079490360243,0.002086495257412949,-0.0008919373504137771,Trajectory-3,0.0,0.0,17.0
Clec1b,-0.025357140690187907,0.07616554260536418,-0.0023555341025446493,0.009099237084702758,0.010392273523169284,Trajectory-3,0.0,0.0,25.0
Cnn1,0.001156817152510448,-0.0007830172269704152,4.786290903756504e-05,0.002393078418116531,0.0009697898377595942,Other,0.0,0.0,0.0
Cnn2,0.0009312801575205505,-0.0005458365362732963,0.0006830188718622287,0.0003928769946797692,-0.003340028022354627,Other,0.0,0.0,0.0
Col17a1,0.00113582265986418,-0.0007662930397567026,0.0009421943460169227,0.0020695153712999115,-0.002053430315371266,Other,0.0,0.0,0.0
Col1a1,0.0007594245725919032,-0.0004480474908707792,0.000265128868324673,-0.0018020723380746712,-0.004651688560900319,Other,0.0,0.0,0.0
Col3a1,0.000648330567965355,-0.00031725358726630653,0.0002538727647224733,-0.00279964488052773,-0.0039012737886030793,Other,0.0,0.0,0.0
Cox6a2,0.0019431325109603179,-0.003115516468399081,-0.08970453330296442,0.0023887621018185094,0.00923066797471176,Trajectory-2,0.0,31.0,0.0
Cpm,0.0011047202569361564,-0.0007243897959272116,0.0010026108859712843,0.001789079777350738,0.00032106888069167235,Other,0.0,0.0,0.0
Cpn1,0.0010265826517567207,-0.0006747354736663441,0.0009060214671617557,0.0002611219898035637,-0.0014985481691800022,Other,0.0,0.0,0.0
Crabp1,0.0010885646289479718,-0.0007223423170096789,0.0008574988616075418,0.001732405734234921,-0.002668549562376111,Other,0.0,0.0,0.0
Crabp2,0.0011574291823852694,-0.000774875673727824,0.0010077937234631573,0.002646557798599113,-0.0007366063251941828,Other,0.0,0.0,0.0
Cryab,0.000788226932512004,-0.0005661269252597606,-0.002180230367056708,-0.0017693883033567744,-0.00708189831176881,Other,0.0,0.0,0.0
Csrp3,0.0012846985539060039,-0.0018089978192580092,-0.042628050747867054,-0.0006768764413000868,-0.0060645890974176785,Trajectory-2,0.0,17.0,0.0
Ctf2,0.0011916557379328732,-0.0007974500742812696,0.001085469278806705,0.003252291126176308,0.0014441370554995555,Other,0.0,0.0,0.0
Ctla2a,-0.025525585780688302,0.07666804857830148,-0.002376770167587124,0.009396344158569188,0.010915129079127128,Trajectory-3,0.0,0.0,26.0
Ctsc,0.0010828996895102649,-0.0007710169280131184,0.0010932098460415191,0.0032446440267719407,0.002059595733046943,Other,0.0,0.0,0.0
Ctsh,0.0008251370606229015,-0.00046119535453056866,0.0008947344539604476,-5.957276120572927e-05,-0.002066859957548419,Other,0.0,0.0,0.0
Ctxn3,0.0008734064095230311,-0.0005967559963411859,0.0006708033782179548,-0.002093078728003959,-0.0015805949734482609,Other,0.0,0.0,0.0
Cxcl17,0.0010982854024610131,-0.0007319111595097267,0.0008704404010085023,0.0015954954952195092,-0.0027535858337850243,Other,0.0,0.0,0.0
Cyp26a1,0.0011454481888706902,-0.0007594027291865617,0.0010163824921694585,0.0024131930556132307,-0.00031471287752821684,Other,0.0,0.0,0.0
D030007L05Rik,-0.025255894657059054,0.07584943600251717,-0.002342794501540639,0.008944872411851759,0.010103391468853194,Trajectory-3,0.0,0.0,24.0
D230030E09Rik,0.000981424673935605,-0.0006405155750621791,0.0009407407623582173,-0.0005503680115234335,-0.0001630800800763958,Other,0.0,0.0,0.0
Dab2,0.0010264703509326731,-0.0006450457010348164,0.0008650249205924438,0.0010980016922205798,-0.002038417104309657,Other,0.0,0.0,0.0
Dand5,0.0009193023313432025,-0.0007143972595866711,0.0009994145744494987,0.0019547487072545137,0.000738986620411921,Other,0.0,0.0,0.0
Daw1,0.0005632083134026572,-0.00042299321876783824,0.0009783271729357237,-0.013347410874317329,0.0072819881562707885,Other,0.0,0.0,0.0
Dbx1,0.001108961620864751,-0.0007428773546198885,0.0009365646835770451,0.0017429295435111762,-0.0019014079589527813,Other,0.0,0.0,0.0
Dcn,0.0011085101219631944,-0.0007206091107561663,0.0010257464599510036,0.0021230198712658198,0.0018528877073731406,Other,0.0,0.0,0.0
Dkk1,0.001133652921394345,-0.0007535721883885498,0.0009899368154777943,0.0020879161214324413,-0.0010179620299544257,Other,0.0,0.0,0.0
Dkk4,0.0012212832408227499,-0.0008218768448391933,0.0011149587242702875,0.0037240983666707796,0.0021248106085682778,Other,0.0,0.0,0.0
Dll1,0.001150684209520318,-0.0007729126222653521,0.0009848898861685724,0.002485382711918999,-0.0016477050375046554,Other,0.0,0.0,0.0
Dll3,0.001195975962173298,-0.0008042879980285686,0.0010761523121285553,0.003334318107905315,0.0005774010311340494,Other,0.0,0.0,0.0
Dlx2,0.0010163418240850544,-0.0006630160139275189,0.0007682416295798024,0.00048112841379973736,-0.002702006077893806,Other,0.0,0.0,0.0
Dlx5,0.001179623483728227,-0.0007920209079945215,0.0010614046823934958,0.002968793523343734,0.0002696233449826002,Other,0.0,0.0,0.0
Dmkn,0.0011583810547426733,-0.0007750064289652201,0.0011350746958352432,0.0026964946341095962,0.003462271112350991,Other,0.0,0.0,0.0
Dmrt2,0.0010095154819870652,-0.0006770930782363272,0.0006890576354253193,0.0006946744980705204,-0.0034645895145042,Other,0.0,0.0,0.0
Dnaaf1,0.0005725948860735774,-0.00048402880760835856,0.000853065867486277,-0.006871235224923349,0.0019768990914002956,Other,0.0,0.0,0.0
Dnah12,0.0002948256442590516,-0.0002946491845292906,0.0009235700550439615,-0.020434183775334167,0.01051380881140364,Other,0.0,0.0,0.0
Dnaic2,0.00043951843825982694,-0.0003408245959389843,0.0008663277517088633,-0.01366715702813901,0.005765329706190064,Other,0.0,0.0,0.0
Dnajb13,0.00027013756791315855,-0.00025571418159245064,0.0008131879953680707,-0.015469376462013002,0.006275751739243097,Other,0.0,0.0,0.0
Dnali1,0.0007643811741038583,-0.0005220361846989861,0.0009433292371197625,-0.006174648008447215,0.003307514835882193,Other,0.0,0.0,0.0
Dnmt3b,0.0012966011030659998,-0.0008770735541606422,0.0012652708847674797,0.006303556100333234,0.008241723189884653,Other,0.0,0.0,0.0
Dppa3,0.0013398714814711293,-0.0009085626422097521,0.0013263634487334283,0.0074069709084625636,0.010931226893446437,Other,0.0,0.0,0.0
Dppa4,0.001014407836369922,-0.0006618676197351377,0.0010531816396811477,0.002910432618430322,0.003463326228289117,Other,0.0,0.0,0.0
Drc1,0.000914263479144068,-0.000599345108674025,0.001002825558781032,-0.0022311761428180227,0.0022190942151706855,Other,0.0,0.0,0.0
Drc3,0.0009983990067937646,-0.0006601584565140173,0.0010265582870254404,-0.0006411620881167136,0.0015716341828042404,Other,0.0,0.0,0.0
Dynlrb2,0.00021574894595639637,-0.00026071376910079486,0.0007993522582764495,-0.016314460195516283,0.006754465321836091,Other,0.0,0.0,0.0
Ecscr,-0.0008090074579921864,0.003332959989509584,0.0004385985799823893,-0.004985855627731443,-0.006999647941469167,Other,0.0,0.0,0.0
Efcab10,0.0011018859208532098,-0.0007309212309230577,0.0010936752802839828,0.001677313766372961,0.00267145206200544,Other,0.0,0.0,0.0
Efhc1,0.0007261337970720488,-0.0004117161212080053,0.0008685302846709285,-0.004787369055577744,0.0006578741980920334,Other,0.0,0.0,0.0
Egr2,0.0011523941852129287,-0.0007662716748282375,0.0010064071446532993,0.0027756412631822678,0.00043118325639911794,Other,0.0,0.0,0.0
Ehf,0.0010294601763969542,-0.0006814766315205779,0.0009609770601307241,5.8837838535070847e-05,-5.949297348758147e-05,Other,0.0,0.0,0.0
Elk3,-0.004072813574161556,0.012050554531556098,0.00014762971695979257,-0.007782935406054759,-0.011220338802215568,Trajectory-3,0.0,0.0,3.0
Elmod1,0.0005082221124975458,-0.00038877797082583534,0.0009254686059563516,-0.013569428196596501,0.006297174536418714,Other,0.0,0.0,0.0
Emb,0.001198786759552862,-0.0008052142672591662,0.0011274115541190695,0.003983877444026152,0.0028615303774301676,Other,0.0,0.0,0.0
Emcn,-0.02709858532113914,0.08164132107379443,-0.0025760403579009193,0.012165361853226966,0.015457239969429963,Trajectory-3,0.0,0.0,29.0
En1,0.0011228623439241403,-0.0007517262158140742,0.0009443881899210948,0.0019488556484882032,-0.0020021679930448642,Other,0.0,0.0,0.0
Enkur,0.0006224588003829777,-0.00042729526630854575,0.0008862790986072881,-0.008128353291797417,0.0029098312874304825,Other,0.0,0.0,0.0
Eomes,0.0014011863005284802,-0.0009541918353172944,0.0014192309382100895,0.00940436337267512,0.015726837041762625,Other,0.0,0.0,0.0
Epha5,0.0011162328194707378,-0.0007488832621543968,0.0008850091653573559,0.0019568091323041072,-0.002790813122922491,Other,0.0,0.0,0.0
Epha8,0.0012765535800535687,-0.0008606267146634372,0.0012213286147407358,0.005441730284109254,0.006107380884209372,Other,0.0,0.0,0.0
Erich2,0.0009326131173122454,-0.0006117120686961018,0.0009216244811309864,-0.001759984932711247,-0.00029755459903017107,Other,0.0,0.0,0.0
Esam,-0.014741604466755466,0.04307963147405,-0.0010459692943603394,-0.005451890809749508,-0.01078139718057111,Trajectory-3,0.0,0.0,13.0
Etv2,0.0009270256335484627,-0.0004972608613164547,0.0008492011441405331,0.0007921404040142884,-0.0015498611473957935,Other,0.0,0.0,0.0
Exoc3l4,-0.008429915766314628,0.024315461440861743,-0.0003213675397953262,-0.00893717805117966,-0.014332540455371983,Trajectory-3,0.0,0.0,6.0
F2rl2,-0.005676278878707232,-0.0002129935750209678,0.00011512017918769955,-0.009431491641808452,-0.0023992850132626923,Trajectory-1,2.0,0.0,0.0
Fabp1,0.0009911515304271566,-0.0006536784913548273,0.0008734556749848708,0.0007979833763237523,-0.0016477526291372349,Other,0.0,0.0,0.0
Fam183b,0.0005777354983101177,-0.0004030807892532905,0.0008512481282193748,-0.008712092795113806,0.002784482316356715,Other,0.0,0.0,0.0
Fam212a,-0.0013774444316083652,-3.208681261984889e-05,0.0002925853797495867,-0.004629663823475617,-0.0028867148259403884,Other,0.0,0.0,0.0
Fbxl22,0.0012637463919982384,-0.0017892050954416896,-0.04176411504277089,-0.0007356928068125017,-0.006647576344372398,Trajectory-2,0.0,16.0,0.0
Fcer1g,0.00033458197729087813,0.0007726376652555696,0.0007644548979288126,-0.0018304106249166215,-0.0018747113373798194,Other,0.0,0.0,0.0
Fer1l5,3.267412347787964e-05,-0.0002023033466652318,0.0007787530866148779,-0.02627390783294824,0.013487505042727993,Other,0.0,0.0,0.0
Fev,-0.0003154410795849676,0.0016675584894090098,0.00035659504991384744,-0.005861544831990083,-0.00425840386646432,Other,0.0,0.0,0.0
Fezf1,0.0011268552039063718,-0.000756502097272998,0.0009446812352976279,0.0020311844619241705,-0.002056250220436597,Other,0.0,0.0,0.0
Fgb,0.0008753430313527318,-0.0006014773458796703,0.0009397838522247345,-0.0001547547824596887,-0.0018911319250096024,Other,0.0,0.0,0.0
Fgf17,0.0011895775727846242,-0.0007961945006360894,0.0010554554478449062,0.003197206199517202,0.0004685025231485932,Other,0.0,0.0,0.0
Fgf20,0.0007607325580880569,-0.0004974333740478933,0.0007256807892964072,-0.004447223684067571,-0.00033528299344029434,Other,0.0,0.0,0.0
Fgf8,0.0012900923087018185,-0.0008714013803807545,0.0012440864186343472,0.005850646828894339,0.006923961015504401,Other,0.0,0.0,0.0
Fgfbp1,0.0010384215025121182,-0.0006758378078810964,0.001004640115195558,0.0006457835604244346,-0.001255137269763872,Other,0.0,0.0,0.0
Fgfbp3,0.0011427201993438085,-0.0007650968851021828,0.0009836907541596448,0.0024933456731533812,-0.0012850376523999688,Other,0.0,0.0,0.0
Fgg,0.000902878703111282,-0.0006120675477896708,0.000960968745049331,-0.0012881669760249532,-0.0001352668031555234,Other,0.0,0.0,0.0
Fli1,-0.005233373382750141,0.013896157678679584,1.0477203616967413e-05,-0.009834428473675022,-0.011488507878595051,Trajectory-3,0.0,0.0,2.0
Fmr1nb,0.0011969212251292116,-0.0008020740030089408,0.0011531412802894137,0.003875595502712453,0.004176242301148159,Other,0.0,0.0,0.0
Fn3krp,0.0008618951500403092,-0.0006812313343723892,0.0007951123733200645,0.0007784016957507001,-0.0009186515189426562,Other,0.0,0.0,0.0
Folr1,0.0010426729282300199,-0.0006801550365573224,0.0010300340067525195,0.0010421555924087925,-0.0008841575242562285,Other,0.0,0.0,0.0
Foxa1,0.0009227593692571467,-0.0005997196876864115,0.0008899144075614408,-0.0013139467434946572,-0.0008921430727068613,Other,0.0,0.0,0.0
Foxa2,0.0011615443298153005,-0.0007720132170122567,0.0011078587135228005,0.0026830420127005117,0.0025442996503926545,Other,0.0,0.0,0.0
Foxc2,0.0010180581131350223,-0.0006431864532867698,0.0007785143050704857,0.0009680691323097351,-0.0033067814796964097,Other,0.0,0.0,0.0
Foxd1,0.0010180303014967315,-0.0006745283997813307,0.0007328560422609616,0.0007688857651928404,-0.003422887460684841,Other,0.0,0.0,0.0
Foxd4,0.0010923646870798396,-0.0007277059046386269,0.000951077376047773,0.0012507085678727704,-0.0013196701679491158,Other,0.0,0.0,0.0
Foxf1,0.0010066084142956661,-0.0006537549213665145,0.0006527058622205445,0.0007689111137795745,-0.004181755913689816,Other,0.0,0.0,0.0
Foxj1,0.001101200686847041,-0.0007292702423610894,0.0011088857349127858,0.001609767136797182,0.0030804466188306275,Other,0.0,0.0,0.0
Foxq1,0.0009641192901533337,-0.0006027370673979481,0.000944383760725387,-0.0010401852900692214,-0.0019431831273176439,Other,0.0,0.0,0.0
Fst,0.0012589714988803654,-0.0008482007494261121,0.0011920067380853897,0.0049444092391256345,0.004759892777604412,Other,0.0,0.0,0.0
Fth1,0.0008652006048204682,-0.000710086859316735,0.0009517457919958764,0.0019746889964852477,2.0274099674155197e-05,Other,0.0,0.0,0.0
Gadd45g,0.000128318341550193,2.0173722983512767e-05,0.0003016102566508871,-0.002901590719644778,-0.0027517690049884734,Other,0.0,0.0,0.0
Gal,0.0011312408866892547,-0.000757960238966985,0.0009575285604810325,0.0019057664357000018,-0.0012735098679542945,Other,0.0,0.0,0.0
Gata1,-0.0675150819819164,-0.023322691223974058,5.840226965846704e-05,-0.00012982019384012318,-0.00043256877490018176,Trajectory-1,11.0,0.0,0.0
Gata2,-0.0001898300202701624,0.001028419351084476,0.00039677731840734065,-0.00469277160478033,-0.004090338717202578,Other,0.0,0.0,0.0
Gata5,0.0009155141243918157,-0.000644002660703627,-0.0014843162968577307,-0.001013427266843113,-0.0059563234887061,Other,0.0,0.0,0.0
Ghrl,-0.0028064767309321933,-0.0008475670598877905,-0.00042384587429675436,-0.004946345733290729,-0.0003961407598009226,Trajectory-1,5.0,0.0,0.0
Gimap4,-0.02570237270167453,0.07714909175470318,-0.0023997014635201023,0.009761611514715544,0.01162495979580285,Trajectory-3,0.0,0.0,27.0
Gimap6,-0.026481291439984646,0.07965629123950681,-0.002498086656651174,0.011109750033198262,0.013788916435867483,Trajectory-3,0.0,0.0,28.0
Gja4,-0.008460700172761041,0.023641875090428102,-0.000320525835733147,-0.009705012181960496,-0.013864587851625382,Trajectory-3,0.0,0.0,5.0
Gm10824,0.0010381642616261147,-0.0006917448255905743,0.0006351636471402638,0.0008237875354712986,-0.003978572366265507,Other,0.0,0.0,0.0
Gm11747,0.0010354619190250625,-0.0006916898079755173,0.0008430164287629378,0.000512921356976119,-0.00207468927000799,Other,0.0,0.0,0.0
Gm12280,0.001050792275401469,-0.0006547909644824227,0.0008770779136118531,0.0012689108644631198,0.00038780989252123815,Other,0.0,0.0,0.0
Gm13169,0.0011570133241753165,-0.0007784206594710953,0.0008401759953404476,0.0022140452324508615,0.0005677606032420595,Other,0.0,0.0,0.0
Gm13889,-0.006179889348607187,0.01806873246478497,-0.00010423129145297421,-0.008211797848313928,-0.012731385443526512,Trajectory-3,0.0,0.0,4.0
Gm14056,0.0014010355286566782,-0.000953578661920493,0.001427469612135194,0.009529871254461642,0.01721133182823823,Other,0.0,0.0,0.0
Gm15697,0.0009975828438294424,-0.0005347257917235907,0.000834437271512706,0.0007086395902273455,-0.0007120032335363194,Other,0.0,0.0,0.0
Gm15915,-0.012374718916417884,-0.0020713985340457216,-7.276070625045044e-05,-0.0076034782865427395,-0.001498912541844916,Trajectory-1,6.0,0.0,0.0
Gm16675,0.0011685106693077687,-0.0008124234339849373,0.0011118063679603283,0.004016043211862029,0.004181781159441099,Other,0.0,0.0,0.0
Gm17177,0.001446440721050703,-0.000990914479279702,0.0014898849953080663,0.011213055708686243,0.0205350910917927,Other,0.0,0.0,0.0
Gm17226,0.0011818039717246258,-0.0007893108430370247,0.0010391486679642427,0.002965729995869126,0.0013849653896195774,Other,0.0,0.0,0.0
Gm26748,0.0010027594700529184,-0.000643620108707285,0.000879724161075035,0.0005104539994442185,-0.0012086051287930235,Other,0.0,0.0,0.0
Gm26777,0.0009738483738752345,-0.0006549685159699909,0.0009586136577842229,-0.0017424944524617816,0.0005295414507326373,Other,0.0,0.0,0.0
Gm26909,0.001031781015540993,-0.0007550892475449095,0.0010601384710161104,0.003118569433088172,0.0016065056816831971,Other,0.0,0.0,0.0
Gm28196,0.0009187435390482561,-0.0005762113462060519,0.0005866919749165816,-0.0003442767374221378,-0.003576874204398773,Other,0.0,0.0,0.0
Gm34397,0.0013668369888901882,-0.0009286692704529257,0.0013625121558729235,0.008215579477418388,0.012904556803625736,Other,0.0,0.0,0.0
Gm37027,0.001438316094308722,-0.000981240365508063,0.0014671884156028721,0.010622597758050769,0.018945413937643055,Other,0.0,0.0,0.0
Gm37811,0.0014696878512438694,-0.0010045707673524663,0.0015164484510135107,0.01176596715349946,0.021965626906373412,Other,0.0,0.0,0.0
Gm38103,0.0009297249352722155,-0.0006075522232966172,0.0007378786180041748,-0.000989854089431322,-0.002132748773146909,Other,0.0,0.0,0.0
Gm38132,0.00116460458186065,-0.0007861746039781243,0.0010222891307466342,0.0025169319621468986,-0.0005448243222195924,Other,0.0,0.0,0.0
Gm40614,0.001379966206278837,-0.0009381573771752585,0.0014019858873945926,0.008895287775460243,0.015905877723585433,Other,0.0,0.0,0.0
Gm43118,-0.0004524027587081805,-0.0008494838356520705,0.00046830962901577185,-0.0007457343400744729,-0.00034485208996358024,Other,0.0,0.0,0.0
Gm43682,0.000601820015461262,-0.0005500774388097421,0.00022472606027075642,-0.0012704723175846022,-0.0017415740314074772,Other,0.0,0.0,0.0
Gm45833,0.0010154580710286952,-0.0006877514087063688,0.0008634246017708691,0.0009465012558394052,-0.0009891693687768077,Other,0.0,0.0,0.0
Gm46367,0.0011224550036948084,-0.0007455913059102665,0.0009909475623595297,0.0016931639567284945,0.0020524614307875135,Other,0.0,0.0,0.0
Gm47430,0.001209178897859763,-0.0008018447088984165,0.001179260626523039,0.00426142057745512,0.007562970606130434,Other,0.0,0.0,0.0
Gm47525,0.0011903292590232028,-0.0008028197667346436,0.0010810163422584906,0.0030450659507465115,0.0019665429141824784,Other,0.0,0.0,0.0
Gm48377,0.0008796746666127151,-0.0005944787076519409,0.0009125986162418736,-0.0012332667686212882,-0.0016436924625608802,Other,0.0,0.0,0.0
Gm48708,0.0014351612091932284,-0.0009792345432150672,0.0014653740340043822,0.010609069645679248,0.01887663512544394,Other,0.0,0.0,0.0
Gm805,0.001286704675656204,-0.0008688274746283454,0.0012419660414220459,0.005741361943410364,0.007425680386926828,Other,0.0,0.0,0.0
Gng11,9.29014220015197e-05,0.0012917090126613857,0.0005102425790617183,-0.003063369623790251,-0.005056765474269989,Other,0.0,0.0,0.0
Gp1bb,-4.297483180554479e-05,0.0001532926088347159,0.0002880913808438474,-0.004729683566912435,-0.002311926037959922,Other,0.0,0.0,0.0
Gp9,-0.08554884219858841,-0.030031472657252537,7.504063822823197e-05,0.003657066252868775,0.0009841146971705024,Trajectory-1,16.0,0.0,0.0
Gpr182,-0.019395605001833807,0.0575426487110754,-0.0016114430399440465,3.850537069329355e-06,-0.0036951476177549286,Trajectory-3,0.0,0.0,16.0
Gpx2,0.0010310674598947437,-0.0006752694887383578,0.000949975844718757,0.0005236024698048775,-0.00045259720968729254,Other,0.0,0.0,0.0
Gpx3,0.0010240264243362577,-0.0006519355762096446,0.0008118941326179097,0.0013053179276425555,-0.002263236658421925,Other,0.0,0.0,0.0
Grap,-0.014539134670348335,0.04238701270530571,-0.0010217959534778865,-0.005646613494899694,-0.010840305564338,Trajectory-3,0.0,0.0,12.0
Grsf1,0.0010566386544299717,-0.0007424217784234218,0.0009984443764407922,0.002577683568687386,-0.00020605096460102375,Other,0.0,0.0,0.0
Gsc,0.001305853688878311,-0.0008827456742120858,0.0012791266135382651,0.0062901368502492495,0.008518357253914246,Other,0.0,0.0,0.0
Gsg1l,0.0010459908731490037,-0.0006918183230901852,0.0007585882449945756,0.0006193070172689235,-0.002773618855790402,Other,0.0,0.0,0.0
Gsn,0.0010013083032059807,-0.0006618907822105325,0.000966196749501854,0.0006164696856930824,-0.0012685466530748997,Other,0.0,0.0,0.0
Gypa,-0.0932856028678575,-0.032889859767579306,8.552183897134914e-05,0.005667499090939282,0.0018752359645416038,Trajectory-1,19.0,0.0,0.0
Gzmm,0.0006161595917358013,-0.0004093265342537609,0.0008842989686420945,-0.008194594692014855,0.002588055645872482,Other,0.0,0.0,0.0
Hand1,0.0010237877399474904,-0.0006687782375339224,0.0006726003401016657,0.0008659315081193251,-0.003752516199570429,Other,0.0,0.0,0.0
Hapln1,0.0001970706210409656,0.000711257382122713,0.0004597247669621826,-0.0030826500615011598,-0.005328268834159457,Other,0.0,0.0,0.0
Hba-a1,-0.08362630641978938,-0.0293543044102555,7.171532844439385e-05,0.0031780883874960083,0.0006996301700446107,Trajectory-1,14.0,0.0,0.0
Hba-a2,-0.09216343642571972,-0.03248565287089131,8.414810316544287e-05,0.005363144210162794,0.0017111531464673213,Trajectory-1,17.0,0.0,0.0
Hba-x,-0.05412442296951817,-0.018637584085406948,5.199875466437739e-05,-0.001648805739704662,-0.001230675268867662,Trajectory-1,9.0,0.0,0.0
Hbb-bh1,-0.018846104345044617,-0.006166354822231403,5.906481185411361e-05,-0.004369116417660525,-0.0021875050790925938,Trajectory-1,7.0,0.0,0.0
Hbb-bs,-0.09107136348532256,-0.03206092683735166,8.362861326486915e-05,0.0053916777949573795,0.0018162113382301911,Trajectory-1,21.0,0.0,0.0
Hbb-bt,-0.09350040253860097,-0.03297102370752063,8.601663712572579e-05,0.00573461276305467,0.0019018543621798722,Trajectory-1,20.0,0.0,0.0
Hbb-y,-0.06994515048955488,-0.024394679527092407,5.3212469012755416e-05,0.0006002115689410864,-0.00042107885126366467,Trajectory-1,12.0,0.0,0.0
Hdc,0.0002337245150641313,-0.0002475179998267449,0.0008544992155058476,-0.019954040597682868,0.009386698812858538,Other,0.0,0.0,0.0
Hes3,0.0011548843367690696,-0.0007779595708008799,0.0009873020130340047,0.002523434677391674,-0.0016200504624676543,Other,0.0,0.0,0.0
Hes5,0.0011106805005145516,-0.0007415299931468263,0.000919635324895955,0.0019355995285927474,-0.0021627768534776557,Other,0.0,0.0,0.0
Hes7,0.0011337916898989683,-0.0007616140501824082,0.0009459606518093915,0.002271531391682036,-0.0021903907816113624,Other,0.0,0.0,0.0
Hesx1,0.0009420921952857896,-0.0007290541995025974,0.0009073000082204523,0.0014067004893205132,-0.00030364512946461325,Other,0.0,0.0,0.0
Hoxa1,0.0011310456588288704,-0.0007590240541735791,0.0009425020351896681,0.0022193288320483022,-0.002231748713593582,Other,0.0,0.0,0.0
Hoxa10,0.000835021922783698,-0.0005092255318081006,0.0002893657001601004,-0.0009291182375114522,-0.005053064841902905,Other,0.0,0.0,0.0
Hoxa7,0.0010116488491428409,-0.0006593543229210811,0.0006909375464138851,0.0008684947027281358,-0.004077718984677989,Other,0.0,0.0,0.0
Hoxa9,0.0009333731995888732,-0.0005806063162701077,0.0005672668747193689,0.00018566636040188926,-0.004625513914159035,Other,0.0,0.0,0.0
Hoxaas3,0.0010959716407526944,-0.0007377610038924006,0.000854112734280932,0.001796365676138651,-0.003082103674815788,Other,0.0,0.0,0.0
Hoxb1,0.0011306703776237576,-0.0007590135861710437,0.0009354032397010216,0.0021948875161937986,-0.002345777641151728,Other,0.0,0.0,0.0
Hoxb5os,0.0010605333068075481,-0.000707965666170327,0.000775555383758936,0.0013559192615399827,-0.003648482226973047,Other,0.0,0.0,0.0
Hoxb6,0.0009375056204232806,-0.0005940587675491277,0.0005716341233597403,0.00025706073368345463,-0.004563166646828532,Other,0.0,0.0,0.0
Hoxb8,0.001042564565341255,-0.0006808317733851402,0.0007674557821172768,0.0012241085772079488,-0.0036771532391346637,Other,0.0,0.0,0.0
Hoxb9,0.001072239311859609,-0.0007141023269510762,0.0007999382211336393,0.0014692033504690267,-0.003533378944082883,Other,0.0,0.0,0.0
Hspa1a,0.001124139212414566,-0.0007580200063774157,0.0010597652673580628,0.0031547720993227455,0.001435489632391336,Other,0.0,0.0,0.0
Hspb2,0.0009729662804384773,-0.0009373947439473634,-0.011046359114486013,-0.001193012601816327,-0.009535335075762158,Trajectory-2,0.0,6.0,0.0
Hspb7,0.0018479391166224515,-0.0029513324240274703,-0.08371776105189181,0.0018978896299788124,0.006765081902534596,Trajectory-2,0.0,27.0,0.0
Icam2,-0.023358133732339283,0.06988475775756736,-0.0021039014724997273,0.005808423329859857,0.0051694116841868925,Trajectory-3,0.0,0.0,21.0
Ifi27,0.0011482696810762006,-0.0007588050711207757,0.0009975005639809977,0.0026507824220938004,0.000677417001086186,Other,0.0,0.0,0.0
Ifitm1,0.0011005821230003789,-0.0007261875772402447,0.0009125742300928497,0.0019171599420266285,-0.001985765073706084,Other,0.0,0.0,0.0
Ifitm3,0.0010696443673816531,-0.0007106114187951116,0.0010292508322871621,0.0026410958255964545,0.0006279477734779731,Other,0.0,0.0,0.0
Igf1,-0.017489795349291345,0.05164816921505156,-0.0013801469933209251,-0.0022719540667239697,-0.006839449697662498,Trajectory-3,0.0,0.0,15.0
Igfbp3,0.0010781729330157455,-0.0006716192041912462,0.001014082132344426,0.0024412110974653457,0.00018363147275682253,Other,0.0,0.0,0.0
Igfbp5,0.0009675466234096056,-0.0006238698414990504,0.0004567077632262376,-3.8950227351031906e-05,-0.0035158498649091358,Other,0.0,0.0,0.0
Igfbpl1,0.0011476009079612185,-0.0007658405289131339,0.0009510200598235236,0.002341300819150065,-0.0012590398444764551,Other,0.0,0.0,0.0
Iqca,0.00012927282886539604,-0.0002245787220271287,0.0009004396197562186,-0.025661620680441432,0.01358665823098803,Other,0.0,0.0,0.0
Iqub,0.0005353931713243804,-0.00038940475013405105,0.000920110598476885,-0.011652553223075937,0.005206462622766056,Other,0.0,0.0,0.0
Kcne3,-0.010111601741758095,0.028137882599592764,-0.0004992590364094966,-0.009463376750425275,-0.01363716543022784,Trajectory-3,0.0,0.0,10.0
Kdr,-0.00034246745809448715,0.0020595895771781617,0.00046942392100443933,-0.004219520665327287,-0.006147355976115936,Other,0.0,0.0,0.0
Klf1,-0.08472376819379684,-0.02973008936391402,7.317115480522324e-05,0.0034154314617413748,0.0008605117562557068,Trajectory-1,15.0,0.0,0.0
Klf2,0.0008344698068345234,-0.00029729214692204734,0.0008075179282100034,0.00021332737318487916,-0.001505662816933002,Other,0.0,0.0,0.0
Klhl4,-0.021783799571956752,0.06511675017886952,-0.0019093168476275585,0.0036277832576257227,0.0014174593517549173,Trajectory-3,0.0,0.0,18.0
Klk7,0.0011485812948121687,-0.0007615103524434982,0.0010125767691022219,0.0024286897308143985,-0.00021526890445009505,Other,0.0,0.0,0.0
Krt18,0.0011203505203069277,-0.0007374724684323103,0.000973395038563488,0.0024061760149378672,-0.00025478422979996853,Other,0.0,0.0,0.0
Krt19,0.0009272289314931947,-0.0005836805290584832,0.0005786253951001979,-0.0008327916624026963,-0.0028168579854239567,Other,0.0,0.0,0.0
Krt20,0.0008661598721210448,-0.0006351263645012093,-0.0012995402264075553,-0.0020986102456711873,-0.003286807384389288,Other,0.0,0.0,0.0
Krt8,0.0010475704279984247,-0.0006799831112439934,0.0008134493558703931,0.0011874618772520493,-0.002464053657008303,Other,0.0,0.0,0.0
Lat,-0.004443542259660405,0.010867709516118058,0.0001163966714488684,-0.009312060514398833,-0.0083967865247049,Trajectory-3,0.0,0.0,7.0
Lefty1,0.0012181097760674867,-0.000827191845941063,0.0011867164229018147,0.004574900307445103,0.005536500569709031,Other,0.0,0.0,0.0
Lefty2,0.0012565299252727607,-0.0008476819675068348,0.001187122273576045,0.004801305037721966,0.004785008652552782,Other,0.0,0.0,0.0
Lhx1,0.0011933420564444197,-0.000801293559774284,0.001100487282315983,0.0032474291064155426,0.0015780842876591263,Other,0.0,0.0,0.0
Lhx2,0.0011224628142497788,-0.0007513093693317544,0.0009447991849704825,0.0020771281868513397,-0.0019133504871277328,Other,0.0,0.0,0.0
Lhx5,0.0011829703460718567,-0.0007957706943891345,0.001060404960124461,0.0030238813286512962,5.8418091518217675e-05,Other,0.0,0.0,0.0
Lmo1,0.0011682973470435742,-0.000785211678695061,0.0010352226830743615,0.002882984066867472,-0.0002628859099066817,Other,0.0,0.0,0.0
Lmo2,-0.004709585465765779,-0.0006404575382853391,0.00015039378519310356,-0.006359957149738749,-0.003150503802056148,Trajectory-1,1.0,0.0,0.0
Lrrc18,0.0009167105577657465,-0.000603463299211437,0.0010348110845782425,-0.0024598338196368643,0.0030098094892821283,Other,0.0,0.0,0.0
Lrrc34,0.001084625606292613,-0.0007066049494104414,0.0010686321592960552,0.0014986391339260438,0.001952833627399694,Other,0.0,0.0,0.0
Lrrc46,0.0009338519203759701,-0.0006184249568888143,0.0009692030625965116,-0.0011194933473797656,0.001047668548811905,Other,0.0,0.0,0.0
Lum,0.0006156172192827704,-0.00028770374699922533,0.0003287181688281159,-0.00343786750843702,-0.003225249275817924,Other,0.0,0.0,0.0
Lyve1,-0.022688128223248456,0.06785038754028094,-0.0020209791082243527,0.004774277014913972,0.003333966885767337,Trajectory-3,0.0,0.0,19.0
Mab21l2,0.0008821446310605661,-0.000549330688422202,0.00018561825859738973,-0.0009588693228352111,-0.003927712929128651,Other,0.0,0.0,0.0
Mafb,0.0010684498188488268,-0.0007039627039294754,0.0008598717203818782,0.001427855474246366,-0.0024176983162805775,Other,0.0,0.0,0.0
Mapk15,0.0005732011836366815,-0.0003992248885115342,0.0009113020454893519,-0.010090762559390657,0.0037762772989825485,Other,0.0,0.0,0.0
March2,0.00037050576888737253,-0.00033057524776154966,0.0006825528298211245,-0.00045894002524990364,0.0009712423437098264,Other,0.0,0.0,0.0
Marco,-0.009748413582492291,0.027998609070802125,-0.00047741106932944053,-0.008580940201208356,-0.012400157115775046,Trajectory-3,0.0,0.0,11.0
Mef2c,0.0006507380124073824,-0.00024545543909124524,-0.0010895992652951104,-0.0018448145768423978,-0.005484376124901838,Other,0.0,0.0,0.0
Meig1,6.905882404491209e-05,-0.00018240137218085263,0.0008739517816065009,-0.026343386098951215,0.013775589857695728,Other,0.0,0.0,0.0
Meox1,0.0010794254803603498,-0.0007202364732851179,0.0008396576380723812,0.0014578591517702452,-0.0029338381242202142,Other,0.0,0.0,0.0
Meox2,0.0010002299579936708,-0.0006522013401857325,0.0007152558610319455,0.0004570796426823388,-0.0033097647905066044,Other,0.0,0.0,0.0
Mesp1,0.0012223518131831781,-0.0008238217362185631,0.0011281280468929732,0.0039353042644960775,0.0022864728922518274,Other,0.0,0.0,0.0
Mesp2,0.0012371406822746214,-0.0008364602855841606,0.0011597751794614937,0.0042782465823207605,0.003689124771387952,Other,0.0,0.0,0.0
Mest,0.0010430935771102373,-0.0006621792169684031,0.000869268484029794,0.0015644877621624903,-0.0020916089016734737,Other,0.0,0.0,0.0
Mixl1,0.001280548031011347,-0.0008654898934103758,0.0012330934162260358,0.005553823652313911,0.0063300108580563,Other,0.0,0.0,0.0
Mlf1,0.001192843814949528,-0.0007999216750809253,0.0011068320463726465,0.003654312501218307,0.002229239293644069,Other,0.0,0.0,0.0
Morn3,0.00012667283198021913,-0.00021448527439393186,0.0008721387754836435,-0.025132559230908152,0.012956833852938422,Other,0.0,0.0,0.0
Morn5,0.0003052234672974868,-0.0002821065813029943,0.0008624992741553261,-0.01833459944094381,0.008441934478394551,Other,0.0,0.0,0.0
Mpl,-0.002612239889168259,0.0024832400288163476,0.0002457680394342158,-0.010858494445047075,-0.0018332818440376392,Other,0.0,0.0,0.0
Mpz,0.0012629190477770325,-0.0008505604400850707,0.0012203464903979447,0.005251950184942176,0.006336960377580025,Other,0.0,0.0,0.0
Msx1,0.0010910434774728688,-0.0007218226397024855,0.0008712270448952902,0.0017675710829296429,-0.0024935755682444043,Other,0.0,0.0,0.0
Msx3,0.0010714204941297103,-0.0007123767155505429,0.0008634444565245826,0.0013025486687274275,-0.002480650299684897,Other,0.0,0.0,0.0
Mt2,0.0011878539374844473,-0.0008162745848829307,0.001170620513042195,0.0043954313788901675,0.004948258136035447,Other,0.0,0.0,0.0
Mybpc3,0.0017830287594603911,-0.0028908826737974974,-0.0814780585521634,0.001685900917534613,0.006172426441266204,Trajectory-2,0.0,26.0,0.0
Myh6,0.0017787566465434848,-0.0028121548050979044,-0.07861583367167567,0.0015650825005016963,0.004897050025373175,Trajectory-2,0.0,23.0,0.0
Myh7,0.0015933459859649559,-0.002462873525288759,-0.06605529407676787,0.0006757850362299343,0.00046898942987784784,Trajectory-2,0.0,20.0,0.0
Myl1,0.0009967435649575731,-0.0009660748879189477,-0.011277221469693672,-0.0010289241303273917,-0.009463346064502203,Trajectory-2,0.0,8.0,0.0
Myl2,0.001045865557535153,-0.0008122521001316423,-0.00419460287416051,-5.135706989299204e-05,-0.005820621202789883,Trajectory-2,0.0,5.0,0.0
Myl3,0.0010834006356659144,-0.0013908709624767155,-0.027420825240154798,-0.0013156504855547078,-0.008912232469273633,Trajectory-2,0.0,14.0,0.0
Myl4,0.0008560116052692805,-0.0008120129518643336,-0.009207125493492464,-0.0017654233777007983,-0.010018228173240298,Trajectory-2,0.0,4.0,0.0
Myl7,0.001067653738898379,-0.0007063377663637603,0.0006120210212946931,0.0015019108358932621,-0.0021684290859707088,Other,0.0,0.0,0.0
Myl9,0.00099237987198433,-0.0006481983578504009,0.000366951495196997,0.00048241244360983326,-0.003375836738570805,Other,0.0,0.0,0.0
Nanog,0.0014572727470366193,-0.0009963819053165767,0.001501575335259164,0.011425434907287101,0.020817602686892173,Other,0.0,0.0,0.0
Nebl,0.0009788043628788845,-0.0010998246850845183,-0.017900710512961177,-0.0016846029838746555,-0.010547154518333721,Trajectory-2,0.0,11.0,0.0
Nek5,0.00027219369217883953,-0.0002652776240346477,0.0008538865315052657,-0.018491996057498638,0.008491231953585766,Other,0.0,0.0,0.0
Nepn,0.0008446142036619157,-0.0005725162547219393,0.0008024842518324575,-0.002087542963642283,-0.0009766087224884973,Other,0.0,0.0,0.0
Neurog1,0.0012122228431245892,-0.0008122599996562192,0.0011308173585336569,0.003804452560262996,0.0029518531482135486,Other,0.0,0.0,0.0
Nexn,0.0009093047284705692,-0.0006465716176014617,-0.0018854021327176904,-0.000795989138179943,-0.006527429352394888,Other,0.0,0.0,0.0
Ngfr,0.0010198952843562764,-0.0006650529665919531,0.0006846643370236494,0.000831303348961562,-0.003854274283685756,Other,0.0,0.0,0.0
Nkx1-2,0.0011644412917222638,-0.000781440331348861,0.0010042418403988737,0.0027066712941089767,-0.0010963820734479705,Other,0.0,0.0,0.0
Nkx2-3,1.4652054250812154e-05,0.0014127660770531917,0.0004994043628249207,-0.0037033670426754707,-0.004973669956834117,Other,0.0,0.0,0.0
Nkx2-5,0.0008797860051670769,-0.0007386783910556507,-0.00555474862267602,-0.0013337758076302898,-0.008747149781287064,Trajectory-2,0.0,3.0,0.0
Nkx2-9,0.0009665426167006008,-0.0006325174351083929,0.0007382976718023004,-0.0004292230066114211,-0.0023189692240111978,Other,0.0,0.0,0.0
Nkx3-1,0.0010945162807119077,-0.0007230039726725385,0.0008957449543090079,0.0014424641025169043,-0.00133144394085651,Other,0.0,0.0,0.0
Nkx6-1,0.0010841767725549634,-0.0007191993901569146,0.0009230812825762518,0.0015191960869288766,-0.0016781613917763345,Other,0.0,0.0,0.0
Nkx6-2,0.0010371469450663892,-0.0006805857096426809,0.0008726149943261095,0.000843261306111195,-0.001701038689236909,Other,0.0,0.0,0.0
Nme5,0.0010624952667294323,-0.0007027880113338806,0.0010007348624937074,0.0006295256493203324,2.2980558485618886e-05,Other,0.0,0.0,0.0
Nme9,8.75036725161102e-05,-0.0002060358417418079,0.0008866281062378866,-0.02704052641727538,0.014363042226031759,Other,0.0,0.0,0.0
Nog,0.0010135182272653853,-0.0006624365436802058,0.0007766565914962006,0.00020348728551268177,-0.0025145373237164094,Other,0.0,0.0,0.0
Noto,0.000506796247910839,-0.0003657581650553568,0.0008418357118073609,-0.01010921823170918,0.0033844657746143238,Other,0.0,0.0,0.0
Nppa,0.0016565611823186094,-0.0025664404049446582,-0.06961687392985019,0.0009713707233281652,0.001761049587498714,Trajectory-2,0.0,21.0,0.0
Nr2f1,0.0010302016451556395,-0.000682662573956964,0.0007140974191557514,0.0008734966740398258,-0.003263166549761269,Other,0.0,0.0,0.0
Odf3b,0.0004145500353586692,-0.00033675019823300783,0.000907980098637747,-0.015631909228102474,0.007279541816300606,Other,0.0,0.0,0.0
Olig1,0.0014221123306870198,-0.0009701922580768814,0.0014496034176340463,0.01016846951048192,0.01766318449676686,Other,0.0,0.0,0.0
Osr1,0.0010771449941360406,-0.0007217926748868102,0.0008018521666210215,0.001489694493284672,-0.003475071875612601,Other,0.0,0.0,0.0
Pax6,0.0011260920174608264,-0.0007565143340270212,0.0009271662952487661,0.002043603967378419,-0.0020628311701057223,Other,0.0,0.0,0.0
Pax8,0.0010474486929171443,-0.0006910873640204937,0.0008399799500424678,0.0007799582511725929,-0.002157917078987483,Other,0.0,0.0,0.0
Pcdh8,0.0011815330496281965,-0.0007928828393702056,0.0010650999058742683,0.0029752320597005878,0.0005088106231606334,Other,0.0,0.0,0.0
Pde11a,0.0006992975664131163,-0.00040923188278264595,0.0005230951909710025,-0.0021047313502609456,-0.0026578138418722986,Other,0.0,0.0,0.0
Pdzph1,0.0011376658581068763,-0.0007650571165761443,0.000981910574347579,0.0022945866428460376,-0.0013363344628775217,Other,0.0,0.0,0.0
Penk,0.0012267676196493116,-0.0008231528535345713,0.0011690372919167407,0.004396483578101307,0.0042518722814953785,Other,0.0,0.0,0.0
Pf4,-0.007614448525503291,0.02038526539299138,-0.00022607223975861583,-0.010022608763099959,-0.011126204715944762,Trajectory-3,0.0,0.0,8.0
Pga5,0.0009770594419390563,-0.0005999223468477457,0.0008771803233915307,-0.0023115159197366645,-0.00013586637440049534,Other,0.0,0.0,0.0
Pgam2,0.0010639455930505906,-0.0012569344272862952,-0.022706148135131294,-0.0013783902628984241,-0.009993265146848094,Trajectory-2,0.0,12.0,0.0
Pgf,0.0009696669502330303,-0.0006291192639442548,0.0005031671882723455,0.00017078313931464116,-0.004217005513328053,Other,0.0,0.0,0.0
Phlda1,0.00027212600559550684,-0.00034199220556469705,0.00038916537878786703,-0.00217440130979434,-0.0025509823140549993,Other,0.0,0.0,0.0
Phlda2,0.0010842408134090365,-0.0007169159977634395,0.0008773824652649773,0.0018122799114179276,-0.002159896683387913,Other,0.0,0.0,0.0
Phox2b,6.375265205564802e-05,-0.00034812634629911957,6.741608448668825e-05,-0.003964686330587964,-0.0009682987722494126,Other,0.0,0.0,0.0
Pifo,0.001025098236271071,-0.0006732493266520282,0.0010614169644145971,8.99062990127463e-05,0.0024720234135351734,Other,0.0,0.0,0.0
Pim2,0.0014418868915510618,-0.0009854819400394155,0.0014798339316463658,0.010920893515861927,0.019492376074256617,Other,0.0,0.0,0.0
Pitx1,0.0008668750208007058,-0.0005531612107145777,0.0002729198240197805,-0.0008218655160849216,-0.004942674700650009,Other,0.0,0.0,0.0
Pitx2,0.0010860618457456245,-0.0007093329538043176,0.0008550130383177734,0.001639301835840151,-0.001708985621549749,Other,0.0,0.0,0.0
Pla2g12b,0.000893483717287523,-0.0005868659618781408,0.000929167229688666,-0.00027512815409044426,-0.0022360274615060268,Other,0.0,0.0,0.0
Pla2g1b,0.001458944310871747,-0.0009975589475022225,0.0015041076742749041,0.011493096339148254,0.021012658299423274,Other,0.0,0.0,0.0
Plac1,0.0006193577969767907,-6.864929537741171e-05,0.00034415133958243444,-0.001868739855037555,-0.005135085001269924,Other,0.0,0.0,0.0
Plek,-0.001814409491462648,0.004621888655074438,0.00036946139089837494,-0.008091028862729466,-0.005109312207356209,Other,0.0,0.0,0.0
Plekha4,0.001116511367067524,-0.0007735468981932412,0.001086783456442219,0.0033900574819599886,0.002490748798745033,Other,0.0,0.0,0.0
Plet1,0.0009766893507493078,-0.0006192664766852774,0.0008396039414933171,-8.642888632961262e-05,-0.0013748968196647625,Other,0.0,0.0,0.0
Plvap,-0.000759828085450121,0.0036573039789691056,0.0006139635098519213,-0.0031833561495355545,-0.004580024385241267,Other,0.0,0.0,0.0
Pmp22,0.0009108310740663383,-0.0005456640454304418,0.0005152114584823992,-2.4231444777253692e-05,-0.004444276570102658,Other,0.0,0.0,0.0
Pnliprp1,0.0009381757213502105,-0.0006067271279621117,0.0005900361736909955,2.227613668378159e-06,-0.0038568881596405093,Other,0.0,0.0,0.0
Postn,0.00042455895669155753,-1.946295023772166e-06,0.00011269959473005498,-0.005403087074041415,-0.0023394453375026898,Other,0.0,0.0,0.0
Pou5f1,0.001404406010439875,-0.0009565887201033264,0.001421254226699604,0.009503736015256961,0.015922326404481414,Other,0.0,0.0,0.0
Ppp1r1b,0.001113850898103621,-0.0007529915114206705,0.000947851820062002,0.0019796510825148745,-0.0015486592786847302,Other,0.0,0.0,0.0
Ppp1r32,0.00011743944694538364,-0.00021922445388475,0.0008814288949430166,-0.02588960527362241,0.013551211927363839,Other,0.0,0.0,0.0
Prdx1,0.0010333404594602975,-0.0007525191311540761,0.0010522925265141288,0.003113177828012398,0.0012657107986497878,Other,0.0,0.0,0.0
Prr23a3,0.0013558392517700165,-0.0009238745906314464,0.0013591554182583816,0.008210591203624532,0.0130340788547522,Other,0.0,0.0,0.0
Prr29,-0.00020769315055220962,0.0002579869377159623,0.0007784850570726816,-0.022627862189500258,0.0098086160007588,Other,0.0,0.0,0.0
Prrx2,0.0010172536040784508,-0.0006686296434606597,0.0005622356793239107,0.0007354484783746708,-0.004012684260443663,Other,0.0,0.0,0.0
Prss12,0.0009628742134889672,-0.0005689390372728973,0.0009571776669920202,-0.0014523528905279986,-0.0014072710713914605,Other,0.0,0.0,0.0
Psmb8,0.0012902305123501418,-0.0008713295830229516,0.001250872364649529,0.005921793296855037,0.00730676549738373,Other,0.0,0.0,0.0
Ptger3,-0.0007191513743909324,-0.00019735933579698164,0.00040661606505518064,-0.004513978053898986,-0.001374316513196422,Other,0.0,0.0,0.0
Ptn,0.001141380663049186,-0.0007619661501951231,0.0009814437957387046,0.0023857119562551514,-0.0011540686826584346,Other,0.0,0.0,0.0
Pyy,0.000536827871676215,-5.852127800353156e-06,0.00013986340218132232,-0.0028004756087097195,-0.004175500523680172,Other,0.0,0.0,0.0
Rab27b,-0.003469553306628198,0.0017721417744289414,0.00015266808209630448,-0.009209304022086136,-0.0032276223103797934,Other,0.0,0.0,0.0
Rax,0.0012097695435354114,-0.000811019681520357,0.0011143472230594714,0.0036455678453164715,0.002400641119769989,Other,0.0,0.0,0.0
Rbp2,-7.264327173985935e-05,0.0003060521018889378,0.00026131353973942963,-0.004862106112062101,-0.001795812975663539,Other,0.0,0.0,0.0
Rbp4,0.0009488169040235371,-0.0006730604163962491,0.0009076184401230658,0.0012409575329176208,-0.0014760173981815297,Other,0.0,0.0,0.0
Rflna,0.0010901618931980557,-0.0007128632379083315,0.000965959524930998,0.0015555138277290764,-0.0008079016995693228,Other,0.0,0.0,0.0
Rgs18,-0.0065732989652886676,-0.00016813788470722114,0.00014757848645376547,-0.010503272840252736,-0.0024528318088374162,Trajectory-1,4.0,0.0,0.0
Rhbg,0.001171039722182411,-0.0007899344350028365,0.0010238434957672137,0.002739583518396227,-0.0008810667667821204,Other,0.0,0.0,0.0
Rhobtb2,0.0011537964923455856,-0.0007726448022825565,0.0010514684055002337,0.003010952819071715,0.0009220228764655015,Other,0.0,0.0,0.0
Rhoj,-0.006247903861564482,0.017452812646864217,-8.315784455768306e-05,-0.009806250231642675,-0.013691419766149794,Trajectory-3,0.0,0.0,1.0
Rhox5,0.0009726895015039347,-0.0006396608569066932,0.0009643057164588682,0.0009372893350012917,-0.0014074636393729169,Other,0.0,0.0,0.0
Riiad1,0.0010822383020487392,-0.0007146619385231999,0.001091058582464123,0.0014072620920837543,0.0028737221813917037,Other,0.0,0.0,0.0
Ripply2,0.001120274781207835,-0.0007487794301783398,0.0009545208880063918,0.00194615839713234,-0.0015414044785111351,Other,0.0,0.0,0.0
Ripply3,0.0008763420325119945,-0.00037633157780263184,0.0007900765186872104,-0.0005619829483541324,-0.0021379803420392635,Other,0.0,0.0,0.0
Rnase4,0.0008767815378276025,-0.000555867890424718,0.0008965329270033911,-0.0007461150585571259,-0.0020559665752285113,Other,0.0,0.0,0.0
Rpgrip1,0.001035495931920776,-0.0007496204294409425,0.001043517987348897,0.002952529342210982,0.0010497665391189911,Other,0.0,0.0,0.0
Rpl39l,0.00139398359180427,-0.0009503873585118366,0.0014177762120859564,0.00946426167272507,0.0161794376755753,Other,0.0,0.0,0.0
Rrad,0.0010770123305340652,-0.0008383802926377407,-0.004417145489647723,0.0005406197278139446,-0.0038453442007064333,Trajectory-2,0.0,9.0,0.0
Rsph1,0.001276844674495779,-0.0008618839823349493,0.0012584371071719086,0.005666675254774227,0.007756508278131587,Other,0.0,0.0,0.0
Rsph4a,0.0004270822521686019,-0.0003269060508155543,0.0008860652526021943,-0.013581917507610348,0.005860883049271359,Other,0.0,0.0,0.0
S100a16,0.00025811900164168035,0.0010783834922275329,0.0006673313205657511,-0.002092883584203987,-0.004126089787214932,Other,0.0,0.0,0.0
Saa1,0.000836245080975716,-0.000513558970139265,0.0004431781717134746,-0.0008830531848871871,-0.0042870387569163655,Other,0.0,0.0,0.0
Samd3,0.0010078309091600779,-0.0006637136422408351,0.0009734208301679631,-0.00034047045888782834,8.235755389620052e-05,Other,0.0,0.0,0.0
Scn4a,0.0010565679472603973,-0.0007031946549562255,0.0004876533800420082,0.0007496223393901716,-0.0031125953705634954,Other,0.0,0.0,0.0
Sct,0.0010658192147503058,-0.0007062007265609668,0.0007831331814465116,0.0013794262937119003,-0.003361226417874987,Other,0.0,0.0,0.0
Selenop,0.0009814558079886257,-0.0005254323002140944,0.000959102596870633,0.0012379969419814769,-0.000342676217759839,Other,0.0,0.0,0.0
Sfn,0.0013074594925372163,-0.0008842386196741868,0.00128243637126197,0.006491819780002235,0.008765636450403482,Other,0.0,0.0,0.0
Sfrp5,0.0010115772648088865,-0.0006751802421631392,0.00018411755606554588,5.5876495750976097e-05,-0.0036316931935538336,Other,0.0,0.0,0.0
Sh3bgr,0.0008340467311598623,-0.0007409560285203787,-0.006328638285661899,-0.0016381576685954888,-0.009710548982026345,Trajectory-2,0.0,1.0,0.0
Shh,0.0005915613209886717,-0.00042223529098764666,0.0007499574031292231,-0.007746671279788922,0.001566907892847262,Other,0.0,0.0,0.0
Six6,0.0010804112288257798,-0.0007069906543624848,0.0008960677294809904,0.001413382100194861,-0.00227299649886391,Other,0.0,0.0,0.0
Sla,-0.0020153962303794963,0.002395643861089945,0.00028077772740268286,-0.010169948885147792,-0.002316819503080221,Other,0.0,0.0,0.0
Sla2,-0.008754056449205258,-0.000278263820643603,7.437370872561055e-05,-0.009903883929800145,-0.004012626419303901,Trajectory-1,3.0,0.0,0.0
Slc2a1,0.0010291201151073628,-0.0007367632502745236,0.001012402048397653,0.002723579699701571,0.0003263095516961181,Other,0.0,0.0,0.0
Slc2a3,0.001109527832178988,-0.0007376868688786021,0.0009934173163193413,0.0023812601946131516,-0.00048744746527614656,Other,0.0,0.0,0.0
Slc32a1,-0.0015188890628677323,0.0011310959325680245,0.00031230788917297896,-0.008176864017901889,-0.002493000381585439,Other,0.0,0.0,0.0
Slc7a3,0.0014642996375609848,-0.0010017960428490946,0.001511281935513201,0.011674610756201933,0.02153240733952062,Other,0.0,0.0,0.0
Slpi,0.0012395353793035568,-0.0008358347808549037,0.0011605551962111597,0.004349485209698698,0.003641165844614638,Other,0.0,0.0,0.0
Smim1,-0.04090233192632955,-0.013733453893984744,1.8020816819047394e-05,-0.0031894068535334055,-0.0015145394912206866,Trajectory-1,8.0,0.0,0.0
Smkr-ps,0.0007868373699317256,-0.0005263039885575677,0.0009619975666823986,-0.005295820025721781,0.002546041904270157,Other,0.0,0.0,0.0
Smpx,0.0018865703524154893,-0.0030235327424307976,-0.08634899049482382,0.0020931407219927406,0.007783421169389365,Trajectory-2,0.0,29.0,0.0
Snca,-0.06289788476950182,-0.021740366330633757,6.270090066436143e-05,-0.0008564999436535008,-0.0008651827595947799,Trajectory-1,10.0,0.0,0.0
Sost,0.0004748729008785501,0.00049994376258356,0.0006482219294804691,-0.0020121539216830433,-0.003617576163841712,Other,0.0,0.0,0.0
Sostdc1,0.0010421967974951628,-0.0006805958900816485,0.0008470216913962337,0.000752060109177736,-0.0019896189702611907,Other,0.0,0.0,0.0
Sox10,0.0009373719252565371,-0.0006027118537434281,0.0006116500422606892,-0.00015883923062938045,-0.0033612512143288476,Other,0.0,0.0,0.0
Sox17,0.000714694357297899,-8.629275886440628e-05,0.000789707853108369,-0.001591226808528396,-0.002078400339032796,Other,0.0,0.0,0.0
Sparc,0.0011095552757984049,-0.0007108919711983735,0.001000313190374949,0.0025153404155030335,4.234503444822737e-05,Other,0.0,0.0,0.0
Sparcl1,0.0009842413838441907,-0.0006351319010710173,0.0006865157540587138,0.0002803062592708894,-0.0036471372943802523,Other,0.0,0.0,0.0
Spem1,0.001208040394927255,-0.0008134016130393219,0.0011160184325809239,0.003510009361815717,0.0023640419247920067,Other,0.0,0.0,0.0
Spi1,-0.002345129188034676,0.004009288076738358,0.0003024131200594601,-0.008923708918589696,-0.004723079154673112,Other,0.0,0.0,0.0
Spin2c,0.0010724555884243042,-0.000703212401418944,0.0008094334795917094,0.0014368758692289733,-0.002634910110805689,Other,0.0,0.0,0.0
Spink1,0.0010173840288288708,-0.0006852933849640879,0.0009843357362375152,0.0013592395292049493,-0.000832773834284693,Other,0.0,0.0,0.0
Sprr2a3,0.0010630658922748918,-0.0007075635097257665,0.0008510493178189543,0.0011740510939041353,-0.002636033798829755,Other,0.0,0.0,0.0
Srarp,0.0002771286864467572,-0.0002673465814154211,0.0008569019577687814,-0.018538514934670177,0.008498047366692428,Other,0.0,0.0,0.0
Srgn,0.0009661106100738445,-0.0006021332519390962,0.0010041951579122356,-0.0011516997360597856,-0.0013330558875200888,Other,0.0,0.0,0.0
Stab2,-0.024691158424223387,0.07415994106018219,-0.002272251871304662,0.008083944260263326,0.008571982691036185,Trajectory-3,0.0,0.0,23.0
Stk33,0.0005000904802191339,-0.0003191475711125302,0.0008607200883839585,-0.009820305788255972,0.003334807739784497,Other,0.0,0.0,0.0
Stoml3,-0.00010897717012694073,-0.0001097281539259535,0.0007914949141318692,-0.021551393739735036,0.00972418682822638,Other,0.0,0.0,0.0
Sun3,0.0011494148549993299,-0.0007640114140965671,0.0010715362143290308,0.0024667931737220672,0.0015812141444856355,Other,0.0,0.0,0.0
T,0.001181605786890418,-0.00079030789366122,0.001075507911542638,0.0031643752848182377,0.0009025437447336244,Other,0.0,0.0,0.0
Tacstd2,0.0010838381904159022,-0.0007187614118599822,0.0008753153450035133,0.001476609091059594,-0.0023818049165701535,Other,0.0,0.0,0.0
Tagln,0.0008836010728917643,-0.000580962876170577,-0.0005397614037758797,-0.0007626992144029643,-0.005319278740618209,Other,0.0,0.0,0.0
Tbx1,0.001023852393284168,-0.0006667437578829313,0.0007565326365711165,0.0009187512405524277,-0.0034946170634417902,Other,0.0,0.0,0.0
Tbx6,0.0011590588994502052,-0.0007809257245445468,0.0009979950938094635,0.00263725313005851,-0.0014274458579669222,Other,0.0,0.0,0.0
Tceal9,0.0011049425814942482,-0.0007531270826424295,0.001036643527334802,0.00303694880423517,0.0007299152542225541,Other,0.0,0.0,0.0
Tcf15,0.0011401825071092322,-0.0007539574919794814,0.0009997723518182374,0.002583941837895351,-0.00024207364430982407,Other,0.0,0.0,0.0
Tctex1d1,0.0010532217653568539,-0.0007002405667354115,0.0009940757316821828,0.0004569048894325212,5.5318443913931745e-05,Other,0.0,0.0,0.0
Tdgf1,0.0014120614648331588,-0.0009623012319980692,0.0014318403091819838,0.009768202255385574,0.016647248839647917,Other,0.0,0.0,0.0
Tdo2,0.0007606788793018132,-0.00045364674055918666,0.0001782412343723626,-0.0016556778611812235,-0.005027345225356024,Other,0.0,0.0,0.0
Tekt1,0.0010402704808116696,-0.0006805742309713644,0.0009811381118870306,0.0004341276002929191,0.0001302163769917124,Other,0.0,0.0,0.0
Tekt2,0.0009515840708831661,-0.0006258762997489299,0.001028482783014535,-0.0010584182375515774,0.0025135732250990994,Other,0.0,0.0,0.0
Tekt4,5.695988788097859e-05,-0.00019592552016973655,0.0008875363490872223,-0.02791077687362245,0.014977578870600845,Other,0.0,0.0,0.0
Tfec,-0.0005887998010894217,0.0034761674002906848,0.0005281597206754918,-0.0037055408888881218,-0.0032726425828186073,Other,0.0,0.0,0.0
Tff3,0.0003685301153112629,-0.00024967392256480375,0.0008747471589062996,-0.015128889417104344,0.006422027065541976,Other,0.0,0.0,0.0
Tgfb2,0.0009964501988722564,-0.00063877179157528,0.0005687303313536186,0.000518832801956948,-0.0035423730549111,Other,0.0,0.0,0.0
Tgm3,0.0011720679586918548,-0.0007826597870757282,0.001115658908699098,0.0030648142269932557,0.002729945811481404,Other,0.0,0.0,0.0
Tie1,-0.02350373541863665,0.07034714334861239,-0.002122159750609344,0.006040668153135463,0.005532963461047275,Trajectory-3,0.0,0.0,22.0
Tlx2,0.0011236699465999678,-0.0007522050841818792,0.000937585280042416,0.0020309213299262896,-0.002163909807031091,Other,0.0,0.0,0.0
Tmem212,0.00011950554903083791,-0.00022394822986362669,0.0008712628528573329,-0.024997371710485713,0.012887298106141202,Other,0.0,0.0,0.0
Tmprss2,0.0009164346498752063,-0.0006017849963584059,0.0009235374435946453,-0.0006228125176514539,-0.0015830512955156643,Other,0.0,0.0,0.0
Tmsb4x,0.0009806785629128884,-0.0006795227513316875,0.000929361314057028,0.0018775205342323133,-0.0010760598203242181,Other,0.0,0.0,0.0
Tnnc1,0.0009034757970559187,-0.0009991809471297198,-0.01501595797675839,-0.0018990913547579321,-0.011163307462814676,Trajectory-2,0.0,10.0,0.0
Tnni1,0.00031719239235576707,-0.00040202670178600896,-0.001038388930153648,-0.0026953405038945507,-0.0036000108342788256,Other,0.0,0.0,0.0
Tnni3,-0.0022026084573503854,-0.00036038478361983666,-0.0025082088421607158,-0.004846988996321449,-0.003076261691371399,Trajectory-2,0.0,15.0,0.0
Tnnt2,0.0008106890063015423,-0.0007714966364770503,-0.008345507181406291,-0.0020253348207847693,-0.009688928300030252,Trajectory-2,0.0,7.0,0.0
Tpm1,0.001034423711718982,-0.0007055844104080505,0.0009292922975351853,0.0021335218764685884,-0.0007509810561819233,Other,0.0,0.0,0.0
Tppp3,0.0008419624044722063,-0.0005480679311683442,0.0007760699379060068,-0.0031325676931783764,-0.000836287570839512,Other,0.0,0.0,0.0
Trap1a,0.001237221048108169,-0.0008306336320681823,0.0012038230485955138,0.004793163762828542,0.005876780567178153,Other,0.0,0.0,0.0
Treml1,-0.00423168029075133,0.0007771587513094188,0.0001903377089936527,-0.010714332070998586,-0.002609247517924031,Other,0.0,0.0,0.0
Trh,0.0014142654166228365,-0.0009639241406488228,0.0014410716585963085,0.009915390003851308,0.017159392699092273,Other,0.0,0.0,0.0
Ttn,0.001798635168452716,-0.0028845140807747635,-0.08125480533580227,0.0017064472808698656,0.005973663446868275,Trajectory-2,0.0,25.0,0.0
Ttr,0.0009308420387851475,-0.0006717413721676355,0.0009159839098255764,0.0012509379434125954,-0.0012880663174653908,Other,0.0,0.0,0.0
Ucn,-0.0005980553796970458,0.0024243284983579308,0.00033593869558047243,-0.006481030142485991,-0.0030695857319211414,Other,0.0,0.0,0.0
Unc45b,0.0009459459849767468,-0.001674580972587436,-0.03931526806969937,-0.0012787234931892495,-0.0029964586232073607,Trajectory-2,0.0,18.0,0.0
Uncx,0.0011240213857606918,-0.0007434173768384148,0.0009273941997798222,0.0019011341269311603,-0.0002459202011231977,Other,0.0,0.0,0.0
Upk3a,0.000786453858145219,-0.000530533184550618,0.0008663798692838054,-0.004554971919645954,0.0008145516709154955,Other,0.0,0.0,0.0
Upp1,0.0011569496034786607,-0.0007525720267596528,0.0010791589756300312,0.0030880034354089547,0.0014351684698138572,Other,0.0,0.0,0.0
Utf1,0.0014730742171237643,-0.0010074917116127647,0.0015234490340983948,0.0119365628947018,0.0222928865588863,Other,0.0,0.0,0.0
Vcam1,0.0008249685674308256,-0.0006102701449590725,-0.0026230283849863535,-0.002196667567783055,-0.006291271333343906,Other,0.0,0.0,0.0
Vgll2,0.0010469035401196273,-0.0006803633620827268,0.0008700748631348444,0.0007190819935982796,-0.0008047905403101369,Other,0.0,0.0,0.0
Vgll3,0.0010784696009608012,-0.0007070507981242655,0.0008694853999941792,0.001450940812554839,-0.001947725512552874,Other,0.0,0.0,0.0
Vim,0.0009712259912882351,-0.0005693489777368375,0.000779082685640895,0.0008003875603449673,-0.002843665830446804,Other,0.0,0.0,0.0
Vsnl1,0.0011085159982625677,-0.0007470017911055013,0.0001665511499010646,0.0014208246538310444,-0.001131942731318512,Other,0.0,0.0,0.0
Vtn,0.0006577200582130836,-0.0004491746833431588,0.0007928435339649462,-0.006562584896738951,0.0011240134758811833,Other,0.0,0.0,0.0
Wfdc21,0.0010125334152048737,-0.0006749813006002315,0.0007430878505118869,0.0008335197372401917,-0.00336530525435542,Other,0.0,0.0,0.0
Wisp1,0.0006375664629970298,-0.00033538754104757494,5.594174950114844e-05,-0.0026798152354416517,-0.004747656636277377,Other,0.0,0.0,0.0
Wnt1,0.0010735956223518436,-0.0007191295995068399,0.0008509393754589106,0.0013814617135205535,-0.0027475959018610353,Other,0.0,0.0,0.0
Wnt2,0.0010050977174804483,-0.0006633856657207795,0.00033412759818800573,0.0005318095478323307,-0.0038068454965475536,Other,0.0,0.0,0.0
Wnt6,0.0010859945007822376,-0.0007198518364824957,0.0008570566488900513,0.0015138579760391913,-0.002757205974567596,Other,0.0,0.0,0.0
Wnt8b,0.0011276790496349723,-0.000759584978300332,0.0009454313136471934,0.0021284546431848198,-0.0020956297275244126,Other,0.0,0.0,0.0
Xist,0.0010075535604593525,-0.0007628490030857037,0.0010551865641913309,0.003136028182870981,0.00153137638729253,Other,0.0,0.0,0.0
Zcchc12,0.0011839796351117884,-0.0007917822295891311,0.0010990268325028127,0.0034307150166990176,0.0022034951307367888,Other,0.0,0.0,0.0
Zfp971,0.0012383283515951004,-0.000828044240586424,0.001136252881812012,0.004533868187983747,0.005332495689687975,Other,0.0,0.0,0.0
Zmynd10,0.0005362209051482287,-0.0003813518823543716,0.0008915438730525295,-0.010645097195629715,0.00412447552621131,Other,0.0,0.0,0.0
