gene,DM_1,DM_2,DM_3,DM_4,DM_5,selected,Pseudoorder-1,Pseudoorder-2
1500009L16Rik,0.004581497627749155,-6.080137846062099e-05,0.0029913183407150974,-0.000628176553752383,0.0015500096267400624,Trajectory-2,0.0,102.0
1700007K13Rik,0.0004712877110347329,0.0020366028078533985,-0.001872743297756237,0.0016528845795635372,-0.00017279918111773134,Trajectory-1,200.0,0.0
1700027J19Rik,0.0008440679726297857,-0.005370012729209889,0.00297077478261885,0.002221701141589449,-0.001649344569419871,Trajectory-2,0.0,9.0
1810059H22Rik,0.0007116903794598156,0.0030667381419296302,-0.0018113286428809486,0.0011895860778925193,-6.726833905391195e-05,Trajectory-1,235.0,0.0
3110070M22Rik,0.004681566383709029,0.0030605063097863512,-0.0010691269169624633,-0.0025238422187199745,0.0006729937599720622,Trajectory-2,0.0,160.0
4930539E08Rik,-3.685032954527906e-05,0.0038081172781034237,-0.002865076828985086,0.0021019650331620403,-0.0003116617547677423,Trajectory-1,270.0,0.0
4930550L24Rik,-0.00965186413976192,0.005410593181748239,0.0027065210873713917,0.0007849467738963048,-0.005992904388363874,Trajectory-1,204.0,0.0
4932435O22Rik,-0.004726646272071775,-0.002901192400856599,-0.0021152985352413,0.001264256570008045,0.0017443727560043523,Trajectory-1,81.0,0.0
4933422A05Rik,-0.0012081241164009031,0.004215747148676896,-0.003239534390036345,0.003196690106514734,0.00013040222123133328,Trajectory-1,273.0,0.0
5430427N15Rik,-0.00040178521144574984,0.002922100677314686,-0.0014580617584947428,0.0018770033291902724,0.0002674926972375782,Trajectory-1,227.0,0.0
5730422E09Rik,0.0015459464146989,0.0022701300138609874,-0.0013408087277650808,0.0006836107856020669,-1.054024645468841e-05,Trajectory-1,210.0,0.0
9530053A07Rik,-0.0022515736776614606,-0.000415028176415675,-0.0014743657168467725,0.004661066619156294,0.0012847979662870674,Trajectory-1,150.0,0.0
A430093F15Rik,-0.011364472440029897,-0.00036332044459222066,-0.0028553692353577974,-0.0034965312676658424,0.005799827515990054,Trajectory-1,87.0,0.0
A930028N01Rik,0.0015106424235511854,0.006561382748032926,-0.007624352439253917,0.0018123371259489976,-0.004257406340771558,Trajectory-1,292.0,0.0
AC102815.3,-0.006865849456329688,0.005230412003889791,0.002520215619043678,0.0027984598242779186,-0.003267890633290674,Trajectory-1,223.0,0.0
AC133868.1,-0.0036105328108368227,-0.0022575018912787044,-0.0010883035601435235,0.0016252762174896339,0.0011405009297323376,Trajectory-1,95.0,0.0
AC139294.1,0.002195516785050858,-0.0013830750427144096,0.001660919060164778,0.0005152245235641147,0.00042557006312469596,Trajectory-1,109.0,0.0
AW112010,-0.0024953682946376897,0.003450955807372574,-0.004588161645713591,0.0104530502681419,0.0028662184821137728,Trajectory-1,237.0,0.0
Abi3,-0.009382446712862045,-0.005508033718357163,-0.006585656932223802,-0.005824239303559339,0.00398178423455588,Trajectory-1,37.0,0.0
Acot3,-0.0014333583426974538,-0.0019314020651445532,0.0002727820629543134,0.0016825365463393942,0.000576710640408081,Trajectory-1,99.0,0.0
Acta2,0.0034290660759937583,0.004544889814782722,-0.004449686805562267,-0.0014933043732176458,-0.0020975945292429693,Trajectory-1,272.0,0.0
Actb,0.005510562704526338,0.0058056994357797605,-0.004169263393289094,-0.004329439098925437,0.00032384451447817984,Trajectory-2,0.0,193.0
Actc1,0.001963552938482859,0.005756799267040205,-0.006429371393634447,0.00010514345826519046,-0.003965047380388483,Trajectory-1,288.0,0.0
Acvrl1,-0.008765404869095935,-0.0022488222797452033,-0.003833017348674895,-0.0026152115571693503,0.002557521496600256,Trajectory-1,75.0,0.0
Adamts17,0.0018734007096196073,-0.0007835367821865385,0.0014256462143585795,0.0008661339740185206,0.0006926639026345713,Trajectory-1,127.0,0.0
Agl,0.004497650111414656,0.004704522359493248,-0.0033965658587394557,-0.0026432968455442104,-0.00042449902370301693,Trajectory-2,0.0,180.0
Alox5ap,-0.010533494059420617,0.0003271794900380932,-0.0008970140981007193,-0.004026457725113621,8.63997578755995e-05,Trajectory-1,96.0,0.0
Als2cl,0.0009419258574981493,0.0003928778410143908,0.0002784772060641558,0.0020380497258562493,0.0007863373413568169,Trajectory-1,163.0,0.0
Anxa5,0.0027290672308074204,-0.0009320170550063395,0.0010068003439049405,-0.0006545907574537799,-0.0009011121165167439,Trajectory-2,0.0,99.0
Apbb1ip,-0.020406170226030747,0.017945200297795973,0.018945566629093153,-0.00724660647181339,0.020188127929718108,Trajectory-1,287.0,0.0
Apoa1,0.005154000315780574,0.0017412438286447647,0.001395769219635021,-0.001829000775152703,0.0019221104707530716,Trajectory-2,0.0,139.0
Apom,0.0047787647639849365,0.0007970773777793278,0.0022107703603184954,-0.0009860935826297536,0.0017644501996987487,Trajectory-2,0.0,119.0
Aqp8,0.005057029594227403,0.007612071186239143,-0.007595950230536848,-0.0035848441975682606,-0.0028139278055314184,Trajectory-2,0.0,205.0
Arhgdib,0.0036100990397340453,-0.0011462402605232499,0.0031387975328694196,0.00018490752552329464,0.0005223313647924136,Trajectory-2,0.0,88.0
Arl6ip1,0.005530355318550038,0.0052218230318815985,-0.0032540758760975686,-0.00418216722867582,0.0007790117383638032,Trajectory-2,0.0,187.0
Arpc1b,0.002544997270599318,-0.003011566990747141,0.0034805932836592126,0.001048110565948136,-0.0005757310590794992,Trajectory-2,0.0,47.0
Arxes1,0.0039341123534837544,-0.0016936270069121105,0.0042916956004627775,0.0009247328488386703,0.0011180074130620623,Trajectory-2,0.0,69.0
Asb4,-0.004186469128657119,-0.008235925174157587,-0.0034695440438608743,-0.0014697438701077338,-0.000708235508928457,Trajectory-1,21.0,0.0
Ascl2,-3.173541286169811e-05,-0.006317252161673906,0.0020483628472384155,0.0020639636631411824,-0.0020139134896205633,Trajectory-2,0.0,1.0
Ass1,0.005200178960762173,0.0024419877476618817,0.0006136024012301312,-0.00234635693730827,0.0019143132468444782,Trajectory-2,0.0,148.0
B2m,0.005405190617487089,0.004590136891733273,-0.0024795283257337754,-0.003789181790424077,0.0008328679950391356,Trajectory-2,0.0,178.0
B930036N10Rik,0.004869449803743549,0.007006086740315771,-0.0069367526764709635,-0.003068386673841517,-0.0028821290046353973,Trajectory-2,0.0,192.0
Basp1,-0.0032151168389921024,-0.007527475408352255,-0.0024210361165758853,-0.001173455544517073,-0.0015143701305152864,Trajectory-1,32.0,0.0
Bcl11a,-0.012800680094636538,0.00824651888263648,0.006688291290136392,-0.0028126976113425164,0.0023786137280029855,Trajectory-1,221.0,0.0
Bex1,0.005596203411862971,0.0038363934740322904,-0.0009402694420273611,-0.0034668251873702844,0.0019021569041641378,Trajectory-2,0.0,169.0
Bex4,0.005639395542199171,0.005072997579850232,-0.002808436452018799,-0.004160824960791482,0.0012110057139102298,Trajectory-2,0.0,185.0
Bin2,-0.004625846476465196,0.0005261392115341669,0.0007341976269583806,-0.00018236012391861493,-0.00532719875459224,Trajectory-1,132.0,0.0
Bmp2,-0.0019343276864484211,-0.006365147409279867,-0.0009537011297557109,-0.00030190958848911367,-0.0021036681884115276,Trajectory-1,44.0,0.0
Bmp4,-0.005191141826044762,-0.008603907434888765,-0.004775987086798318,-0.002611056336050593,0.00014254112219969523,Trajectory-1,12.0,0.0
Bst2,0.0038440123848877406,-0.0016905364541594718,0.004136529342545178,0.0008188914528300055,0.000934658122120448,Trajectory-2,0.0,71.0
C030006K11Rik,0.0024898971806143833,0.0007868414110572975,0.00030580073297614463,0.0003292262487859018,0.0005543001908775982,Trajectory-1,162.0,0.0
C1qb,-0.016313109953220162,0.012639260152268097,0.011485677778828625,-0.003828537326854937,0.010010659411525768,Trajectory-1,274.0,0.0
C1qc,-0.01815375534697074,0.015241359117950463,0.014632307623694706,-0.00454195258519343,0.013692283041832926,Trajectory-1,284.0,0.0
C330004P14Rik,-0.002164754157226435,-0.003983748178716022,-0.0002894045416674364,0.0009856843872363742,0.00030667221123077156,Trajectory-1,69.0,0.0
Cald1,0.002375948067590055,-0.002836468205711867,0.0024845002801677112,0.0004613133069435771,-0.001091568813452645,Trajectory-2,0.0,60.0
Capg,0.00225265702734418,-0.0002649512044655723,0.00017945562771941586,-0.0007429719701351803,-0.0011202604877243929,Trajectory-2,0.0,108.0
Car1,0.00320845299156799,0.007538416242373182,-0.008319123562366353,-4.3407292583230375e-05,-0.004560280234254042,Trajectory-1,291.0,0.0
Car4,-0.00030127099631342035,-0.006501724212423306,0.0013845982690996583,0.001363399981310688,-0.0022164756634812303,Trajectory-2,0.0,5.0
Carmn,0.001358652043423364,0.00015229395729406662,0.00021146758940831985,0.0007064389200525829,0.00044011080848906076,Trajectory-1,149.0,0.0
Cavin2,-0.012125669369847863,0.009069948673446187,0.006083766811055595,0.000671300737957261,-0.010863029456454482,Trajectory-1,242.0,0.0
Cbfb,-0.00012460644049992476,-0.005745876467407836,0.0012329508959885353,0.0008052003312677919,-0.0023639982970789183,Trajectory-2,0.0,17.0
Ccnd1,-0.005502268394113054,-0.00799298477149571,-0.004916900363923979,-0.0031425930070845473,0.00014551651990838736,Trajectory-1,18.0,0.0
Ccnd2,0.004550886121056933,-4.9864251804838864e-05,0.0032985069788011036,-0.00018472530477591631,0.001936796309835134,Trajectory-2,0.0,101.0
Ccng1,0.005069671718963367,0.005887562428445209,-0.0047882522159072875,-0.0035622231564982937,-0.0007424771540632696,Trajectory-2,0.0,191.0
Cd200r1,-0.014030267867281737,0.010519480371412078,0.008148624842949911,-0.0010981443609447052,-0.007055474814361305,Trajectory-1,253.0,0.0
Cd24a,0.0055338286267682954,0.006626221694846717,-0.005421924599323152,-0.004418548755443411,-0.00045956392050759465,Trajectory-2,0.0,200.0
Cd34,-0.013321641103514203,0.004163415358980814,0.002094690305655332,-0.005302177808029718,0.00318035329990576,Trajectory-1,136.0,0.0
Cd53,-0.017736186725991674,0.01413930482182408,0.014006431977857326,-0.005933331081637516,0.012442301539486458,Trajectory-1,278.0,0.0
Cd80,-0.00020730169574881022,0.004269624574706708,-0.00326070608643541,0.002027979211014291,-0.0004189055812026807,Trajectory-1,275.0,0.0
Cd81,0.00447485434385229,0.000901988326999132,0.0013599487824831902,-0.0015215043573817315,0.0008460056328886635,Trajectory-2,0.0,124.0
Cd9,0.005546658495918906,0.004520099415562825,-0.0021541819364582966,-0.0039043185100691136,0.0012464382788019068,Trajectory-2,0.0,176.0
Cdh5,-0.008238894838312609,-0.00709568314002015,-0.00675712623150008,-0.0050181219329291605,0.0032865780081265572,Trajectory-1,25.0,0.0
Cdkn1a,0.0016507538070416618,0.0031386664453226377,-0.0027891814796399536,0.0005807284679593687,-0.0009662056163042836,Trajectory-1,217.0,0.0
Cdkn1c,0.003483141200299167,-0.0011749622895155887,0.002349591113169273,-0.00027283592396705475,-0.00012533245196632976,Trajectory-2,0.0,89.0
Cebpb,0.004198501462235294,-4.2702996908872705e-05,0.0020335389832541405,-0.0009611143850196715,0.0005733029676213815,Trajectory-2,0.0,104.0
Cela1,-0.011430240697607907,0.007072041396649053,0.004842646058957555,-0.0007292336047107415,-0.009163450376518579,Trajectory-1,212.0,0.0
Celf2,-0.00467833871376439,-0.004111092317491999,-0.0013601386416647171,-0.0012367391428939783,-0.002885795333002311,Trajectory-1,64.0,0.0
Cer1,0.0014752166278084134,-0.0036555058876306,0.002333565467690745,0.0009822316293555784,-0.0004109073356038956,Trajectory-2,0.0,42.0
Cfl2,0.002878734979482256,-0.002397562251219159,0.002671430184404964,0.00034398400472033017,-0.0006957038119368824,Trajectory-2,0.0,68.0
Cited1,0.0036829082007287443,-0.002068799915526998,0.004092696406797488,0.000923352688961756,0.0005944664775068867,Trajectory-2,0.0,67.0
Ckb,0.002120641612449425,-0.003444417770137038,0.0026814421301730204,0.0006314971166626284,-0.00124357118339857,Trajectory-2,0.0,45.0
Cldn5,-0.012682222079599095,0.003895551109079381,0.0015237451534160114,-0.004638729143665671,0.002425759760848263,Trajectory-1,140.0,0.0
Clec1b,-0.015334318464176043,0.012403076438574603,0.010174310230751646,-0.001182540207447098,-0.006332226684180192,Trajectory-1,280.0,0.0
Clic1,0.005173974027185134,0.0031863314070000744,-0.0009239049477883681,-0.003022562065904592,0.0009403157378712147,Trajectory-2,0.0,162.0
Clic6,7.771862410775868e-05,-0.006238229438987362,0.0021818160216306253,0.0021140785546127283,-0.0019480540296846784,Trajectory-2,0.0,2.0
Clu,-0.005152423156112196,-0.003511524693520753,-0.0011322163203742234,-0.001148516005053519,-0.003130751998622385,Trajectory-1,70.0,0.0
Cmtm3,-0.004780830413752137,-0.007623862388686241,-0.003537044078006292,-0.0020274515594776157,-0.0011302917870007275,Trajectory-1,28.0,0.0
Cmtm7,0.0003173909312843407,-0.005929571011270763,0.002167048740184616,0.001589226811649813,-0.0022064465478032614,Trajectory-2,0.0,10.0
Cnn2,-0.0015666044332982383,-0.00721691237020643,0.00018498357383783025,0.0008780240181162967,-0.0022387154410663792,Trajectory-1,38.0,0.0
Cnn3,0.0036093822934206896,-0.0015556085694458164,0.0029677760210860896,-4.847841870516101e-05,6.226023722120518e-05,Trajectory-2,0.0,82.0
Cnrip1,0.0014747055847468564,-0.0025081049225734314,0.0017875307452117736,6.694332080232732e-05,-0.001262529273464114,Trajectory-2,0.0,72.0
Coch,-0.007256342705992243,-0.006155526030391404,-0.0059219742091534845,-0.004238913992512909,0.0028360249156966616,Trajectory-1,34.0,0.0
Col18a1,0.001964862988671387,-0.0028578193908979435,0.0024716238228733494,0.0005537101631754478,-0.0011051098789828324,Trajectory-2,0.0,62.0
Coro1a,-0.011192454947203917,0.0036860752218191664,0.00216024105963968,-0.0031183732319856007,-0.002578026798803268,Trajectory-1,147.0,0.0
Cotl1,0.004308516197529703,0.0008763614130607911,0.0011872479811896766,-0.0015500467047437874,0.0005803737346494237,Trajectory-2,0.0,127.0
Cox6a2,0.00019297559877058375,0.003616699825297216,-0.0024279017385155735,0.0015749847765123203,-0.00017590952913988067,Trajectory-1,256.0,0.0
Creb3l2,0.0010532576406282511,-0.00127440412528655,0.0004368735138030764,-0.00015885757374460758,-0.0011615267015049188,Trajectory-1,112.0,0.0
Crip2,0.004952126594993914,0.0013238544337227894,0.001622667374769701,-0.0017713722471834378,0.0016412172259618447,Trajectory-2,0.0,135.0
Crygb,-0.00142215686812561,-0.000969006608001126,-7.010654784860799e-05,0.0011091652274807118,0.0005935832388872859,Trajectory-1,116.0,0.0
Csrp1,0.004563144645618258,0.0011585465193728992,0.0012136824665986434,-0.0017008010528778365,0.0009380047171049651,Trajectory-2,0.0,133.0
Cst7,-0.0038183255197521346,0.0045577856336207955,-0.0036824302571485767,0.00939058545946275,0.0011986833127933451,Trajectory-1,244.0,0.0
Ctla2a,-0.010864126598315359,0.0028758663681206784,0.0011205912563722383,-0.0026711304307455875,-0.002878030236477018,Trajectory-1,134.0,0.0
Ctsl,0.005246215468800777,0.002735789755992628,-7.138416452407961e-05,-0.002857747626207845,0.0014169825915416137,Trajectory-2,0.0,155.0
Ctsw,-0.0024132975322957552,0.0010858849201319583,-0.0013745222813881797,0.0036581903424455758,-0.0001146131249260833,Trajectory-1,169.0,0.0
Cxcl5,-0.014354993089372277,0.009863852351818197,0.006899271501310002,6.56604809494218e-05,-0.002393008000409772,Trajectory-1,239.0,0.0
Cyba,0.004250038408652307,-0.0005928041249292134,0.00355324035838448,0.000193571314420722,0.001533131102377876,Trajectory-2,0.0,93.0
Cyr61,-0.005467870746757659,-0.008958733099284218,-0.005193173035361402,-0.0028214829003269273,0.0005210378647441034,Trajectory-1,6.0,0.0
D030007L05Rik,-0.014700353164030315,0.007897154226567695,0.006082976935602572,-0.0049936826764065585,0.004379390584529757,Trajectory-1,198.0,0.0
D730045A05Rik,0.0022401581687454455,0.001144093021938436,2.13835863571713e-05,0.00047445256961178866,0.0005564865688764934,Trajectory-1,172.0,0.0
Dcxr,0.002848804210544826,0.005673535121182969,-0.0059732742134421726,-0.0003459701743978395,-0.003126292894307637,Trajectory-1,285.0,0.0
Ddah2,0.0035800122071079758,-0.002180852546112897,0.004108563854115679,0.0009635368697989539,0.0004457908277315703,Trajectory-2,0.0,65.0
Ddit4,0.002747659896438477,0.0012669766510841633,-0.0002777592283905845,-0.00047733509158561795,-0.00012731745354760545,Trajectory-1,166.0,0.0
Ddit4l,-3.864244404478177e-05,0.0014011994003625624,-0.0014743130914926853,0.0021451442033049266,0.00015366494250593777,Trajectory-1,177.0,0.0
Dkk1,0.002849491245506985,0.0005411068539484355,-0.000305580456219796,-0.000844924154516087,-0.0003173059162095172,Trajectory-2,0.0,126.0
Dnmt3b,0.0036390957727399985,-0.0021389585593022745,0.004250635168822104,0.0010271777644570179,0.0006053902531464023,Trajectory-2,0.0,66.0
Dok2,-0.009940039067922372,0.004479274696587624,0.002542812356073882,-0.0010845825914080223,-0.007180793051754296,Trajectory-1,173.0,0.0
Dusp2,0.0028414753418660754,-0.0029612457113481674,0.003561271438244025,0.000983677342899573,-0.0005098392291457958,Trajectory-2,0.0,49.0
Dusp9,0.003279046096026544,-0.002760028878943254,0.004592519018847311,0.0017820195206446764,0.0005723950957946478,Trajectory-2,0.0,31.0
Ebi3,0.0003217015379269819,0.000837940371974311,0.0005291374922596217,-0.0004805227699418002,-0.0005732323969066972,Trajectory-1,153.0,0.0
Ecscr,-0.011360226325762484,-0.003450953938762213,-0.005640255075287525,-0.006973194891439095,0.005273843965951027,Trajectory-1,53.0,0.0
Edn1,-0.0002293646336219892,-0.003619504389183005,0.0006443606018552162,0.00046158555889369666,-0.0003980047110625545,Trajectory-1,72.0,0.0
Egr1,-0.00012552419983297868,0.0027496979097417287,-0.0031589593408239106,0.00026891212726168275,-0.001870145075235282,Trajectory-1,224.0,0.0
Emb,0.0048754418693823685,0.0007769097993048739,0.0023960311530707573,-0.001228901952543651,0.0018305687024530528,Trajectory-2,0.0,116.0
Emilin1,-0.00632594223446616,-0.005381278045965235,-0.0034623269651014423,-0.002667524325855869,-0.0009686032239414862,Trajectory-1,49.0,0.0
Epop,0.004194550595843909,-0.0012254890565589881,0.004052857149632422,0.00047892478757272403,0.0013080878730507008,Trajectory-2,0.0,80.0
Esam,-0.010653661215167042,-0.0034442719331919517,-0.005173728040392158,-0.006182585168946601,0.003698880009648852,Trajectory-1,55.0,0.0
Etv2,-0.00012442549862868508,-0.006079397148747675,0.0016769633829493505,0.0014054404075666612,-0.0022322392837641177,Trajectory-2,0.0,8.0
Eva1b,-0.002842033881059067,-0.006216101005670123,-0.0013718458446922402,-0.00066021964817344,-0.0023263664364318094,Trajectory-1,48.0,0.0
Exoc3l,-0.00985698649732591,-0.002954334152347117,-0.004236464108886615,-0.005063043505637744,0.0020952948168500023,Trajectory-1,60.0,0.0
F2r,0.004517535030783566,0.0004486955356457911,0.001961643157875358,-0.0012254391419687562,0.0009679308269569903,Trajectory-2,0.0,112.0
F2rl2,-0.007724272171801173,0.004205034037043383,0.0018239380913174852,0.0007537643803688527,-0.008436973962757109,Trajectory-1,193.0,0.0
Fam212a,0.005466654404544601,0.003080186675148269,-0.000174922207253371,-0.0030745660961830814,0.0017620045019398811,Trajectory-2,0.0,157.0
Fbn2,-0.008686967302636395,-0.008498382249925733,-0.008656103088486746,-0.006235995367470997,0.004999741740518873,Trajectory-1,4.0,0.0
Fbxw17,0.0045564645759351655,0.0013385023590890203,0.0010871019903063368,-0.0016169256312335905,0.0011134991322930556,Trajectory-2,0.0,136.0
Fcer1g,-0.015246562488597713,0.011171051454233924,0.009593366764874753,-0.003101206959813421,-0.0021061332393227626,Trajectory-1,248.0,0.0
Fcgr3,-0.01367525617704896,0.007211890980797645,0.0055353860386222606,-0.004296984979832975,0.0014050696281597168,Trajectory-1,194.0,0.0
Fermt2,-0.0032612371030119134,-0.007331197243618998,-0.0023462784302975864,-0.0011660083012916581,-0.0017409186688679976,Trajectory-1,33.0,0.0
Fgf15,0.002263985379481753,-0.004306427538656468,0.004262014137369505,0.0022826143619327733,-0.00041631570050074807,Trajectory-2,0.0,20.0
Fgf3,0.002861175262000213,-0.0030551409284365707,0.004416985647980296,0.0021975672253568366,0.0005810375796443561,Trajectory-2,0.0,27.0
Ficd,0.0036659502016825685,0.004905558572633219,-0.004479077870068648,-0.0017948335150542113,-0.002040187860668969,Trajectory-1,276.0,0.0
Fkbp11,0.004835103303379279,0.0007035034278649875,0.0026573156944271303,-0.0008789162589250631,0.0020983280738766453,Trajectory-2,0.0,114.0
Fli1,-0.0021781535326238634,-0.007356019822786508,-0.0006399201050126252,0.0001403063874184544,-0.002161182542917459,Trajectory-1,35.0,0.0
Flt1,-0.010114970889195017,-0.007411759614124005,-0.009213868260510948,-0.007346919881285829,0.007165726854845575,Trajectory-1,11.0,0.0
Fmr1nb,0.004618220212309961,0.0018796019315445581,0.00026064357470754416,-0.0018532221093820144,0.0009601283946991618,Trajectory-2,0.0,146.0
Fn1,0.0033088359553772794,-0.0025244402922142144,0.004550694763719859,0.0017989982681343602,0.000756721498375681,Trajectory-2,0.0,38.0
Fos,0.0014264780050989682,-0.0009239142202620226,-0.00034710978618608234,-0.0005508881118000481,-0.0013225604638147396,Trajectory-1,110.0,0.0
Foxc2,0.004701676956295124,0.0031308387980021946,-0.0010413644080926926,-0.00222823709915127,0.0007362578353705556,Trajectory-2,0.0,159.0
Fscn1,0.004808598446111871,0.0006272871575797871,0.0025535489849545356,-0.0010389280173302546,0.0018584341904889527,Trajectory-2,0.0,113.0
Fst,0.0031743269108413007,0.0007280689576881431,0.00033507017882855296,-0.000853812918995297,-1.8814126776219473e-05,Trajectory-2,0.0,128.0
Fth1,0.005323976645206617,0.00684728792967861,-0.0060415219608358425,-0.004179666376335838,-0.0011223418083100658,Trajectory-2,0.0,204.0
Gadd45g,0.0046844418170611,0.0007708105702049133,0.001832963517765631,-0.0014498204312211186,0.0012032373103919246,Trajectory-2,0.0,121.0
Galnt17,-0.006709739741909996,-0.0013067960652457201,-0.0025786826766151746,0.0002949547487770633,0.002515870568701638,Trajectory-1,94.0,0.0
Gap43,-0.0034823561275823377,-0.0028008720923586583,-0.0010031833597469598,-0.0010459559248112349,-0.0021458511401908757,Trajectory-1,84.0,0.0
Garem2,-0.0012226383017672135,-0.0029474459290007647,0.0009195665873209469,0.00020310078857181725,-0.0004250669946736415,Trajectory-1,79.0,0.0
Gas6,-0.0066151034690019,-0.008106335517937933,-0.00585086272395835,-0.0036444976040757595,0.0015906870032641874,Trajectory-1,15.0,0.0
Gata1,0.005625838807672211,0.005938621653064219,-0.004193333244972166,-0.004352936945298054,0.0004374081648340901,Trajectory-2,0.0,195.0
Gata2,-0.002884170786007803,-0.0081076386886169,-0.0015703251964426185,-8.189402931488187e-05,-0.0011664362948954389,Trajectory-1,27.0,0.0
Gimap4,-0.009345709983077906,-0.00043953530593296875,-0.0017289923691636447,-0.0034055922456810534,2.57604616883515e-05,Trajectory-1,92.0,0.0
Gimap5,-0.013211985710269105,0.0034884523588209655,0.0014832446153571468,-0.005390781121147214,0.0030902480638286575,Trajectory-1,126.0,0.0
Gimap6,-0.018365479026005823,0.014474415763658901,0.014571574806256687,-0.00654739028029417,0.013144042149689153,Trajectory-1,279.0,0.0
Gja4,-0.007460308800150329,-0.0037369737264680387,-0.0031852302433616306,-0.003080149912369696,-0.0009860101906944106,Trajectory-1,62.0,0.0
Glipr1,0.0009602125829751806,0.0012942118866608708,-0.0006937754504890198,0.00041468108944137886,-0.000423262849176854,Trajectory-1,174.0,0.0
Gm10654,0.0020591953893093575,0.0020454612199677148,-0.0010324042810608714,-0.0002900485042829618,-0.00018755686070666934,Trajectory-1,191.0,0.0
Gm11346,-0.005093378266344537,-0.0033853671148671876,-0.0012963485845261663,-0.00026256173973090714,-0.0011358128910806573,Trajectory-1,71.0,0.0
Gm1141,-0.00018273708239897012,0.00026721197796927734,0.0005910134610847554,0.0006201056320585629,-0.00012803806800225294,Trajectory-1,146.0,0.0
Gm11999,0.00010287040260633195,-0.0011095907513614973,0.00023421106133421238,0.0008899333714020873,0.00034754119628773947,Trajectory-1,111.0,0.0
Gm12043,0.00028023845999607827,0.0029662252404666738,-0.0022724867667266585,0.0014968388094921774,-0.00013762293824294688,Trajectory-1,233.0,0.0
Gm12628,-0.0021041944889424132,0.001569482483731449,-0.0002350977544257784,-0.0004997511667005869,-0.00014449880741257938,Trajectory-1,160.0,0.0
Gm13889,-0.010310848404511812,-0.0017421173772009103,-0.003959465354232546,-0.0047678439962433785,0.003466723291641959,Trajectory-1,73.0,0.0
Gm15682,0.0003613907018480598,0.002011161168334705,-0.0005691783739328744,0.0016844158910868869,0.0005076274789714635,Trajectory-1,208.0,0.0
Gm15915,0.003780890562915455,0.0007736028108829614,0.0015571320155602275,-8.69947465120017e-05,0.0013310852869787401,Trajectory-2,0.0,117.0
Gm17088,-0.0017123603914534031,0.0010792279806558411,-0.0020809669129877723,0.007740720652337389,0.0024028534906862815,Trajectory-1,189.0,0.0
Gm20404,0.00015326570963987104,0.0014676720987115233,0.00020018347821746472,0.0008603738080181884,0.00011890539942917764,Trajectory-1,178.0,0.0
Gm26663,-0.0018987109731664585,0.005190161303965869,-0.005072703961097093,0.005157134085553588,-0.00042817066827297045,Trajectory-1,283.0,0.0
Gm26674,-0.0032921237077542195,-0.0013445301527238247,-0.0014545797587836335,0.0006183660647616174,0.0010058414735057827,Trajectory-1,97.0,0.0
Gm26909,0.0041206252881349015,0.00346681087800796,-0.002002044398876282,-0.001915847406573105,4.428404441612519e-05,Trajectory-2,0.0,168.0
Gm28196,-0.00815581787210123,-0.00494091804184322,-0.0053356172474006616,-0.0018866644866731706,0.004553425897973023,Trajectory-1,46.0,0.0
Gm31579,-0.0012235045609427485,-0.005641486094243797,0.0004954228416718156,0.0010615386077773043,-0.00044488655873185275,Trajectory-1,54.0,0.0
Gm36445,0.0037636832675771222,0.0009432955686550302,0.00039098837644591344,-0.0013988732099082183,0.00037050287570143355,Trajectory-2,0.0,134.0
Gm37296,0.0009159297964731303,0.000905976730523646,0.0002016254335173489,0.0009457752528698851,0.0005658684089720806,Trajectory-1,168.0,0.0
Gm37755,0.00023998136419570078,-0.0032967834799570318,0.0008767935360190354,0.00021810036291182263,-0.0004158442309918527,Trajectory-1,74.0,0.0
Gm3807,0.0030907834769621427,0.0024811377249545894,-0.0012566310081637752,-0.0009131041749039062,-2.902253374692825e-05,Trajectory-1,205.0,0.0
Gm42372,-0.004099613811282463,-0.0010000255037616742,-0.001858317380931857,0.003933433217986264,0.0019270938256142943,Trajectory-1,120.0,0.0
Gm42437,-0.0011662247355889368,-0.0024743138116176907,0.00021104108385029964,0.0018680918479539038,0.0006688145773218998,Trajectory-1,91.0,0.0
Gm42460,-0.0017278543201963111,0.003899900169624234,-0.0027978824640909187,0.003996913788186219,0.0005452500718267227,Trajectory-1,249.0,0.0
Gm42733,-0.0019359249149890861,-0.0003055234155441414,-0.0011604331003109759,0.0028738214035814616,0.001144714540376616,Trajectory-1,135.0,0.0
Gm43474,0.0005917492375240736,-0.001916765868032527,0.0010831622501854372,0.0013553359408527018,0.00038543669089486954,Trajectory-1,104.0,0.0
Gm45833,0.0031271711057553318,0.002389591754128467,-0.0010980841939452997,-0.0008914705416741539,0.00013098753538688549,Trajectory-1,203.0,0.0
Gm45894,0.0017607549430976636,-0.00018104150841170496,0.00035627670544873837,5.814654589712881e-05,0.00023301418611965287,Trajectory-1,133.0,0.0
Gm46344,0.0006731183797657271,0.0014722613454993183,-0.0006028766415347559,0.0017590790370731499,0.0005474786396874225,Trajectory-1,190.0,0.0
Gm47257,8.326379310371574e-05,-0.0005739416914773728,-0.0006901333043625896,0.0006053071308692543,0.00026079532967876397,Trajectory-1,124.0,0.0
Gm47553,2.456691998598542e-05,0.0016618200003921794,-0.0013732000152322362,0.0009015907732999744,0.00026125889080822037,Trajectory-1,188.0,0.0
Gm4779,-0.00989437641748809,0.004277467409773787,0.0030851061530878148,-0.00150567873367984,-0.003719758085122752,Trajectory-1,165.0,0.0
Gm47794,-0.0024604904176338148,0.001122514545455523,-0.002538535664364566,0.0015529905511820626,0.0004504578730548736,Trajectory-1,164.0,0.0
Gm48377,0.0016595365983492981,0.00026055412572130286,-0.00011320836030990322,0.00025724156584422365,0.00024107142187243833,Trajectory-1,145.0,0.0
Gm48701,-0.0013256197865307152,-0.0016146540632188786,-7.833115504687773e-05,0.0014540415994513034,0.000736699689036108,Trajectory-1,102.0,0.0
Gm5312,-0.0031144559274887077,0.00012366544861485343,-0.002196269818968838,0.0040255673108771295,0.001861631222044149,Trajectory-1,148.0,0.0
Gm5596,-0.002503346431008028,-0.0008335393434853506,-0.001607981882620217,0.0024471137046132014,0.0013247704923636827,Trajectory-1,118.0,0.0
Gm5871,-3.301145701106609e-05,0.001785370102902171,-0.0013904123753874036,0.0011048197043871913,-5.8719064766864104e-05,Trajectory-1,201.0,0.0
Gm6104,4.643005894245734e-06,0.0028687457185922662,-0.001619712967676132,0.001609874944485686,-0.0001147103808204772,Trajectory-1,229.0,0.0
Gm6607,0.0018725127279862715,-0.0004152202787239127,0.0015408677954130098,0.0012330042148870875,0.0008324404071095045,Trajectory-1,143.0,0.0
Gm6637,-0.002426131540841125,0.004699047006669042,-0.006367853896954161,0.012085286952854065,0.003350950909097878,Trajectory-1,277.0,0.0
Gm7244,0.0010334136262348248,-0.00023223681580507435,0.0009092795671083693,0.0019329062388245802,0.0008199498700652725,Trajectory-1,151.0,0.0
Gm7457,-0.0008286025644244922,-0.00324796906430773,0.0008099159281831937,0.0021408226763208844,0.000288797067347814,Trajectory-1,88.0,0.0
Gm8276,-0.0024151958370970113,0.0018456585366888958,-0.0018925080077599556,0.0015806410996816334,0.000495054846738778,Trajectory-1,179.0,0.0
Gm9825,0.0007414157855851341,-0.0005511947501990063,0.0012430474580117884,0.0018491292929382862,0.0006646015070081256,Trajectory-1,139.0,0.0
Gmfg,0.0006899920410933592,-0.0029903479804507175,0.0014875575063040326,0.00013406282996147347,-0.0018867387540952853,Trajectory-1,86.0,0.0
Gnaz,-1.1610850646828803e-05,-0.004700021484154695,0.002002539672957911,0.001503216121358398,-0.0016847228647512067,Trajectory-1,68.0,0.0
Gng11,-0.0077371542315568835,-0.0018326662262397589,-0.0018199207307894587,-0.002875124055587928,-0.0019393433395414083,Trajectory-1,83.0,0.0
Gng3,0.0015923324059737207,-0.0023135836982406703,0.0014443162189276008,0.00041918860956093046,-0.00061685040276595,Trajectory-2,0.0,75.0
Gngt2,-0.0040669082203935,-0.007532635887084443,-0.0027297209466024624,-0.0013882390189632154,-0.0013259054252421048,Trajectory-1,30.0,0.0
Gp1bb,-0.0034200510409753354,0.0030780470737864223,0.0011139992289909504,0.0013397551305947058,-0.005084814332997353,Trajectory-1,206.0,0.0
Gp5,-0.004304846248194583,0.001506592456004386,0.0010563470782750477,0.0015786552095074559,-0.005333079097671472,Trajectory-1,161.0,0.0
Gp9,0.0016508392485548226,0.007003009056400601,-0.007482719195759232,0.0005570415373260575,-0.0053613229242793735,Trajectory-1,290.0,0.0
Gpc3,0.0025899040242009863,-0.0034034413294615792,0.0033571363436295646,0.0009422762893244897,-0.0007574799706348289,Trajectory-2,0.0,34.0
Gpr141,-0.004798572303004927,0.0035180193550242086,-0.0034435656118061053,0.009106122931727445,0.003885419812534143,Trajectory-1,215.0,0.0
Gpr171,-0.013359425367953577,0.010448876400045978,0.007252375922382949,0.00037099277625252694,0.0060157572115281865,Trajectory-1,259.0,0.0
Gpr182,-0.012048607169227628,0.0022083247007056574,-0.00021074516364809207,-0.004674813136331986,0.002851370143005669,Trajectory-1,113.0,0.0
Gpr83,-0.006096734157886642,-0.0004524995917900212,-0.0029619681620666844,0.0036773686173601707,0.002809523261395307,Trajectory-1,121.0,0.0
Gpx3,0.004362267400186382,0.0010369588867097687,0.0009735976926735426,-0.0015666297757234075,0.0006340103202085155,Trajectory-2,0.0,132.0
Grap,-0.008715742165719544,-0.006481284283342352,-0.006656089672902079,-0.0055064367619719855,0.003128365673302739,Trajectory-1,29.0,0.0
Gsta4,0.0046467276776030325,0.0003218308208189836,0.002888218352951118,-0.0006032944955618176,0.0018743814858071133,Trajectory-2,0.0,106.0
Gyg,0.005486471021861504,0.003355405882247271,-0.0005576045350807914,-0.0032625643526786015,0.0016744136536774156,Trajectory-2,0.0,166.0
Gzmb,-0.00391005660528725,0.004615488854778141,-0.005814320762898005,0.0151437691803608,0.005890361352544582,Trajectory-1,260.0,0.0
Gzmc,-0.003439099257831657,0.004304541389251341,-0.005408476416439498,0.01300774875348769,0.004551127062907493,Trajectory-1,252.0,0.0
Gzmd,-0.0035715077183038797,0.0038086809188501874,-0.00441840207773764,0.011096696080078669,0.0037126181544242486,Trajectory-1,236.0,0.0
Gzme,-0.0029107745351395274,0.00340938494675837,-0.0042300252846602495,0.010387128643265338,0.003060248164870855,Trajectory-1,232.0,0.0
Gzmf,-0.003910056605287249,0.00461548885477814,-0.005814320762898001,0.015143769180360795,0.00589036135254458,Trajectory-1,263.5,0.0
Gzmg,-0.003910056605287253,0.004615488854778141,-0.005814320762898002,0.015143769180360799,0.005890361352544583,Trajectory-1,263.5,0.0
H19,0.005329359610872127,0.004983390026114136,-0.0033058409141681687,-0.0037492122193545576,0.00020730850131075727,Trajectory-2,0.0,182.0
H1f0,0.005543520778381738,0.005978395128060357,-0.004410243512880409,-0.004393393186173933,0.00019699033615963655,Trajectory-2,0.0,196.0
H1fx,0.002966048696249751,-0.003185993523184458,0.004126383834529096,0.0013906101349284588,-0.00020600999628388953,Trajectory-2,0.0,30.0
H2-D1,0.0021189253893074706,0.0004918715455610065,-0.0005289349763596501,-0.0008422850769434624,-0.0011148970298763565,Trajectory-1,144.0,0.0
H2-K1,0.0038694541060090085,-0.0008140983928129414,0.0030733628309487127,0.00013440437866158058,0.0009323436130765369,Trajectory-2,0.0,92.0
H2afy,0.004966564794768899,0.0011892025839343684,0.0018120529665430387,-0.0016817728315911904,0.0016402225239995417,Trajectory-2,0.0,131.0
H2afy2,-0.0007666860889523965,-0.006534839888441624,0.0005184210581191234,0.0005899455398816055,-0.0023065781978663796,Trajectory-2,0.0,16.0
Hapln1,-0.005471075645793939,-0.008414619843179106,-0.00476577512094948,-0.0025581064511772176,0.00041581871876274456,Trajectory-1,14.0,0.0
Hba-a2,0.004113843813321282,0.010345501741337809,-0.013504032904652801,-0.0006673976391635491,-0.009746504793778596,Trajectory-1,296.0,0.0
Hba-x,0.0043813832818607595,0.009731504500325583,-0.012135801604727376,-0.0014289861065847707,-0.008214290214597922,Trajectory-1,294.0,0.0
Hbb-bh1,0.005038831928151626,0.008086543323055712,-0.00857872356753016,-0.0031651702896890914,-0.004138449248431812,Trajectory-2,0.0,202.0
Hbb-bs,0.003758352469414976,0.01056078419641437,-0.014171915340670378,9.57234453723668e-05,-0.010528821159274487,Trajectory-1,299.0,0.0
Hbb-bt,0.0045594926403131975,0.009104674931854715,-0.010939959563015045,-0.0020491524091984935,-0.006960627255460938,Trajectory-1,293.0,0.0
Hbb-y,0.003118536433861914,0.010457633255776774,-0.014307962338572226,0.0012181677134423742,-0.010617706832510176,Trajectory-1,297.0,0.0
Hcls1,-0.013386108851576574,0.008326883157471196,0.006464458446885478,-0.002586710788180149,-0.00010787197476009607,Trajectory-1,213.0,0.0
Hebp1,0.0024080159497167227,0.00970335197949097,-0.012948121656561631,0.002110464014928822,-0.008900906657156626,Trajectory-1,295.0,0.0
Hells,0.005565045639091742,0.0041512049699795085,-0.0015211597298010623,-0.0036842048919544243,0.0016065628760975783,Trajectory-2,0.0,171.0
Hes1,0.0025085011841675447,-0.003223192297944715,0.0031772129169735566,0.0009628425631901696,-0.0008395169133829284,Trajectory-2,0.0,39.0
Hmga2,-0.0013891547231832044,-0.006755507262655008,0.00019884578753276856,0.0005726760361156394,-0.0024483101903709096,Trajectory-1,43.0,0.0
Hmox1,0.0034731304632641662,-0.002077507549492639,0.004314537741299272,0.0015049302655878493,0.0009662762912607312,Trajectory-2,0.0,58.0
Hoxaas3,0.0031940303574937525,0.006738624005762356,-0.007430875718817868,-0.0004396230606077467,-0.004021108061335806,Trajectory-1,289.0,0.0
Hoxb2,-0.008197170369769996,-0.009013836569856933,-0.008332325326764919,-0.005914667982133025,0.004136522594520575,Trajectory-1,3.0,0.0
Hoxb4,-0.010559628780903847,-0.0076062172104722214,-0.009700927748109881,-0.007965609633703394,0.007779346917942767,Trajectory-1,7.0,0.0
Hoxb5,-0.010441244048807133,-0.00774743909538386,-0.00972877107985164,-0.007891736529387253,0.007697402189987648,Trajectory-1,5.0,0.0
Hoxd1,-0.008341550603099322,-0.007917840864503128,-0.007846325099910036,-0.005685477705725381,0.004269351425591366,Trajectory-1,9.0,0.0
Hp,0.0010286071420511,-0.000810100349734925,0.0009111908054187787,0.0007708344899014688,0.00046852449231265674,Trajectory-1,125.0,0.0
Hsp90b1,0.005635474947581617,0.005042971145705995,-0.0028295279426643347,-0.004193332510155704,0.0011144528316875128,Trajectory-2,0.0,184.0
Hspa1a,-0.0003640926147924213,-0.005617165054613001,0.0012016439073907292,0.00134934662537045,-0.0016175867178131723,Trajectory-2,0.0,14.0
Icam2,-0.004068885428698551,-0.006489644138705596,-0.0022697302673720735,-0.00127178744244891,-0.0016369058903134592,Trajectory-1,40.0,0.0
Id1,0.0035814405350829415,-0.0017953803202593716,0.003404902285408068,0.0003388440503884315,0.0001722832677865285,Trajectory-2,0.0,78.0
Id2,0.00441002939751792,0.000713011568999423,0.0015691800521256563,-0.0012706073856633326,0.0009227358221399551,Trajectory-2,0.0,122.0
Ier2,0.004051894163428046,0.00033956985727817744,0.0012831121173609115,-0.0012251164034218834,0.00023411975309216035,Trajectory-2,0.0,115.0
Ifitm1,0.0029561560132050106,-0.0032263706057791097,0.004245586092335904,0.0015776117861605375,-0.00015871552032008384,Trajectory-2,0.0,29.0
Ifitm3,0.0036399629151827517,-0.0014486142095886004,0.003820224569127632,0.0011953170337168672,0.0013575885816947278,Trajectory-2,0.0,79.0
Igf1,-0.010392616278790776,-0.004371088815006421,-0.006215169448249843,-0.006319960541728664,0.004867856306821003,Trajectory-1,45.0,0.0
Igfbp4,-0.003911241936257212,-0.007973670786496644,-0.0029204804953370557,-0.0013008330883239722,-0.001439610109342213,Trajectory-1,26.0,0.0
Ighm,-0.003910056605287251,0.004615488854778141,-0.005814320762898004,0.015143769180360804,0.005890361352544582,Trajectory-1,263.5,0.0
Il11ra1,0.0017818268180745378,-0.003327493478268908,0.002428727478200994,0.0006540642187577953,-0.0013733338810100481,Trajectory-2,0.0,50.0
Il2rb,-0.003612399324741375,0.0030305772895609095,-0.0041745201853834474,0.009932485813972767,0.0036842973332560282,Trajectory-1,218.0,0.0
Impact,0.004964505106289882,0.0012021117009265669,0.002021164408589593,-0.0014165153235571098,0.0019656870490937436,Trajectory-2,0.0,129.0
Irf8,-0.004118434890328271,0.0034122844296631304,-0.0029759316551972877,0.008398556303178775,0.002066095123756296,Trajectory-1,219.0,0.0
Itm2a,0.0027968698813247003,-0.002833425790418006,0.0032561268025135368,0.0007865366037182285,-0.000641244682265044,Trajectory-2,0.0,54.0
Jun,0.0030995609056367677,-0.0009440868990795373,0.0015489474358905688,-0.0005087323613307579,-0.0005228271026383661,Trajectory-2,0.0,94.0
Junb,0.004815381238087178,0.0011394002267881066,0.0015653347564199215,-0.0016642943399935693,0.0013281997644292618,Trajectory-2,0.0,130.0
Kdr,-0.00908809868208014,-0.007372177396563728,-0.007877245901499236,-0.006291603205197185,0.004378395619765942,Trajectory-1,16.0,0.0
Kifc2,0.0016979511207985808,0.0025796092282544874,-0.0022954317125673095,-0.000380788763317294,-0.0009928519494799139,Trajectory-1,214.0,0.0
Klf1,0.0053096337950714065,0.007404410919074913,-0.00705066465009815,-0.003744753938659298,-0.0023472866461119717,Trajectory-2,0.0,201.0
Klf2,-0.0018798175949893358,-0.005253632264492317,-0.0006184455581426367,-0.0003496460662837199,-0.0022294996409333127,Trajectory-1,58.0,0.0
Klf5,-0.0011349469613666763,-0.00560954187850531,-0.0005505636384117257,-0.0004661458400113646,-0.0017171658750574647,Trajectory-1,51.0,0.0
Klf6,0.00045867248117862806,-0.002331027509437413,-0.0003036594192916721,-0.0006294640406907548,-0.001610061827364172,Trajectory-1,89.0,0.0
Klk8,-0.0005090883577872541,-0.004843794062251691,0.001204248659049644,0.0004532798070860571,-0.0023337614577485823,Trajectory-1,63.0,0.0
Klra7,-0.003910056605287253,0.004615488854778141,-0.005814320762898,0.015143769180360795,0.005890361352544581,Trajectory-1,267.0,0.0
Klre1,-0.004018459378857256,0.0032611972662347326,-0.004146844797933825,0.010095250577044296,0.00400392316004087,Trajectory-1,222.0,0.0
Klrk1,-0.003910056605287253,0.004615488854778141,-0.005814320762898,0.015143769180360795,0.005890361352544581,Trajectory-1,263.5,0.0
Krt18,0.002354486604522604,-0.0033314150773484674,0.00283805793370913,0.0007826679596985054,-0.001061912722835985,Trajectory-2,0.0,44.0
Krt8,0.0017989212715643478,-0.0036167224696719473,0.0022642624371993158,0.0006578147451222323,-0.001401765865601458,Trajectory-2,0.0,35.0
Laptm4b,0.0013103946622450224,-0.003960882400322272,0.001714381098719187,0.0004009936626907591,-0.0016979479688648588,Trajectory-2,0.0,33.0
Laptm5,-0.0002871857424237735,-0.004173509678753988,0.001619160449359315,0.0013654488803010881,-0.0015058639337449731,Trajectory-1,76.0,0.0
Larp6,-0.0007676211372433335,-0.0010046540037575537,0.0005561817029889891,0.001334738944238752,0.0005268199017736498,Trajectory-1,119.0,0.0
Lat,0.0020239111723663983,-0.003610133611443138,0.003671676368589478,0.0019231036103155954,-0.0004453377114593774,Trajectory-2,0.0,26.0
Lat2,0.0024685513266492205,0.001632554544421297,-0.0007334410990339859,-4.724282518239868e-05,-6.570931020552398e-05,Trajectory-1,180.0,0.0
Lcp1,0.002137901958760836,3.721828651812189e-05,0.00029013676316680517,-0.0006843368942752882,-0.0007820893012401831,Trajectory-1,131.0,0.0
Lefty2,0.0014125314294256201,-0.0032167567870863296,0.0021801025682363097,0.0011347080651803731,-0.0002983606599561843,Trajectory-2,0.0,55.0
Lgals1,0.00513019339758437,0.0019302129040561524,0.0010118808507247597,-0.0022326885293638583,0.001658827764334509,Trajectory-2,0.0,142.0
Lgals3,0.004617437497077658,0.00258593941120603,-0.00048417713430881697,-0.0021707590845030738,0.0007969400927571171,Trajectory-2,0.0,152.0
Lgmn,0.0047543074408566855,0.0015702339691601728,0.0008337492500022944,-0.0019448738554825199,0.0010691794944239334,Trajectory-2,0.0,138.0
Limd2,0.001492410599136928,-0.003095788708219585,0.0013947729002047765,0.00017818227857016575,-0.001651356774294796,Trajectory-2,0.0,61.0
Lin28a,0.0013159221943858722,-0.005178910552524103,0.003484617304323943,0.002386929482682001,-0.0013414214249695547,Trajectory-2,0.0,11.0
Lmo2,0.005635154526543472,0.004398565431883078,-0.0017377494325228784,-0.0038056969322130783,0.0016717750952026165,Trajectory-2,0.0,174.0
Lrmp,-0.0072710280172676636,0.00034435729635097967,0.0003429737616601432,-0.000840399982608558,-0.005226953426620169,Trajectory-1,115.0,0.0
Lsp1,-0.0034819744905537383,-0.0044842579282294605,-0.001674880909857531,-0.0009567626270769886,-0.0010682417580728297,Trajectory-1,61.0,0.0
Ly6d,0.001991852188053451,-0.001043203243243114,0.001749596339915328,0.0013609522645736483,0.0007346418145205402,Trajectory-1,128.0,0.0
Ly6k,0.003930223905362197,4.2787448287324974e-05,0.002388739330374693,0.0001312120268482667,0.0014054962488584256,Trajectory-2,0.0,103.0
Lyve1,-0.013126061028374991,0.006917133708618077,0.00453406009531601,-0.0036469954121867163,0.0022723437483673547,Trajectory-1,196.0,0.0
Lyz2,-0.006483334845446678,-0.0023639802787420615,-0.000563354890378167,-0.0014513579750191825,-0.0018057195540738705,Trajectory-1,80.0,0.0
Maged1,0.005298698760120095,0.0032149298151155237,-0.0007296761631261296,-0.0030689661762420737,0.00123989649356588,Trajectory-2,0.0,163.0
Malat1,0.00561932099600595,0.005291309543407491,-0.003189410565404172,-0.004243962527702229,0.0009430573782614925,Trajectory-2,0.0,188.0
Marcks,-0.00016526698197085694,-0.005400540597653774,0.0007422992889006855,0.0002366722076920547,-0.0022110353662489037,Trajectory-2,0.0,23.0
Marcksl1,0.005358484473936298,0.0025990359337073284,0.00048456229549516497,-0.0026750828490313895,0.0019462567949740728,Trajectory-2,0.0,151.0
Mcpt8,-0.003910056605287252,0.004615488854778141,-0.005814320762898001,0.015143769180360795,0.00589036135254458,Trajectory-1,263.5,0.0
Mef2c,0.00028942864053670104,0.0018859618617153937,-0.00017604300616457996,-0.00045346936925271203,-0.002019466272289736,Trajectory-1,184.0,0.0
Meis1,-0.007930349326411068,0.0018470856765671496,0.0003253174468349996,-0.0007569298659636639,-0.004244627450568855,Trajectory-1,142.0,0.0
Mest,-0.001283499799332338,-0.00500860748875265,-0.0008255529819031662,-0.0005453106367551388,-0.0019411085647039472,Trajectory-1,57.0,0.0
Metrnl,0.0010414050073170695,-0.0009347243677923641,0.0005151461921305479,0.0006776098061193719,-0.00014343701756497937,Trajectory-1,123.0,0.0
Mfng,-0.010694164474617567,0.0031030506068417296,0.00156197843382724,-0.003101325420379459,-0.0018658402757742165,Trajectory-1,141.0,0.0
Mgarp,0.000959456649916688,-0.005540925528265323,0.002727112184242501,0.0017224973780633637,-0.0017611780302414866,Trajectory-2,0.0,15.0
Mgat4a,-0.00015197806657992412,-0.0014275873245110135,-5.513078664241663e-05,-0.0003176885276057117,-0.0008784897306566709,Trajectory-1,103.0,0.0
Mgst3,0.003878278424686277,0.010466797457584658,-0.01391445137027157,-0.0001787145707441678,-0.0102644080543118,Trajectory-1,298.0,0.0
Mid1ip1,0.0033706916348340823,-0.0019053432974451936,0.0030417460496161082,0.00022538518339828032,-0.00015658214598315026,Trajectory-2,0.0,77.0
Mir351,-0.010579512554030536,-0.004924906043672889,-0.006918854247677463,-0.005740875231434361,0.0066319840751254255,Trajectory-1,39.0,0.0
Mir9-3hg,-0.0012164271712209428,0.00019919774782900214,-0.00021118965213883642,0.0027655410895470666,0.0006983776845622378,Trajectory-1,154.0,0.0
Mllt3,0.003636107838683742,0.010725630246533276,-0.014484167218153323,0.0003341731521481103,-0.010799407363791924,Trajectory-1,300.0,0.0
Mmp9,-0.003855574807578346,-0.0023720214580846164,-0.001052079379798258,-0.00039244381377665476,0.0008062117968168717,Trajectory-1,82.0,0.0
Mmrn1,-0.017822166466857813,0.014698703108266035,0.014113148006335835,-0.004684732576048405,0.005936700209499041,Trajectory-1,281.0,0.0
Mogat2,-0.004181880509798904,-0.00812173082021292,-0.0035574427791044954,-0.0017888493837244016,-0.001009352799334268,Trajectory-1,24.0,0.0
Mpl,-0.012988707161220988,0.009800702905291569,0.007248699445747043,-0.00044178482465858797,-0.010280527883793139,Trajectory-1,246.0,0.0
Mt1,0.005467882073872188,0.004806360212203413,-0.002420632742393776,-0.0034436118254076767,0.0011159307132150575,Trajectory-2,0.0,179.0
Mt2,0.005479843388501288,0.0043580609607343605,-0.0017673244889684129,-0.0032849946990656173,0.0014140332745287915,Trajectory-2,0.0,173.0
Myc,0.005567604212790104,0.0033923690189421644,-0.00042028281242766747,-0.0032386626297486723,0.001927988078383732,Trajectory-2,0.0,167.0
Mycn,0.0012524272243482476,-0.004884548775269878,0.002690084705301431,0.0012320839048193006,-0.0017810985960214263,Trajectory-2,0.0,22.0
Myl7,0.002762001759520106,-0.0015862883808887207,0.001576587689698772,-0.0002941850268784401,-0.0008336904491107234,Trajectory-2,0.0,87.0
Myzap,-0.011224211159541881,-0.0032226257278748123,-0.005666747340544987,-0.004141899263883681,0.007590499755200387,Trajectory-1,56.0,0.0
Napsa,-0.0018062680138702387,0.0053321772518176444,-0.0065074120239308674,0.010281553484099034,0.0017864485664259358,Trajectory-1,282.0,0.0
Ncf2,-0.013939995558127959,0.008134999782268091,0.006557793577399959,-0.0036238004961803337,-0.00033452943217590777,Trajectory-1,209.0,0.0
Nfam1,-0.018887426719900107,0.016441904399597317,0.016876378121597677,-0.0064346156330096676,0.0173124603542012,Trajectory-1,286.0,0.0
Ngfr,0.0012968699411410492,0.0017657232981895606,-0.0017249235361349665,-0.00019336541880055075,-0.0004145478754855923,Trajectory-1,192.0,0.0
Nkg7,-0.003259844271029862,0.0013978660090953516,-0.001614868944541983,0.004508386959072483,-0.00030808636154110863,Trajectory-1,175.0,0.0
Npas3,0.0002548313383777733,-0.0015502745294693914,0.0003672030339299434,0.0006068634010148668,-0.0003111820827471159,Trajectory-1,107.0,0.0
Npl,0.003414467553051139,-0.0025808373093890585,0.0045345716164611775,0.0015404775661908797,0.0005588186641833465,Trajectory-2,0.0,46.0
Nr4a2,0.004944934601432292,0.004159967124727938,-0.0023162167509676954,-0.0030796939157958004,0.00043246367266979656,Trajectory-2,0.0,172.0
Nrgn,0.004933966182983707,0.003197575945058464,-0.0010336968475547098,-0.002910702423407791,0.0007147159032141504,Trajectory-2,0.0,165.0
Nrn1l,0.0003379383447519783,0.001184658754736074,0.00018565884345406712,0.002198798148772117,0.0007885470035088115,Trajectory-1,182.0,0.0
Nrros,-0.004088051302722917,-0.0020282981415455804,-0.00025628760815135784,-0.0006836867692877108,-0.003460200606270743,Trajectory-1,93.0,0.0
Nrtn,0.004774984342678695,0.0007809103490049162,0.0018662512322054551,-0.0012778359639216818,0.0013371280920158565,Trajectory-2,0.0,120.0
Oit3,-0.010429784467197136,-0.0041326380599369834,-0.006144364930077437,-0.006220775292623857,0.004987769588022478,Trajectory-1,50.0,0.0
Parm1,0.0028016968307147117,-0.002768195576103781,0.0039722324768344235,0.0019788354523294477,0.0006715914301234538,Trajectory-2,0.0,37.0
Pcbp4,0.0041128380975405275,-0.0012384711263744566,0.0037788479074572297,0.0002582675721582652,0.0010268676797782744,Trajectory-2,0.0,83.0
Pcsk1n,0.003526994063803587,-0.0020772109666548533,0.0043464981824810995,0.00152392399102197,0.00102450815614117,Trajectory-2,0.0,59.0
Pf4,-0.007547954467644131,0.0034080724272878235,0.0020914114463231074,0.0004681340199333072,-0.008464435425778885,Trajectory-1,171.0,0.0
Pfn1,0.005565504024430819,0.006067223856897645,-0.004526484554096744,-0.0044367382527791994,0.0001508618467304546,Trajectory-2,0.0,197.0
Pglyrp1,-0.00415651240472229,0.001853240232672121,-0.0030278354468398195,0.006451758917040676,0.0018571519016511468,Trajectory-1,185.0,0.0
Phf6,0.003930435331468943,-0.0006138826659754959,0.0022548014282043273,-0.0007105378461040081,0.00032557554538349324,Trajectory-2,0.0,97.0
Phlda1,0.005401559616030516,0.0038613188203036643,-0.0015067326539573188,-0.0034992145712667657,0.0011461827049103143,Trajectory-2,0.0,170.0
Phlda2,0.0031514379812883552,-0.002909207527355185,0.004067410563538679,0.0012540111669408097,-6.721888672814121e-05,Trajectory-2,0.0,43.0
Phlda3,0.002358644245626367,-0.00010053650120635989,0.0003604681170003336,-0.0003825848318722317,-0.0004536167248174712,Trajectory-2,0.0,109.0
Pilra,-0.004426219673271018,-0.000582313659922013,0.0016110211706153094,-0.0006126924557281941,-0.0006009399744909734,Trajectory-1,105.0,0.0
Pitx2,0.004010118068628763,0.0018218040646515307,-0.00021831246050159396,-0.0014923948703597833,0.000355089693976975,Trajectory-2,0.0,144.0
Pkdcc,-0.008270020159473066,-0.007421018595322489,-0.007253997924196665,-0.00535275647487763,0.0034508398924708583,Trajectory-1,19.0,0.0
Pkib,0.001785006103997893,-0.0028106723080180795,0.002508651619584028,0.0009388148872002707,-6.626096751453945e-05,Trajectory-2,0.0,63.0
Plac8,0.0040383546039776145,0.00019209631969967564,0.001527611425901345,-0.0011679592824003929,0.00038797389212053495,Trajectory-2,0.0,110.0
Plek,-0.010657945635331779,0.007360267802540212,0.0045220156213168,0.0006250603797625534,-0.00942782510182785,Trajectory-1,225.0,0.0
Plet1,-0.006144695147244256,-0.006952750082529033,-0.004875181867529625,-0.0032957738973965274,0.0006404559885110666,Trajectory-1,31.0,0.0
Plk2,-0.0039599506622570585,2.1917683823376058e-05,-0.0008599100892460549,0.000348365546403387,-0.0016304688915104862,Trajectory-1,129.0,0.0
Plvap,-0.0009969316292752443,-0.004303260358899919,0.0003145116932375549,-6.159149724629156e-05,-0.002389939143181854,Trajectory-1,67.0,0.0
Pmaip1,0.0015128728024190322,-0.002355794257539546,0.0013565503565190452,0.00018622801326556243,-0.0009577871435895598,Trajectory-2,0.0,74.0
Ppargc1a,0.0018062533093850795,-0.0038262076951204003,0.0032205634665327006,0.00170232559836403,1.0539266327460179e-05,Trajectory-2,0.0,28.0
Ppic,0.004682069570098869,0.0009744197389896189,0.001599461314758492,-0.001565258739359007,0.0011799836852066784,Trajectory-2,0.0,125.0
Ppp1r18,-0.004798135066895976,-0.00586589977401079,-0.0025650337912323682,-0.001781752854792927,-0.0019644494583121266,Trajectory-1,47.0,0.0
Ppp1r3d,-0.00556855402114844,0.0034938864724969234,0.001521794258634122,0.0013828913377959978,-0.0022492475207006603,Trajectory-1,199.0,0.0
Prdx1,0.005514112772476144,0.005844512834715049,-0.004244658212269867,-0.0043466106646530495,0.0002678493904163181,Trajectory-2,0.0,194.0
Prf1,-0.0033615477514354294,0.004291757729817334,-0.005420870688897791,0.012854297536625606,0.004425609368210554,Trajectory-1,254.0,0.0
Prkcq,-0.012421868617514579,0.009469106547051189,0.006698695588598356,3.436347793413227e-05,-0.010722261495596134,Trajectory-1,245.0,0.0
Prtg,0.0032609024661907834,-0.0027307670914839106,0.00457072497791779,0.0017858976995346898,0.0005670605657854323,Trajectory-2,0.0,32.0
Psmb8,-0.004088507247168844,0.0007148991499291975,-0.001802548645002142,0.003790590596404224,0.0004984626270121531,Trajectory-1,157.0,0.0
Ptger3,0.002964671620261111,0.0019284872607479007,0.00013183104509951348,-0.0007982358448859179,-0.00011658200316440783,Trajectory-1,183.0,0.0
Ptgs1,-0.015075378234320284,0.009358998172873072,0.007741888753909766,-0.003801479396771173,-7.0307011113042e-05,Trajectory-1,220.0,0.0
Ptpn7,-0.0007429342209235947,-0.004853196115023389,0.0013554888200218648,0.001100524051013278,-0.0019348198423041875,Trajectory-1,65.0,0.0
Ptprc,-0.008301143466748692,0.006260526300955772,0.0003575918503080938,0.006158719909214172,0.0040885343588096,Trajectory-1,234.0,0.0
Rab27b,0.003072239011668293,-0.001088263428077145,0.0029180749333913986,0.0007798881488624548,0.0005517596038553165,Trajectory-2,0.0,86.0
Rab34,0.0006500658504175168,-0.005780122410540943,0.002743484219761485,0.0021537358338154246,-0.0019001503634166561,Trajectory-2,0.0,6.0
Rac2,0.005124144199410112,0.001997384274587784,0.0011162004198559216,-0.0021113617710312067,0.0018507746050032252,Trajectory-2,0.0,143.0
Rap1b,0.0055950130886261275,0.005389726086888371,-0.0033621673634148435,-0.00426825175469383,0.000882720697617741,Trajectory-2,0.0,190.0
Rasgrp2,0.003903889479703207,-0.0015479986707705284,0.004207782873926429,0.0009255157753855138,0.0011993299157553436,Trajectory-2,0.0,73.0
Rasip1,-0.008029009401384764,-0.007513282574482508,-0.006835456059132795,-0.005030528964901616,0.0028667037742166226,Trajectory-1,17.0,0.0
Rbms1,0.003803809991878556,0.0006132512384448806,0.00044825427957420003,-0.0013817762143579452,-0.00022794533994268987,Trajectory-2,0.0,123.0
Rbp4,0.005226171750488559,0.002523745741504606,0.0003106114380186121,-0.0023827597496278376,0.0016417243405372059,Trajectory-2,0.0,149.0
Rbpms,-0.005672349032414017,-0.008553756765243104,-0.005177841404127041,-0.0031453837016456486,0.0002742019439818212,Trajectory-1,10.0,0.0
Rbpms2,0.0017380626938146761,-0.004569390432484635,0.0035787395376791356,0.0018964333255763889,-0.0012221154304590577,Trajectory-2,0.0,19.0
Rgs1,-0.00391005660528725,0.004615488854778141,-0.005814320762898002,0.015143769180360804,0.005890361352544581,Trajectory-1,268.0,0.0
Rgs18,-0.010949703049498577,0.007788001761397719,0.005088663517281243,0.0004837161250105785,-0.01177115402003411,Trajectory-1,230.0,0.0
Rhoj,-0.008224712490237564,-0.007767086715110448,-0.0071828313049895325,-0.005343300581150437,0.003181391221077917,Trajectory-1,13.0,0.0
Rhox5,0.003392368534308477,-0.0018624732294628924,0.0035953351396242755,0.0009488977108515046,0.0006571615286101693,Trajectory-2,0.0,70.0
Rit1,-0.005652176003952475,-0.008801432689815565,-0.0052590200445103,-0.0026399179671803856,0.0016058926962701607,Trajectory-1,8.0,0.0
Rnase1,-0.0003293636975978893,-0.000694014961210686,0.0004275004350306374,0.002904609480085386,0.000931146439125446,Trajectory-1,138.0,0.0
Rnd2,0.0034859238542647017,-0.0023480671768852882,0.0044510024163899485,0.0014774494955557369,0.0007143917885455403,Trajectory-2,0.0,53.0
Rpgrip1,0.0036547106626429056,0.004638147461822297,-0.0036965019807943624,-0.001621236412032456,-0.0010343635932328714,Trajectory-1,257.0,0.0
Rpl39l,0.004711925449748957,0.002679445700377436,-0.0006602672753562995,-0.0023534084275057335,0.0007649303875908946,Trajectory-2,0.0,156.0
Rpp25,-0.0034792342740037627,-0.008472895337677417,-0.00257322838870703,-0.0008134113823655574,-0.0011481622723459046,Trajectory-1,20.0,0.0
Rps12,0.005517467510827902,0.006465101405799066,-0.005200694053260138,-0.004423344327549645,-0.0003261237354024431,Trajectory-2,0.0,199.0
Rspo3,-0.007965770555725497,-0.009125331955398473,-0.008301012174520117,-0.005300565061234359,0.00467434709376743,Trajectory-1,2.0,0.0
S100a10,0.005018237246560246,0.001708796875552924,0.0011876474042181123,-0.0020542893420231905,0.0015990976537808585,Trajectory-2,0.0,140.0
S100a6,0.0017610696373060138,-0.004178058764567401,0.003099971483745276,0.0013880118419556098,-0.0012705719466296346,Trajectory-2,0.0,25.0
Samd5,0.0011690877391727467,0.0007974548295907468,-0.0003883440599628154,-0.00010173803617000661,0.00010599886630649443,Trajectory-1,158.0,0.0
Samsn1,-0.009126739574830378,-0.001821457131421408,-0.0028753445096427652,-0.0034879638085744354,0.0004856254111586648,Trajectory-1,77.0,0.0
Sapcd1,0.0032181669452159022,-0.0024309462607723753,0.0041757264337745625,0.0014725219274785452,0.0004866500100249395,Trajectory-2,0.0,52.0
Sardh,-0.009478246694579952,0.003968888862958678,0.0020442415160196025,-6.714650656281818e-05,-0.007088070290869477,Trajectory-1,167.0,0.0
Scin,0.0017890538424089615,0.0036646749261246073,-0.0032022192795969334,0.0010134433649892454,-0.0007410972235138978,Trajectory-1,258.0,0.0
Sept9,0.00043130584492131747,-0.005790369893096049,0.0025660944490647035,0.0021584584788378325,-0.001889062805534894,Trajectory-2,0.0,4.0
Serpinb9,0.002777594526772414,-0.0010262678237326962,0.0021712185859344875,0.0005267396262797285,0.00035720332409430267,Trajectory-2,0.0,90.0
Serpine2,0.003173951258175567,-0.0019649830284640198,0.002889445503405219,0.00023825710497002117,-0.00026358315493565243,Trajectory-2,0.0,76.0
Serpinh1,0.0032502984276115807,-0.002728551525589239,0.004448651005316495,0.0015981148787791645,0.0003937876619651206,Trajectory-2,0.0,36.0
Sh2d2a,-0.00290985043095419,0.00417218967219375,-0.005329502569021687,0.01161726886009744,0.003618990349154475,Trajectory-1,250.0,0.0
Sh3bgrl3,0.005493524583385773,0.003282956485394163,-0.0002680687045062544,-0.00310819274919225,0.0019649603701664274,Trajectory-2,0.0,164.0
Shank1,-0.0025877827811318266,0.003416444483568598,-0.0004626245808680926,0.0027034109913740166,-0.001242703771682281,Trajectory-1,216.0,0.0
Shisa5,0.004568864956115542,0.0025594884310015612,-0.0007416428409302918,-0.0024452784801023025,0.000385876860608599,Trajectory-2,0.0,153.0
Sla,-0.012455310747765045,0.0092643748178283,0.006506028835284754,-2.757445210399666e-05,-0.009265871151872091,Trajectory-1,241.0,0.0
Sla2,0.004624211498015635,0.0003869842789412122,0.002740768409122186,-0.0006729917550471963,0.0017406702536104342,Trajectory-2,0.0,107.0
Slc16a3,0.005376896955957087,0.0028270461590648986,0.0003533417633420166,-0.0026111632986938744,0.0021175186624014398,Trajectory-2,0.0,154.0
Slc24a1,-0.010679993170995607,0.008613821151945877,0.005019768872662683,0.0027446427697013632,-0.007825460062088322,Trajectory-1,255.0,0.0
Slc24a3,-0.012390445890140257,0.005937038301102239,0.004913140017112322,-0.002777659688267183,0.003326714855941019,Trajectory-1,176.0,0.0
Slc24a5,0.004237105576241824,0.002239656717302273,-0.00023043547196528508,-0.0018812162205868244,0.000538964313944039,Trajectory-2,0.0,147.0
Slc2a3,0.004104247908445755,-0.0011644783140402463,0.0036293574708270264,0.0001951772574875918,0.0009303931238176322,Trajectory-2,0.0,85.0
Slc2a9,-0.006431793319325788,-0.0019850785212572005,-0.001792977418216642,-0.0008209747483993296,-0.00028808561638880636,Trajectory-1,85.0,0.0
Slc32a1,0.0012585605947016774,-0.005124418543795948,0.0034290810904380564,0.0024586196309888063,-0.0009257515417417695,Trajectory-2,0.0,13.0
Slc35d3,-0.010883263949013365,0.005870961924490924,0.003936569269791587,-0.0005948288835016542,-0.00881918454063208,Trajectory-1,197.0,0.0
Slc39a1,0.004601027768339334,0.0030410904899861417,-0.001191066927538565,-0.0024360920947256145,0.0005140185885268965,Trajectory-2,0.0,161.0
Slc6a20a,0.00030089747907957137,-0.0006608167094163851,0.0005088196702754974,0.0023269232998591786,0.0007743617728976863,Trajectory-1,137.0,0.0
Slc9a3r2,-0.003529266439364327,-0.004687806581278935,-0.001257932724303504,-0.0010041272619355274,-0.002526748473893252,Trajectory-1,59.0,0.0
Slco2b1,-0.0008095564892890742,-0.0008598299442617043,0.00034398621908386635,0.0013655207196494783,0.0003903723678397256,Trajectory-1,122.0,0.0
Slit2,0.002106277432534683,0.0032834649302545507,-0.0020355575035847866,-0.0002592115271323552,-0.0005100841493781318,Trajectory-1,226.0,0.0
Smagp,-0.010160001798580582,0.0016832340992737442,0.00037384980193715193,-0.0030586260301911548,-0.002966646746955149,Trajectory-1,117.0,0.0
Smtnl2,0.003288478981276461,-0.0027017858903354286,0.00438230284163284,0.001492176546831468,0.00033321400383285723,Trajectory-2,0.0,41.0
Snhg5,0.005664675085872146,0.0045435751765929965,-0.0018858755917817863,-0.0038324626592726166,0.0016551395583711982,Trajectory-2,0.0,175.0
Soat1,-0.001115389214382127,-0.006934827128032113,0.00033751468751311406,0.0005612864026269152,-0.0022736259857860297,Trajectory-2,0.0,7.0
Sost,-0.00437120237211675,0.0013186857060280195,-0.0015497881013870958,0.0014320459702213922,0.00032494314609866497,Trajectory-1,156.0,0.0
Sox4,0.001817374672456057,-0.004710508471965271,0.0037268075963074604,0.0019896922145863907,-0.001169916607532762,Trajectory-2,0.0,18.0
Sparc,-0.002108664265360286,-0.0072116950786405825,-0.0006253810723985281,0.00013941267684445375,-0.0023107243682700144,Trajectory-1,36.0,0.0
Spi1,-0.0037439091678870165,-0.006605702536314156,-0.0018684107527057981,-0.0008099974575899928,-0.001739654687615545,Trajectory-1,42.0,0.0
Spns1,0.004536185233919479,-0.000233960490446324,0.0032882208423128056,-0.0003529342865094835,0.0015742911872446718,Trajectory-2,0.0,98.0
Spp1,-0.0028630695926560373,-0.001630431592530748,-0.0012534442102005738,0.00243177550080057,0.000341244676077737,Trajectory-1,108.0,0.0
Sptbn1,0.00324474033807869,-0.0026369713623148,0.004199991995456714,0.0013251958851547552,0.00019675579215267143,Trajectory-2,0.0,48.0
Sptssa,0.004610469571130196,0.0001448979880762701,0.002665829340373268,-0.0009205170393165455,0.0013378574941058162,Trajectory-2,0.0,105.0
Srgn,-0.0004798339860403065,-0.0026662675540063204,0.0011761200234634457,0.0004160472941026077,-0.00206810808270609,Trajectory-1,90.0,0.0
Stab2,-0.0034811786078755855,0.0043251716135740605,-0.0037590460096729433,0.004802304092763333,0.0005273743773590114,Trajectory-1,243.0,0.0
Sult2b1,0.0005963885587670837,-0.002016311126192984,0.0011010578933857203,0.0008416822174970012,-0.00037512590212078847,Trajectory-1,98.0,0.0
Susd3,-0.00959233905902683,0.00492722082454133,0.0030683248932776856,0.00019972451324479134,-0.008911660171011753,Trajectory-1,187.0,0.0
T,-0.005179433728410737,-0.007780877702663143,-0.004429655979374424,-0.0028315710929804334,0.0001878742829644426,Trajectory-1,22.0,0.0
Tacr2,0.00042707164523581313,0.0015259519946160597,-0.001034382844614942,0.002320268945585777,0.0006642577199241006,Trajectory-1,195.0,0.0
Tagln,0.0005673866554582642,-0.004610759818166033,0.001641785277477654,0.0009374986962291007,-0.0015253294361249074,Trajectory-2,0.0,24.0
Tagln2,0.005136817708366052,0.001825798421005839,0.0013002400442839938,-0.0020642950402245943,0.0018750445541065915,Trajectory-2,0.0,141.0
Tal1,0.005604419405922576,0.005360928205732664,-0.003367656632080357,-0.004251435177381502,0.0008270811720149724,Trajectory-2,0.0,189.0
Tbx18,-0.0008727436423690776,0.00037484419020331067,-0.001146694677506388,0.0011986526335562987,0.00012397473685927816,Trajectory-1,152.0,0.0
Tcfl5,0.001877784888877778,-0.00145577622363776,0.0016962758115463376,0.0008432047473694789,3.0748830308860096e-05,Trajectory-1,114.0,0.0
Tead2,0.0008298514415435986,-0.005651299758862027,0.002746531299272591,0.0018298980001884943,-0.001938910847025883,Trajectory-2,0.0,12.0
Tex12,0.001673586597046745,-0.0014037971493485323,0.0006995281809968538,-0.0002389780811023111,-0.00022953677630879236,Trajectory-1,100.0,0.0
Tfpi,0.00480201971410469,0.0015818523746197334,0.000999177577192931,-0.0019646668706123894,0.0012173077664134277,Trajectory-2,0.0,137.0
Tgfb1,0.0043905121669138465,-0.0003330060394537732,0.0033120482747480543,-0.00018267860647768535,0.0015168704780901504,Trajectory-2,0.0,96.0
Thbs1,-0.007100488174072642,0.006516789628740663,0.0005738492813043274,0.003896205554246435,-0.00495462841897862,Trajectory-1,247.0,0.0
Thy1,-0.005015273205797021,-0.006151189968113975,-0.0035426150275969575,-0.001972642614166973,0.0004823181820201891,Trajectory-1,41.0,0.0
Timp3,-0.003503865094569284,-0.0014723046783429125,0.0004378290358533964,2.7302372116293193e-05,-0.0042846774528808515,Trajectory-1,101.0,0.0
Tm6sf1,-0.0077183123682884654,-0.0030116029558833906,-0.0026563116632859294,-0.0032939612334669677,-0.00114177546000906,Trajectory-1,66.0,0.0
Tmem158,0.0043130582410382794,-0.0005595769137634367,0.0031129667817288297,-0.00041734027146159435,0.001018396768072282,Trajectory-2,0.0,95.0
Tmem38b,0.0022926104666495554,-0.0030606405062417854,0.0024560230292721406,0.0004442325871459803,-0.0011194267379235608,Trajectory-2,0.0,56.0
Tmem40,-0.0074676790613569,0.0037332565710842197,0.0018495338843192183,0.0009356085599855859,-0.007753349721529868,Trajectory-1,181.0,0.0
Tmsb10,0.005602200137201346,0.004544985379989083,-0.0020690790031287496,-0.003928082643634635,0.0014289807729863239,Trajectory-2,0.0,177.0
Tmsb15a,-0.002088670691527312,0.0022366060335954696,-0.0032437103245219713,0.00932667648987606,0.0027960644417576092,Trajectory-1,211.0,0.0
Tmsb4x,0.005288477670949431,0.005136119699594287,-0.0034149026315192107,-0.00390323580398023,0.00032414751433169155,Trajectory-2,0.0,186.0
Tnfaip6,-0.005852412230884029,0.0020704458646061664,6.462262764820956e-05,0.0005197826585834749,0.0006034927137629001,Trajectory-1,159.0,0.0
Tnfaip8l2,-0.016989145974513176,0.012857092608749631,0.012262661620943414,-0.0053237217309163405,0.008015666595904863,Trajectory-1,271.0,0.0
Tnfrsf9,-0.002630658766766517,0.004113970770489818,-0.005217193369008712,0.010925214461844529,0.0030240864252291527,Trajectory-1,251.0,0.0
Tnni1,0.0054955620774167595,0.00505662329551987,-0.002849095382325706,-0.0038471247093277688,0.0010211741943626,Trajectory-2,0.0,183.0
Tpm4,0.0037578777623367243,-0.0014631148419448612,0.003257618892501381,0.00010775312179422146,0.00031231596064263,Trajectory-2,0.0,81.0
Tpst2,0.004573048090086723,-0.00015516742788315125,0.0032185478206258936,-0.0004378438201812872,0.0015934945284542957,Trajectory-2,0.0,100.0
Trap1a,0.003775371552568594,-0.000875479630776656,0.0029482815516518415,0.00022562323558531012,0.0009127127305283248,Trajectory-2,0.0,91.0
Trbc1,-0.003856396161226893,0.0037756674093953617,-0.004043664366699464,0.00995681544404581,0.0032593881212755155,Trajectory-1,231.0,0.0
Trbc2,-0.0016458948277828587,-0.0034240457806555616,0.0012089806142476854,0.00024261647992953591,-0.0015213901281756678,Trajectory-1,78.0,0.0
Trdc,0.0005439593643639691,0.0006695776230225053,0.00014326271478037433,0.0027844765580921213,0.0008718004946836455,Trajectory-1,170.0,0.0
Treml1,-0.010222562478648984,0.00791137074541213,0.004575979670825147,0.0018348541918303122,-0.011023235517436366,Trajectory-1,238.0,0.0
Trh,0.0016421127084336026,-0.0030635004340675283,0.002385643722398878,0.0010997320119932562,-0.0004912251912344611,Trajectory-2,0.0,51.0
Tsen34,0.0030858788238513246,-0.0029362329903461393,0.0040163474332740225,0.0012343073433577253,-0.00018722836415395753,Trajectory-2,0.0,40.0
Tspan12,0.0003653920392349081,-0.005895963527149476,0.002399034592697761,0.0021145574116949754,-0.0019776892309130126,Trajectory-2,0.0,3.0
Tspan4,0.004795099001432221,0.0006215866712805263,0.0026346043033179944,-0.000946893588183037,0.0019241572086656264,Trajectory-2,0.0,111.0
Tspan6,0.005377256559132292,0.0025812180340536953,0.0005969586461598931,-0.0026109577271745945,0.0020683556775934813,Trajectory-2,0.0,150.0
Ttr,0.005411396602794595,0.0031462703607489633,-0.0003100171636850601,-0.002837684392627797,0.0016735574685583935,Trajectory-2,0.0,158.0
Tuba8,-0.013074821118912512,0.00955338962301471,0.007086930840548206,-0.000623761175476366,-0.009081083552649144,Trajectory-1,240.0,0.0
Tubb3,0.005182122591975694,0.0021222402102496433,0.0011021485625165451,-0.0018996322803006224,0.0021057977986497518,Trajectory-2,0.0,145.0
Tubb6,-0.00042811018878175747,-0.005518063661452749,0.00086840281937908,0.000531707153683102,-0.00242133970152906,Trajectory-2,0.0,21.0
Txk,-0.003910056605287252,0.004615488854778141,-0.005814320762898003,0.015143769180360795,0.00589036135254458,Trajectory-1,263.5,0.0
Txndc12,0.0019832898661495046,-0.0020887176392453024,0.0011162811493209868,-0.0003572921456710562,-0.0012828561288691493,Trajectory-2,0.0,84.0
Tyrobp,-0.016381358413019517,0.012467371128310126,0.011735722291250052,-0.004977694645728914,0.008541362218126174,Trajectory-1,269.0,0.0
Usp18,-0.007954409455124574,0.004123594517656032,0.0019470965944516526,0.0008969940306512974,-0.006105421767164001,Trajectory-1,186.0,0.0
Usp26,0.0017536991928498637,-0.002894428167342991,0.0026982943430400672,0.0014399907363526875,0.0002930095037534578,Trajectory-2,0.0,57.0
Vat1,0.003500262598856817,-0.002249393510463684,0.003959460608821081,0.0008900274978677105,0.0002689674206529052,Trajectory-2,0.0,64.0
Vgll3,0.0005715972813574933,-0.0012617509131472868,0.0007644393038235175,1.9934935995356667e-05,0.000170377290343342,Trajectory-1,106.0,0.0
Vim,-0.0038040593707352605,-0.008277746992125945,-0.0028487908425509417,-0.0010659350054556267,-0.0011955164349591475,Trajectory-1,23.0,0.0
Vstm2b,-0.00943043098256953,-0.00892163654172103,-0.009621040248562236,-0.007094726822375622,0.006539785791153383,Trajectory-1,1.0,0.0
Wfdc12,0.00011491045301369257,-8.66726501050765e-08,0.0004023980491336184,0.0024971695198898543,0.0008944562675154435,Trajectory-1,155.0,0.0
Wfikkn1,0.0041765672645071574,0.0005724513057989393,0.0016361247511630559,-0.0008521263423907746,0.0011241315044611768,Trajectory-2,0.0,118.0
Xaf1,-0.0016041343575862587,0.002091023503259319,-0.002155197089856255,0.0012369233657745337,0.0002842131055880266,Trajectory-1,202.0,0.0
Xist,0.0050939926621258865,0.00628543313266717,-0.005521096192250068,-0.003731265662833985,-0.0012746807886806766,Trajectory-2,0.0,198.0
Zar1,-0.0010308036461601083,-0.006343381379370184,0.0007555468944247258,0.0014480797800847213,-0.0013406754339108748,Trajectory-1,52.0,0.0
Zfp365,-3.52480200454739e-05,0.0020414467832805946,-0.0015577852130543158,0.002387555407049057,0.00020523919164435275,Trajectory-1,207.0,0.0
Zfp936,-0.0004506875133566566,-0.0010268317671011413,0.0005094777152419117,0.003011197025981346,0.0009420581008320016,Trajectory-1,130.0,0.0
Zic3,0.0005912519411453114,0.0026407936904392164,-0.0014570154437455638,0.0012555044823402003,-6.464375891744063e-05,Trajectory-1,228.0,0.0
mt-Nd1,0.005318395709202111,0.006831384845323161,-0.006016351967355719,-0.004190284800839484,-0.0011056174549300371,Trajectory-2,0.0,203.0
mt-Rnr2,0.005618327903558283,0.004774265940491334,-0.0022503995896851954,-0.0038777838566474666,0.0014747937197067667,Trajectory-2,0.0,181.0
