dataset,variant,seed,coherence,coverage,strength,n_sig
pbmc3k,PRISM_opt0,0,0.3561571308135948,0.8900584795321637,4.571168000116527,369
pbmc3k,PRISM_opt0,1,0.3661722860610604,0.927251461988304,4.663551074427976,356
pbmc3k,PRISM_opt0,2,0.3629321591417232,0.9100877192982456,4.430432319286535,380
pbmc3k,PRISM_opt0,3,0.3629321591417231,0.9100877192982456,4.430432319286535,380
pbmc3k,PRISM_opt0,4,0.3590178545637618,0.9405847953216372,4.7993579553716375,378
pbmc3k,PRISM_opt0,5,0.3560198659139627,0.9300584795321636,4.920901100402597,379
pbmc3k,PRISM_opt0,6,0.3652564051187143,0.8605847953216375,4.57184462753394,365
pbmc3k,PRISM_opt0,7,0.3834252990811418,0.8824148606811144,5.8016232139051365,381
pbmc3k,PRISM_opt0,8,0.3587186485189263,0.896140350877193,4.649905759351838,344
pbmc3k,PRISM_opt0,9,0.3410774141106724,0.8934571723426213,4.017426212308317,341
pbmc3k,MALLET_opt0,0,0.3634506053466148,0.907251461988304,4.60329508161316,375
pbmc3k,MALLET_opt0,1,0.3568594878236706,0.8831501547987616,4.071431360526747,371
pbmc3k,MALLET_opt0,2,0.36334881455403,0.9056140350877192,4.506914607890501,378
pbmc3k,MALLET_opt0,3,0.365787946670551,0.908421052631579,4.402017436144805,378
pbmc3k,MALLET_opt0,4,0.359265378188501,0.9005847953216375,4.638065998547711,376
pbmc3k,MALLET_opt0,5,0.3544885425866712,0.9090058479532164,4.403194250320752,488
pbmc3k,MALLET_opt0,6,0.3630954245618175,0.9405847953216372,4.662064662618098,499
pbmc3k,MALLET_opt0,7,0.3897576953831194,0.8735913312693497,5.799861309753735,381
pbmc3k,MALLET_opt0,8,0.3592603698442077,0.9405847953216372,4.557617734237777,514
pbmc3k,MALLET_opt0,9,0.365787946670551,0.908421052631579,4.402017436144804,378
pbmc3k,MALLET_opt10,0,0.3277022539500839,0.9541666666666666,7.1270022640365,262
pbmc3k,MALLET_opt10,1,0.3283469625681786,0.9875,7.039075675186298,261
pbmc3k,MALLET_opt10,2,0.3277022539500839,0.9541666666666668,7.1270022640365,262
pbmc3k,MALLET_opt10,3,0.3277022539500839,0.9541666666666666,7.1270022640365,262
pbmc3k,MALLET_opt10,4,0.3277022539500839,0.9541666666666668,7.1270022640365,262
pbmc3k,MALLET_opt10,5,0.3277022539500839,0.9541666666666666,7.1270022640365,262
pbmc3k,MALLET_opt10,6,0.3277022539500839,0.9541666666666666,7.1270022640365,262
pbmc3k,MALLET_opt10,7,0.3277022539500839,0.9541666666666666,7.1270022640365,262
pbmc3k,MALLET_opt10,8,0.3277022539500839,0.9541666666666666,7.1270022640365,262
pbmc3k,MALLET_opt10,9,0.3277022539500839,0.9541666666666668,7.1270022640365,262
pbmc3k,NMF,0,0.2929662543704756,0.944248366013072,4.58027879672671,433
pbmc3k,NMF,1,0.2929662543704756,0.944248366013072,4.58027879672671,433
pbmc3k,NMF,2,0.2929662543704756,0.944248366013072,4.58027879672671,433
pbmc3k,NMF,3,0.2929662543704756,0.944248366013072,4.58027879672671,433
pbmc3k,NMF,4,0.2929662543704756,0.944248366013072,4.58027879672671,433
pbmc3k,NMF,5,0.2929662543704756,0.944248366013072,4.58027879672671,433
pbmc3k,NMF,6,0.2929662543704756,0.944248366013072,4.58027879672671,433
pbmc3k,NMF,7,0.2929662543704756,0.944248366013072,4.58027879672671,433
pbmc3k,NMF,8,0.2929662543704756,0.944248366013072,4.58027879672671,433
pbmc3k,NMF,9,0.2929662543704756,0.944248366013072,4.58027879672671,433
pbmc3k,cNMF,0,0.3502156281734897,0.8134674922600619,4.042467304219564,168
pbmc3k,cNMF,1,0.3502156281734897,0.8134674922600619,4.042467304219564,168
pbmc3k,cNMF,2,0.3502156281734897,0.8134674922600619,4.042467304219564,168
pbmc3k,cNMF,3,0.3502156281734897,0.8134674922600619,4.042467304219564,168
pbmc3k,cNMF,4,0.3502156281734897,0.8134674922600619,4.042467304219564,168
pbmc3k,cNMF,5,0.3502156281734897,0.8134674922600619,4.042467304219564,168
pbmc3k,cNMF,6,0.3502156281734897,0.8134674922600619,4.042467304219564,168
pbmc3k,scHPF,0,0.3305840140853213,0.9293300653594772,5.35744528868978,290
pbmc3k,scHPF,1,0.3145861022196561,0.9291666666666666,5.506949525492173,376
pbmc3k,scHPF,2,0.3303888451973156,0.9658625730994151,5.166558119145926,374
pbmc3k,scHPF,3,0.311070138295292,0.9168300653594772,5.963935155968301,367
pbmc3k,scHPF,4,0.3056067532302361,0.893954248366013,5.210120215075299,314
pbmc3k,scHPF,5,0.3121053230895231,0.9180555555555556,4.977932922959335,417
pbmc3k,scHPF,6,0.3182056012796646,0.9430555555555556,4.572400133714682,359
pbmc3k,scHPF,7,0.3488722544563568,0.9504575163398692,4.413467407188951,434
pbmc3k,scHPF,8,0.3031552597466266,0.9882352941176472,5.192662039072676,407
pbmc3k,scHPF,9,0.3220614411272047,0.918218954248366,4.506415452341959,375
pbmc3k,ProdLDA,0,0.2327664337250602,0.8188888888888888,3.60197222550548,154
pbmc3k,ProdLDA,1,0.2054698367143929,1.0,3.7148674099765184,303
pbmc3k,ProdLDA,2,0.341704580533929,0.9642857142857144,3.953495285380346,286
pbmc3k,ProdLDA,3,0.2113108998480209,0.8523809523809524,1.816029158541164,329
pbmc3k,ProdLDA,4,0.227419925998962,1.0,1.7526323443747458,258
pbmc3k,ProdLDA,5,0.2270545605108547,0.9377777777777776,3.1731344889887465,191
pbmc3k,ProdLDA,6,0.236407532429253,0.8767857142857143,1.7122362918636065,149
pbmc3k,ProdLDA,7,0.244696608037469,0.8,3.973482463633699,158
pbmc3k,ProdLDA,8,0.2993040781139294,0.8,2.9591030373771856,236
pbmc3k,ProdLDA,9,0.2690083588832823,0.9375,2.208140536809639,201
breast_cancer,PRISM_opt0,0,0.2802199649061971,,,0
breast_cancer,PRISM_opt0,1,0.2817693986288618,,,0
breast_cancer,PRISM_opt0,2,0.2806813956071056,,,0
breast_cancer,PRISM_opt0,3,0.281450729224762,,,0
breast_cancer,PRISM_opt0,4,0.2775145105729418,,,0
breast_cancer,PRISM_opt0,5,0.279487244397667,,,0
breast_cancer,PRISM_opt0,6,0.279710236647409,,,0
breast_cancer,PRISM_opt0,7,0.2810698627875,,,0
breast_cancer,PRISM_opt0,8,0.2783176962115491,,,0
breast_cancer,PRISM_opt0,9,0.2783120305605145,,,0
breast_cancer,MALLET_opt0,0,0.2768149977998949,,,0
breast_cancer,MALLET_opt0,1,0.2817693986288618,,,0
breast_cancer,MALLET_opt0,2,0.2654496120745452,,,0
breast_cancer,MALLET_opt0,3,0.2753337582954001,,,0
breast_cancer,MALLET_opt0,4,0.2779113486994908,,,0
breast_cancer,MALLET_opt0,5,0.2809458639853052,,,0
breast_cancer,MALLET_opt0,6,0.2805738109400056,,,0
breast_cancer,MALLET_opt0,7,0.2669859406624327,,,0
breast_cancer,MALLET_opt0,8,0.2779043959686861,,,0
breast_cancer,MALLET_opt0,9,0.2786597952135497,,,0
breast_cancer,MALLET_opt10,0,0.2662774005844174,,,0
breast_cancer,MALLET_opt10,1,0.2696042724693265,,,0
breast_cancer,MALLET_opt10,2,0.2665727737118291,,,0
breast_cancer,MALLET_opt10,3,0.264217128319019,,,0
breast_cancer,MALLET_opt10,4,0.2680903671267506,,,0
breast_cancer,MALLET_opt10,5,0.2670835917642752,,,0
breast_cancer,MALLET_opt10,6,0.2662361954377478,,,0
breast_cancer,MALLET_opt10,7,0.266572773711829,,,0
breast_cancer,MALLET_opt10,8,0.2680903671267506,,,0
breast_cancer,MALLET_opt10,9,0.2688027855851772,,,0
breast_cancer,NMF,0,0.2859779790264508,,,0
breast_cancer,NMF,1,0.2859779790264508,,,0
breast_cancer,NMF,2,0.2859779790264508,,,0
breast_cancer,NMF,3,0.2859779790264508,,,0
breast_cancer,NMF,4,0.2859779790264508,,,0
breast_cancer,NMF,5,0.2859779790264508,,,0
breast_cancer,NMF,6,0.2859779790264508,,,0
breast_cancer,NMF,7,0.2859779790264508,,,0
breast_cancer,NMF,8,0.2859779790264508,,,0
breast_cancer,NMF,9,0.2859779790264508,,,0
breast_cancer,cNMF,0,0.2694790507566342,0.3842105263157894,1.841360072025828,3
breast_cancer,cNMF,1,0.2694790507566342,0.3842105263157894,1.841360072025828,3
breast_cancer,cNMF,2,0.2694790507566342,0.3842105263157894,1.841360072025828,3
breast_cancer,cNMF,3,0.2694790507566342,0.3842105263157894,1.841360072025828,3
breast_cancer,cNMF,4,0.2694790507566342,0.3842105263157894,1.841360072025828,3
breast_cancer,cNMF,5,0.2694790507566342,0.3842105263157894,1.841360072025828,3
breast_cancer,cNMF,6,0.2694790507566342,0.3842105263157894,1.841360072025828,3
breast_cancer,cNMF,7,0.2694790507566342,0.3842105263157894,1.841360072025828,3
breast_cancer,cNMF,8,0.2694790507566342,0.3842105263157894,1.841360072025828,3
breast_cancer,cNMF,9,0.2694790507566342,0.3842105263157894,1.841360072025828,3
breast_cancer,scHPF,0,0.2608636799120765,,,0
breast_cancer,scHPF,1,0.2674338684656975,,,0
breast_cancer,scHPF,2,0.2631107341499611,,,0
breast_cancer,scHPF,3,0.2712611708878675,,,0
breast_cancer,scHPF,4,0.2675561801846378,,,0
breast_cancer,scHPF,5,0.2731450791532689,,,0
breast_cancer,scHPF,6,0.257586526826502,,,0
breast_cancer,scHPF,7,0.2676981451333977,,,0
breast_cancer,scHPF,8,0.2685248071603346,,,0
breast_cancer,scHPF,9,0.2689532217557657,,,0
breast_cancer,ProdLDA,0,0.3029727869381033,,,0
breast_cancer,ProdLDA,1,0.2733577523592801,,,0
breast_cancer,ProdLDA,2,0.2276727562337613,,,0
breast_cancer,ProdLDA,3,0.2713897507043827,,,0
breast_cancer,ProdLDA,4,0.2796220163675573,,,0
breast_cancer,ProdLDA,5,0.2795215198692071,,,0
breast_cancer,ProdLDA,6,0.2752015072699734,,,0
breast_cancer,ProdLDA,7,0.2369477999098225,,,0
breast_cancer,ProdLDA,8,0.2334622566738654,,,0
breast_cancer,ProdLDA,9,0.2796233689060357,0.6,1.3449452115262484,7
zeisel_brain,PRISM_opt0,0,0.4786562545697793,0.6494117647058824,1.7860485824263803,83
zeisel_brain,PRISM_opt0,1,0.4855180796383554,0.6823421676362853,1.8265918876799965,84
zeisel_brain,PRISM_opt0,2,0.4872031806385157,0.5857609710550886,1.9345726050447687,68
zeisel_brain,PRISM_opt0,3,0.5483160086376,0.7246031746031746,1.9305610330054936,115
zeisel_brain,PRISM_opt0,4,0.5509540200250415,0.7896825396825398,1.8819694656760613,153
zeisel_brain,PRISM_opt0,5,0.4795929736262653,0.6605228758169934,1.7494213023075418,92
zeisel_brain,PRISM_opt0,6,0.4850788002141781,0.684453781512605,1.754431837820405,97
zeisel_brain,PRISM_opt0,7,0.4776640497722522,0.6494117647058824,1.7860485824263803,83
zeisel_brain,PRISM_opt0,8,0.550885409522747,0.6850326797385621,1.8512733664153465,118
zeisel_brain,PRISM_opt0,9,0.4797571305427193,0.6946228693906712,1.7979339975046085,93
zeisel_brain,MALLET_opt0,0,0.5534106223015798,0.6650326797385622,1.8704901186003904,87
zeisel_brain,MALLET_opt0,1,0.4676153343822554,0.6817927170868348,1.81054675871239,82
zeisel_brain,MALLET_opt0,2,0.5534106223015798,0.6650326797385622,1.8704901186003904,87
zeisel_brain,MALLET_opt0,3,0.5490387140395407,0.6421755368814193,1.8724362840194515,82
zeisel_brain,MALLET_opt0,4,0.5491073245418352,0.7468253968253968,1.9031323832801663,117
zeisel_brain,MALLET_opt0,5,0.5465581806924062,0.7095704948646124,1.916405346867195,84
zeisel_brain,MALLET_opt0,6,0.4850788002141781,0.684453781512605,1.754431837820405,97
zeisel_brain,MALLET_opt0,7,0.4850788002141781,0.684453781512605,1.754431837820405,97
zeisel_brain,MALLET_opt0,8,0.5528314742255522,0.6450326797385622,1.892586930745365,86
zeisel_brain,MALLET_opt0,9,0.5230136163391965,0.7263480392156862,1.8785614219372588,86
zeisel_brain,MALLET_opt10,0,0.5568945218942156,0.7415966386554622,1.90884533465428,111
zeisel_brain,MALLET_opt10,1,0.4740254244554903,0.6773109243697479,1.9025824949600727,80
zeisel_brain,MALLET_opt10,2,0.5584577668708754,0.7553221288515406,1.9104638695014031,121
zeisel_brain,MALLET_opt10,3,0.550236598855222,0.746750700280112,1.909736446485016,116
zeisel_brain,MALLET_opt10,4,0.5478281248031773,0.7468253968253968,1.9093309087703687,116
zeisel_brain,MALLET_opt10,5,0.5518016783952766,0.7363492063492064,1.9010052891155769,117
zeisel_brain,MALLET_opt10,6,0.4862933738037255,0.6942577030812325,1.8498286316724355,95
zeisel_brain,MALLET_opt10,7,0.4862933738037254,0.6942577030812325,1.8498286316724355,95
zeisel_brain,MALLET_opt10,8,0.5487827038403642,0.7225490196078431,1.9071474110790103,106
zeisel_brain,MALLET_opt10,9,0.5296878188248803,0.7444852941176471,1.925097352423332,87
zeisel_brain,NMF,0,0.5791042999455114,0.6630392156862746,1.862282484535912,88
zeisel_brain,NMF,1,0.5791042999455114,0.6630392156862746,1.862282484535912,88
zeisel_brain,NMF,2,0.5791042999455114,0.6630392156862746,1.862282484535912,88
zeisel_brain,NMF,3,0.5791042999455114,0.6630392156862746,1.862282484535912,88
zeisel_brain,NMF,4,0.5791042999455114,0.6630392156862746,1.862282484535912,88
zeisel_brain,NMF,5,0.5791042999455114,0.6630392156862746,1.862282484535912,88
zeisel_brain,NMF,6,0.5791042999455114,0.6630392156862746,1.862282484535912,88
zeisel_brain,NMF,7,0.5791042999455114,0.6630392156862746,1.862282484535912,88
zeisel_brain,NMF,8,0.5791042999455114,0.6630392156862746,1.862282484535912,88
zeisel_brain,NMF,9,0.5791042999455114,0.6630392156862746,1.862282484535912,88
zeisel_brain,cNMF,0,0.5417858666293126,0.5093137254901962,2.129706248099597,27
zeisel_brain,cNMF,1,0.5417858666293126,0.5093137254901962,2.129706248099597,27
zeisel_brain,cNMF,2,0.5417858666293126,0.5093137254901962,2.129706248099597,27
zeisel_brain,cNMF,3,0.5417858666293126,0.5093137254901962,2.129706248099597,27
zeisel_brain,cNMF,4,0.5417858666293126,0.5093137254901962,2.129706248099597,27
zeisel_brain,cNMF,5,0.5417858666293126,0.5093137254901962,2.129706248099597,27
zeisel_brain,cNMF,6,0.5417858666293126,0.5093137254901962,2.129706248099597,27
zeisel_brain,cNMF,7,0.5417858666293126,0.5093137254901962,2.129706248099597,27
zeisel_brain,cNMF,8,0.5417858666293126,0.5093137254901962,2.129706248099597,27
zeisel_brain,cNMF,9,0.5417858666293126,0.5093137254901962,2.129706248099597,27
zeisel_brain,scHPF,0,0.5515157985938799,0.746750700280112,1.903537920994813,117
zeisel_brain,scHPF,1,0.5052681521584932,0.7647642390289449,1.971936149265883,236
zeisel_brain,scHPF,2,0.5584791738086257,0.734453781512605,1.9028419106474832,111
zeisel_brain,scHPF,3,0.5457442644745077,0.6252380952380953,1.8875616689749264,80
zeisel_brain,scHPF,4,0.5464131956811629,0.7468253968253968,1.90197578967446,117
zeisel_brain,scHPF,5,0.520695428777335,0.7300000000000001,1.90935666664175,116
zeisel_brain,scHPF,6,0.4799147687903777,0.684453781512605,1.8487584879956152,95
zeisel_brain,scHPF,7,0.47380305566347,0.6675070028011205,1.8071857011080432,82
zeisel_brain,scHPF,8,0.5754278205280643,0.6884570494864612,1.939556606000578,127
zeisel_brain,scHPF,9,0.5584791738086257,0.734453781512605,1.9028419106474832,111
zeisel_brain,ProdLDA,0,0.4882567190003127,0.9629629629629628,1.361873163122267,167
zeisel_brain,ProdLDA,1,0.451570016078063,0.9166666666666666,1.4505000792826035,176
zeisel_brain,ProdLDA,2,0.4104288020934167,0.8916666666666668,1.4818921240984957,351
zeisel_brain,ProdLDA,3,0.5317984680948157,0.925,1.509956595565815,84
zeisel_brain,ProdLDA,4,0.4394119637018158,0.875,1.4733291158409207,179
zeisel_brain,ProdLDA,5,0.4108550367991092,0.8833333333333334,1.6007636061772188,184
zeisel_brain,ProdLDA,6,0.3980214941420942,0.8698412698412697,1.4561949574102326,227
zeisel_brain,ProdLDA,7,0.5372589412287568,0.825,1.4470440297381209,227
zeisel_brain,ProdLDA,8,0.4464503552606225,0.8888888888888888,1.3765233636775929,247
zeisel_brain,ProdLDA,9,0.4405643341882365,0.8611111111111112,1.422081022160481,93
hemogenic_endothelium,PRISM_opt0,0,0.6157649789141388,0.9404411764705882,6.409092529160441,201
hemogenic_endothelium,PRISM_opt0,1,0.6185486727175105,0.9404411764705882,6.25162184748177,213
hemogenic_endothelium,PRISM_opt0,2,0.6160265197339527,0.9404411764705882,6.456078638086741,201
hemogenic_endothelium,PRISM_opt0,3,0.6185486727175105,0.9404411764705882,6.251621847481771,213
hemogenic_endothelium,PRISM_opt0,4,0.616824083701046,0.9169117647058822,6.232008683933075,206
hemogenic_endothelium,PRISM_opt0,5,0.6185891837132163,0.9404411764705882,6.449510286805025,205
hemogenic_endothelium,PRISM_opt0,6,0.6185486727175105,0.9404411764705882,6.251621847481771,213
hemogenic_endothelium,PRISM_opt0,7,0.6185891837132163,0.9404411764705882,6.449510286805025,205
hemogenic_endothelium,PRISM_opt0,8,0.6185486727175105,0.9404411764705882,6.25162184748177,213
hemogenic_endothelium,PRISM_opt0,9,0.6185486727175105,0.9404411764705882,6.25162184748177,213
hemogenic_endothelium,MALLET_opt0,0,0.6176208356021233,0.9257352941176472,6.2450088113837525,206
hemogenic_endothelium,MALLET_opt0,1,0.6214197227537492,0.9286764705882352,6.260020761078893,217
hemogenic_endothelium,MALLET_opt0,2,0.6148618124543676,0.9029411764705882,6.078042319267217,200
hemogenic_endothelium,MALLET_opt0,3,0.6098917462656169,0.9522058823529412,6.231803573713215,220
hemogenic_endothelium,MALLET_opt0,4,0.6136342918261388,0.8741666666666668,7.456676125201968,171
hemogenic_endothelium,MALLET_opt0,5,0.6227115485263127,0.9404411764705882,6.21217682362959,213
hemogenic_endothelium,MALLET_opt0,6,0.5998403443374745,0.9051470588235292,6.123896563216896,217
hemogenic_endothelium,MALLET_opt0,7,0.620919563315478,0.8698529411764706,6.162096256877078,191
hemogenic_endothelium,MALLET_opt0,8,0.6140835314849309,0.8110294117647058,6.280423816951764,188
hemogenic_endothelium,MALLET_opt0,9,0.6121516511854458,0.8926470588235293,6.021829174893033,203
hemogenic_endothelium,MALLET_opt10,0,0.6562700313314819,0.9741666666666668,7.831681859227683,214
hemogenic_endothelium,MALLET_opt10,1,0.6544577700998078,0.9741666666666668,7.692634593010484,213
hemogenic_endothelium,MALLET_opt10,2,0.6562700313314818,0.9741666666666668,7.831681859227683,214
hemogenic_endothelium,MALLET_opt10,3,0.6566172669819595,0.9741666666666668,7.470048290305456,227
hemogenic_endothelium,MALLET_opt10,4,0.6567898359422575,0.9616666666666668,7.628291896181222,212
hemogenic_endothelium,MALLET_opt10,5,0.6562700313314819,0.9741666666666668,7.831681859227683,214
hemogenic_endothelium,MALLET_opt10,6,0.6562700313314819,0.9741666666666668,7.831681859227683,214
hemogenic_endothelium,MALLET_opt10,7,0.6639004227915167,0.9616666666666668,7.817488584868476,214
hemogenic_endothelium,MALLET_opt10,8,0.6562700313314818,0.9741666666666668,7.831681859227683,214
hemogenic_endothelium,MALLET_opt10,9,0.6562700313314819,0.9741666666666668,7.831681859227683,214
hemogenic_endothelium,NMF,0,0.5642806595443107,0.9350189198486412,5.838908749122541,230
hemogenic_endothelium,NMF,1,0.5642806595443107,0.9350189198486412,5.838908749122541,230
hemogenic_endothelium,NMF,2,0.5642806595443107,0.9350189198486412,5.838908749122541,230
hemogenic_endothelium,NMF,3,0.5642806595443107,0.9350189198486412,5.838908749122541,230
hemogenic_endothelium,NMF,4,0.5642806595443107,0.9350189198486412,5.838908749122541,230
hemogenic_endothelium,NMF,5,0.5642806595443107,0.9350189198486412,5.838908749122541,230
hemogenic_endothelium,NMF,6,0.5642806595443107,0.9350189198486412,5.838908749122541,230
hemogenic_endothelium,NMF,7,0.5642806595443107,0.9350189198486412,5.838908749122541,230
hemogenic_endothelium,NMF,8,0.5642806595443107,0.9350189198486412,5.838908749122541,230
hemogenic_endothelium,NMF,9,0.5642806595443107,0.9350189198486412,5.838908749122541,230
hemogenic_endothelium,cNMF,0,0.37478489545303,0.7237702098383213,2.015848569668046,349
hemogenic_endothelium,cNMF,1,0.37478489545303,0.7237702098383213,2.015848569668046,349
hemogenic_endothelium,cNMF,2,0.37478489545303,0.7237702098383213,2.015848569668046,349
hemogenic_endothelium,cNMF,3,0.37478489545303,0.7237702098383213,2.015848569668046,349
hemogenic_endothelium,cNMF,4,0.37478489545303,0.7237702098383213,2.015848569668046,349
hemogenic_endothelium,cNMF,5,0.37478489545303,0.7237702098383213,2.015848569668046,349
hemogenic_endothelium,cNMF,6,0.37478489545303,0.7237702098383213,2.015848569668046,349
hemogenic_endothelium,cNMF,7,0.37478489545303,0.7237702098383213,2.015848569668046,349
hemogenic_endothelium,cNMF,8,0.37478489545303,0.7237702098383213,2.015848569668046,349
hemogenic_endothelium,cNMF,9,0.37478489545303,0.7237702098383213,2.015848569668046,349
hemogenic_endothelium,scHPF,0,0.6253447782585466,0.9194444444444444,6.265250800299043,225
hemogenic_endothelium,scHPF,1,0.6341705776152193,0.9286764705882352,7.073129012837934,191
hemogenic_endothelium,scHPF,2,0.6186558781163891,0.9741666666666668,6.983382100879491,223
hemogenic_endothelium,scHPF,3,0.6011308404886362,0.9625,6.273514382568936,233
hemogenic_endothelium,scHPF,4,0.6202506262109727,0.95,7.012045693355242,204
hemogenic_endothelium,scHPF,5,0.6226886060163697,0.9741666666666668,7.109192496312199,225
hemogenic_endothelium,scHPF,6,0.6275867675831246,0.9116666666666668,6.584194062625599,194
hemogenic_endothelium,scHPF,7,0.6429252456914882,0.9875,7.934826662604204,215
hemogenic_endothelium,scHPF,8,0.6375869655821184,0.9294117647058824,7.0420708351864905,210
hemogenic_endothelium,scHPF,9,0.6336658227514512,0.9625,7.220280636883547,214
hemogenic_endothelium,ProdLDA,0,0.3827950388063423,0.84375,2.7890344358544112,266
hemogenic_endothelium,ProdLDA,1,0.2944449512687395,0.8958333333333334,4.23543127341068,120
hemogenic_endothelium,ProdLDA,2,0.4465265246849,0.8888888888888888,3.18045005838876,224
hemogenic_endothelium,ProdLDA,3,0.4311882172505413,0.9131944444444444,2.715698438722172,215
hemogenic_endothelium,ProdLDA,4,0.2856196471324242,0.9583333333333334,3.0912840830462693,135
hemogenic_endothelium,ProdLDA,5,0.2470749563091265,1.0,3.15687279800334,121
hemogenic_endothelium,ProdLDA,6,0.1480738409084115,0.6666666666666666,3.5709453967337788,36
hemogenic_endothelium,ProdLDA,7,0.3769036126138708,1.0,1.7712223570886436,387
hemogenic_endothelium,ProdLDA,8,0.4546056360049224,1.0,2.5199131657183025,341
hemogenic_endothelium,ProdLDA,9,0.295794434535427,0.9642857142857144,3.4981530879056657,155
pancreas,PRISM_opt0,0,0.3824860276593972,0.7084279325765395,4.910047283579655,136
pancreas,PRISM_opt0,1,0.3782401185733662,0.6966632266941865,4.846369193166663,131
pancreas,PRISM_opt0,2,0.3074745996357493,0.7278637770897833,3.669160769689322,106
pancreas,PRISM_opt0,3,0.3033550339867424,0.6552459580323358,4.063160623367322,90
pancreas,PRISM_opt0,4,0.3022523398641928,0.7048503611971104,3.650168838242696,114
pancreas,PRISM_opt0,5,0.3791817212635466,0.7905056759545923,5.8419740174784165,125
pancreas,PRISM_opt0,6,0.3720887821592484,0.6855521155830753,5.2328380740816085,128
pancreas,PRISM_opt0,7,0.3744829605298627,0.7437134502923975,4.901142746012074,136
pancreas,PRISM_opt0,8,0.3782401185733661,0.6966632266941863,4.846369193166663,131
pancreas,PRISM_opt0,9,0.3682594030311548,0.7166150670794633,4.967014587076177,131
pancreas,MALLET_opt0,0,0.3002033303199256,0.6094255245958032,3.732245486217308,87
pancreas,MALLET_opt0,1,0.3693863730903312,0.720687134502924,4.699844468210034,134
pancreas,MALLET_opt0,2,0.3648738820741316,0.7863669590643274,5.243331473253867,129
pancreas,MALLET_opt0,3,0.3112740235329493,0.7235603715170279,4.008609497680382,105
pancreas,MALLET_opt0,4,0.3021139530888697,0.7374613003095976,3.8331140649405713,150
pancreas,MALLET_opt0,5,0.3996687086841319,0.6861369109047127,4.736275187395067,130
pancreas,MALLET_opt0,6,0.3197134719988527,0.72734434124527,4.007859866585999,136
pancreas,MALLET_opt0,7,0.3405996804269112,0.6256897144822842,4.817395768946064,100
pancreas,MALLET_opt0,8,0.3851541659842791,0.6662538699690403,4.814437586042445,127
pancreas,MALLET_opt0,9,0.3200614972530305,0.7257653938768489,3.665153610137927,136
pancreas,MALLET_opt10,0,0.261160012187657,0.7151702786377709,4.319752314809908,121
pancreas,MALLET_opt10,1,0.3363896382625221,0.7426900584795322,4.970663680532375,147
pancreas,MALLET_opt10,2,0.3345992014543117,0.7164086687306501,4.981060464653146,139
pancreas,MALLET_opt10,3,0.2689948111782693,0.7710698314413486,3.899742794692421,128
pancreas,MALLET_opt10,4,0.2656622469297056,0.7372755417956657,3.979940190486134,149
pancreas,MALLET_opt10,5,0.3588439763319415,0.7882352941176471,4.748341476635572,170
pancreas,MALLET_opt10,6,0.2720483587742021,0.7858961128310973,4.137087756164215,193
pancreas,MALLET_opt10,7,0.2774551206915072,0.7003095975232199,3.699528721580576,134
pancreas,MALLET_opt10,8,0.3490449678108874,0.7857585139318886,4.829542202224952,147
pancreas,MALLET_opt10,9,0.2686176552056135,0.7598211214310285,4.434489474548694,157
pancreas,NMF,0,0.3429195568511816,0.6817956656346749,4.572087953325464,116
pancreas,NMF,1,0.3429195568511816,0.6817956656346749,4.572087953325464,116
pancreas,NMF,2,0.3429195568511816,0.6817956656346749,4.572087953325464,116
pancreas,NMF,3,0.3429195568511816,0.6817956656346749,4.572087953325464,116
pancreas,NMF,4,0.3429195568511816,0.6817956656346749,4.572087953325464,116
pancreas,NMF,5,0.3429195568511816,0.6817956656346749,4.572087953325464,116
pancreas,NMF,6,0.3429195568511816,0.6817956656346749,4.572087953325464,116
pancreas,NMF,7,0.3429195568511816,0.6817956656346749,4.572087953325464,116
pancreas,NMF,8,0.3429195568511816,0.6817956656346749,4.572087953325464,116
pancreas,NMF,9,0.3429195568511816,0.6817956656346749,4.572087953325464,116
pancreas,cNMF,0,0.4910681138533969,0.4943438914027149,1.7197318532008037,162
pancreas,cNMF,1,0.4910681138533969,0.4943438914027149,1.7197318532008037,162
pancreas,cNMF,2,0.4910681138533969,0.4943438914027149,1.7197318532008037,162
pancreas,cNMF,3,0.4910681138533969,0.4943438914027149,1.7197318532008037,162
pancreas,cNMF,4,0.4910681138533969,0.4943438914027149,1.7197318532008037,162
pancreas,cNMF,5,0.4910681138533969,0.4943438914027149,1.7197318532008037,162
pancreas,cNMF,6,0.4910681138533969,0.4943438914027149,1.7197318532008037,162
pancreas,cNMF,7,0.4910681138533969,0.4943438914027149,1.7197318532008037,162
pancreas,cNMF,8,0.4910681138533969,0.4943438914027149,1.7197318532008037,162
pancreas,cNMF,9,0.4910681138533969,0.4943438914027149,1.7197318532008037,162
pancreas,scHPF,0,0.3265410870694424,0.6767801857585138,4.975485292368514,132
pancreas,scHPF,1,0.2873048875019585,0.795046439628483,3.600250772990125,166
pancreas,scHPF,2,0.2642663511553035,0.7151702786377709,4.319270525819054,121
pancreas,scHPF,3,0.2833632704614777,0.7386996904024767,3.762031353883883,141
pancreas,scHPF,4,0.3430660420333779,0.7962848297213622,4.836086022572305,146
pancreas,scHPF,5,0.348047738536916,0.7766081871345029,4.77343886234612,184
pancreas,scHPF,6,0.2939206305085887,0.7504643962848296,3.6599371564128544,153
pancreas,scHPF,7,0.2750192531499656,0.8167526659786721,4.085580984221108,195
pancreas,scHPF,8,0.2663355256479606,0.7841417268661851,3.84634614292546,149
pancreas,scHPF,9,0.2750898472908037,0.7492260061919505,3.9949493302318486,146
pancreas,ProdLDA,0,0.0120091325060017,0.625,1.4262075251209243,109
pancreas,ProdLDA,1,0.0061237455196828,1.0,1.398841687591576,56
pancreas,ProdLDA,2,0.0062134346378979,0.7296296296296297,1.4460050663974109,51
pancreas,ProdLDA,3,0.036736705879912,0.85,1.3356673850924894,82
pancreas,ProdLDA,4,0.024258409097915,0.6666666666666666,1.3471470095108298,121
pancreas,ProdLDA,5,0.0087950683536121,0.6388888888888888,1.3414825317979926,86
pancreas,ProdLDA,6,0.0045413313503693,0.9166666666666669,1.3321526692567676,19
pancreas,ProdLDA,7,0.0087902062585628,0.6611111111111111,1.519301585043566,86
pancreas,ProdLDA,8,0.0244151800025785,0.6238095238095238,1.3313396068853278,130
pancreas,ProdLDA,9,0.0137720103134193,0.9047619047619048,1.3868910103228285,184
gastrulation,PRISM_opt0,0,0.4161807827834591,0.8351377552615944,3.3310235331468,293
gastrulation,PRISM_opt0,1,0.4194546582328883,0.7046564718391344,3.056857364183061,227
gastrulation,PRISM_opt0,2,0.4142093654550344,0.8704318729086531,3.3232696463797766,330
gastrulation,PRISM_opt0,3,0.4194546582328882,0.7046564718391344,3.056857364183061,227
gastrulation,PRISM_opt0,4,0.4194546582328882,0.7046564718391343,3.0568573641830605,227
gastrulation,PRISM_opt0,5,0.4194546582328883,0.7046564718391344,3.0568573641830605,227
gastrulation,PRISM_opt0,6,0.3814355029479126,0.8362573099415205,3.309421896793656,166
gastrulation,PRISM_opt0,7,0.4206422789561495,0.7046564718391344,3.0666270776906246,227
gastrulation,PRISM_opt0,8,0.4142093654550344,0.8704318729086531,3.3232696463797766,330
gastrulation,PRISM_opt0,9,0.4127023267389565,0.7515464239922445,3.206234235339361,233
gastrulation,MALLET_opt0,0,0.4196494173465032,0.7515464239922445,3.277831652946364,211
gastrulation,MALLET_opt0,1,0.4183972557523898,0.7046564718391344,2.894332386075782,230
gastrulation,MALLET_opt0,2,0.4194546582328882,0.7046564718391344,3.0568573641830605,227
gastrulation,MALLET_opt0,3,0.3898392008119466,0.7467836257309941,3.254530407509563,184
gastrulation,MALLET_opt0,4,0.4208889413962954,0.7046564718391344,3.185296404604609,222
gastrulation,MALLET_opt0,5,0.4209678964742439,0.7517152953685462,3.2314938136763613,223
gastrulation,MALLET_opt0,6,0.4208889413962954,0.7046564718391344,3.185296404604609,222
gastrulation,MALLET_opt0,7,0.386383546640087,0.8362573099415205,3.309421896793656,166
gastrulation,MALLET_opt0,8,0.3881577225143405,0.820906432748538,3.8323194707423216,162
gastrulation,MALLET_opt0,9,0.4194546582328883,0.7046564718391344,3.056857364183061,227
gastrulation,MALLET_opt10,0,0.4093670316623668,0.8983253588516746,3.612264404616224,211
gastrulation,MALLET_opt10,1,0.4150413136127595,0.7421896988460456,3.1400769570847844,218
gastrulation,MALLET_opt10,2,0.39493391902825,0.7346836788942052,3.1794813952215826,217
gastrulation,MALLET_opt10,3,0.4117759665284881,0.828257810301154,3.543196392329224,293
gastrulation,MALLET_opt10,4,0.4150496763423894,0.7436602870813396,3.1418117145317668,218
gastrulation,MALLET_opt10,5,0.4150413136127595,0.7421896988460455,3.1400769570847844,218
gastrulation,MALLET_opt10,6,0.4150496763423894,0.7436602870813397,3.1418117145317668,218
gastrulation,MALLET_opt10,7,0.3746717577349104,0.8453302373581012,3.0187265375584182,183
gastrulation,MALLET_opt10,8,0.3761613496523745,0.7334070470293381,3.105415474059362,182
gastrulation,MALLET_opt10,9,0.4150413136127595,0.7421896988460456,3.1400769570847844,218
gastrulation,NMF,0,0.3998202444264853,0.8445614035087721,3.62271223253444,279
gastrulation,NMF,1,0.3998202444264853,0.8445614035087721,3.62271223253444,279
gastrulation,NMF,2,0.3998202444264853,0.8445614035087721,3.62271223253444,279
gastrulation,NMF,3,0.3998202444264853,0.8445614035087721,3.62271223253444,279
gastrulation,NMF,4,0.3998202444264853,0.8445614035087721,3.62271223253444,279
gastrulation,NMF,5,0.3998202444264853,0.8445614035087721,3.62271223253444,279
gastrulation,NMF,6,0.3998202444264853,0.8445614035087721,3.62271223253444,279
gastrulation,NMF,7,0.3998202444264853,0.8445614035087721,3.62271223253444,279
gastrulation,NMF,8,0.3998202444264853,0.8445614035087721,3.62271223253444,279
gastrulation,NMF,9,0.3998202444264853,0.8445614035087721,3.62271223253444,279
gastrulation,cNMF,0,0.3850186256560107,0.6778508771929824,2.91500027224201,100
gastrulation,cNMF,1,0.3850186256560107,0.6778508771929824,2.91500027224201,100
gastrulation,cNMF,2,0.3850186256560107,0.6778508771929824,2.91500027224201,100
gastrulation,cNMF,3,0.3850186256560107,0.6778508771929824,2.91500027224201,100
gastrulation,cNMF,4,0.3850186256560107,0.6778508771929824,2.91500027224201,100
gastrulation,cNMF,5,0.3850186256560107,0.6778508771929824,2.91500027224201,100
gastrulation,cNMF,6,0.3834700687877165,0.6383771929824561,2.8924405649893346,75
gastrulation,cNMF,7,0.3850186256560107,0.6778508771929824,2.91500027224201,100
gastrulation,cNMF,8,0.3850186256560107,0.6778508771929824,2.91500027224201,100
gastrulation,cNMF,9,0.3850186256560107,0.6778508771929824,2.91500027224201,100
gastrulation,scHPF,0,0.4037553433583468,0.6935453607280232,3.003669065245366,218
gastrulation,scHPF,1,0.41254948148852,0.7421896988460456,3.127358852610235,233
gastrulation,scHPF,2,0.4150496763423893,0.7436602870813397,3.1418117145317668,218
gastrulation,scHPF,3,0.3841394036866898,0.7430565719110611,2.599534174866518,301
gastrulation,scHPF,4,0.4150496763423893,0.7436602870813397,3.1418117145317668,218
gastrulation,scHPF,5,0.4146457638341231,0.6935453607280232,2.9082252481526303,212
gastrulation,scHPF,6,0.4129952960141264,0.6941301560496607,3.1187784446549904,219
gastrulation,scHPF,7,0.4126614845868926,0.7404353128811334,3.057120642639682,219
gastrulation,scHPF,8,0.4150496763423893,0.7436602870813397,3.1418117145317668,218
gastrulation,scHPF,9,0.4178346123548848,0.8340682365450167,3.066700116271467,359
gastrulation,ProdLDA,0,0.2607742702140351,0.85,1.3659745493804032,489
gastrulation,ProdLDA,1,0.2738826249157854,0.8977777777777778,1.4872862471696278,465
gastrulation,ProdLDA,2,0.2584715594805988,0.79375,1.6284576712017311,231
gastrulation,ProdLDA,3,0.2495204483819127,1.0,1.4365389085135678,202
gastrulation,ProdLDA,4,0.2490001883788683,1.0,1.5347456097892658,240
gastrulation,ProdLDA,5,0.2439587372883992,0.8194444444444444,1.559704415976011,407
gastrulation,ProdLDA,6,0.2790739612178594,0.7592592592592592,1.577002087106169,263
gastrulation,ProdLDA,7,0.277540391523828,0.9629629629629628,1.523376037527549,347
gastrulation,ProdLDA,8,0.2738115188288461,0.7819444444444444,1.424836064765206,268
gastrulation,ProdLDA,9,0.2515501434782469,0.8342857142857143,1.533626624423717,408
gastrulation_e75,PRISM_opt0,0,0.6281726700886441,0.906470588235294,4.240208256784806,527
gastrulation_e75,PRISM_opt0,1,0.6465274612074239,0.8964705882352941,5.274145118505542,384
gastrulation_e75,PRISM_opt0,2,0.6465274612074239,0.8964705882352941,5.274145118505542,384
gastrulation_e75,PRISM_opt0,3,0.6281726700886442,0.906470588235294,4.240208256784806,527
gastrulation_e75,PRISM_opt0,4,0.628148108563642,0.8964705882352941,4.862171081891311,500
gastrulation_e75,PRISM_opt0,5,0.6281726700886442,0.9064705882352944,4.240208256784806,527
gastrulation_e75,PRISM_opt0,6,0.6292725475985612,0.8829411764705883,4.425940638460466,510
gastrulation_e75,PRISM_opt0,7,0.6465274612074239,0.8964705882352941,5.274145118505542,384
gastrulation_e75,PRISM_opt0,8,0.6465274612074239,0.8964705882352941,5.274145118505542,384
gastrulation_e75,PRISM_opt0,9,0.6281726700886442,0.906470588235294,4.240208256784806,527
gastrulation_e75,MALLET_opt0,0,0.644622968646782,0.8864705882352941,5.1843980660765885,382
gastrulation_e75,MALLET_opt0,1,0.6329192734900441,0.8394117647058824,5.85886003710721,423
gastrulation_e75,MALLET_opt0,2,0.6281726700886441,0.906470588235294,4.240208256784806,527
gastrulation_e75,MALLET_opt0,3,0.6416983795936415,0.8829411764705881,4.584807070110847,515
gastrulation_e75,MALLET_opt0,4,0.646527461207424,0.8964705882352941,5.274145118505542,384
gastrulation_e75,MALLET_opt0,5,0.6465274612074241,0.8964705882352941,5.274145118505542,384
gastrulation_e75,MALLET_opt0,6,0.6439868271773549,0.8629411764705882,5.388210543992282,366
gastrulation_e75,MALLET_opt0,7,0.6455124636128539,0.886470588235294,5.224347693506121,381
gastrulation_e75,MALLET_opt0,8,0.6273756746111369,0.906470588235294,4.240208256784806,527
gastrulation_e75,MALLET_opt0,9,0.644622968646782,0.886470588235294,5.184398066076588,382
gastrulation_e75,MALLET_opt10,0,0.6601019360663274,0.8784210526315789,5.807024121161113,371
gastrulation_e75,MALLET_opt10,1,0.6500798015480558,0.8866666666666667,5.431173450732706,486
gastrulation_e75,MALLET_opt10,2,0.6500798015480557,0.8866666666666667,5.431173450732706,486
gastrulation_e75,MALLET_opt10,3,0.653169350265878,0.8766666666666667,5.6114745009482565,371
gastrulation_e75,MALLET_opt10,4,0.6601019360663274,0.8784210526315789,5.807024121161113,371
gastrulation_e75,MALLET_opt10,5,0.6601019360663274,0.8784210526315789,5.807024121161114,371
gastrulation_e75,MALLET_opt10,6,0.6601019360663274,0.8784210526315789,5.807024121161113,371
gastrulation_e75,MALLET_opt10,7,0.6601019360663274,0.8784210526315789,5.807024121161113,371
gastrulation_e75,MALLET_opt10,8,0.6490401231632063,0.8866666666666667,5.288447180809524,485
gastrulation_e75,MALLET_opt10,9,0.6601019360663274,0.8784210526315789,5.807024121161113,371
gastrulation_e75,NMF,0,0.6218231083510288,0.85,5.600915499393247,365
gastrulation_e75,NMF,1,0.6218231083510288,0.85,5.600915499393247,365
gastrulation_e75,NMF,2,0.6218231083510288,0.85,5.600915499393247,365
gastrulation_e75,NMF,3,0.6218231083510288,0.85,5.600915499393247,365
gastrulation_e75,NMF,4,0.6218231083510288,0.85,5.600915499393247,365
gastrulation_e75,NMF,5,0.6218231083510288,0.85,5.600915499393247,365
gastrulation_e75,NMF,6,0.6218231083510288,0.85,5.600915499393247,365
gastrulation_e75,NMF,7,0.6218231083510288,0.85,5.600915499393247,365
gastrulation_e75,NMF,8,0.6218231083510288,0.85,5.600915499393247,365
gastrulation_e75,NMF,9,0.6218231083510288,0.85,5.600915499393247,365
gastrulation_e75,cNMF,0,0.384218832079828,0.6560974339128364,1.8143047754369008,96
gastrulation_e75,cNMF,1,0.3854937325175759,0.6560974339128364,1.8143047754369008,96
gastrulation_e75,cNMF,2,0.384218832079828,0.6560974339128364,1.8143047754369008,96
gastrulation_e75,cNMF,3,0.384218832079828,0.6560974339128364,1.8143047754369008,96
gastrulation_e75,cNMF,4,0.384218832079828,0.6560974339128364,1.8143047754369008,96
gastrulation_e75,cNMF,5,0.384218832079828,0.6560974339128364,1.8143047754369008,96
gastrulation_e75,cNMF,6,0.3854937325175759,0.6560974339128364,1.8143047754369008,96
gastrulation_e75,cNMF,7,0.384218832079828,0.6560974339128364,1.8143047754369008,96
gastrulation_e75,cNMF,8,0.3854937325175759,0.6560974339128364,1.8143047754369008,96
gastrulation_e75,cNMF,9,0.384218832079828,0.6560974339128364,1.8143047754369008,96
gastrulation_e75,scHPF,0,0.6506532517858012,0.8547058823529412,5.49800008170906,369
gastrulation_e75,scHPF,1,0.6350110489802285,0.8764705882352942,4.724762985455738,475
gastrulation_e75,scHPF,2,0.6476679415138722,0.9059442724458204,5.4304373997509146,385
gastrulation_e75,scHPF,3,0.650610931552745,0.8964705882352939,5.38773975058122,383
gastrulation_e75,scHPF,4,0.6420015152927567,0.8826006191950466,5.009453682643058,455
gastrulation_e75,scHPF,5,0.6358073741864667,0.8747058823529411,5.008938198065496,455
gastrulation_e75,scHPF,6,0.6443217827635118,0.886470588235294,5.278400520946512,383
gastrulation_e75,scHPF,7,0.650610931552745,0.8964705882352941,5.38773975058122,383
gastrulation_e75,scHPF,8,0.6438812318491103,0.9147058823529411,4.453030476209799,495
gastrulation_e75,scHPF,9,0.6463225528355834,0.8664705882352941,5.430395275751841,372
gastrulation_e75,ProdLDA,0,0.2867955648204621,0.875,1.9513232361008608,314
gastrulation_e75,ProdLDA,1,0.1898445626771303,0.794047619047619,2.7036526891604464,175
gastrulation_e75,ProdLDA,2,0.3133035622462056,0.8428571428571429,1.7386721941938663,431
gastrulation_e75,ProdLDA,3,0.4408048017733524,1.0,1.8077402758771617,585
gastrulation_e75,ProdLDA,4,0.3076474425569582,0.8125,2.276116652202231,195
gastrulation_e75,ProdLDA,5,0.3080752060531216,0.9666666666666668,3.178108522038851,184
gastrulation_e75,ProdLDA,6,0.3056181755423554,0.8678571428571429,1.8782327802655057,362
gastrulation_e75,ProdLDA,7,0.2783318929466635,0.8333333333333333,1.8386431439410933,329
gastrulation_e75,ProdLDA,8,0.3257678465843872,0.8714285714285716,1.95439602259508,644
gastrulation_e75,ProdLDA,9,0.3223764122626988,0.90625,2.440020082955024,361
gastrulation_erythroid,PRISM_opt0,0,0.4439175034890802,0.7610423116615067,1.760446929685197,326
gastrulation_erythroid,PRISM_opt0,1,0.4466793602775299,0.7365869424692953,1.7415898138637698,406
gastrulation_erythroid,PRISM_opt0,2,0.4466793602775299,0.7365869424692953,1.7415898138637698,406
gastrulation_erythroid,PRISM_opt0,3,0.4456322189739607,0.7429971988795518,1.7468291242733656,406
gastrulation_erythroid,PRISM_opt0,4,0.4456322189739605,0.7429971988795517,1.7468291242733656,406
gastrulation_erythroid,PRISM_opt0,5,0.4456322189739606,0.7429971988795518,1.7468291242733656,406
gastrulation_erythroid,PRISM_opt0,6,0.4439175034890802,0.7610423116615066,1.7604469296851974,326
gastrulation_erythroid,PRISM_opt0,7,0.4456100071762925,0.7443756449948401,1.7502938115510598,317
gastrulation_erythroid,PRISM_opt0,8,0.4443712311034116,0.7315686274509804,1.772619596466369,394
gastrulation_erythroid,PRISM_opt0,9,0.4439175034890802,0.7610423116615067,1.7604469296851974,326
gastrulation_erythroid,MALLET_opt0,0,0.4519417954595582,0.7504362510554461,1.7730513318657255,300
gastrulation_erythroid,MALLET_opt0,1,0.4507770587805387,0.7504362510554461,1.7836379721815814,309
gastrulation_erythroid,MALLET_opt0,2,0.4519417954595582,0.7504362510554461,1.7730513318657255,300
gastrulation_erythroid,MALLET_opt0,3,0.4427650280983547,0.7429971988795518,1.7468291242733656,406
gastrulation_erythroid,MALLET_opt0,4,0.4519417954595582,0.7504362510554461,1.7730513318657255,300
gastrulation_erythroid,MALLET_opt0,5,0.4438121694019239,0.7365869424692955,1.7415898138637698,406
gastrulation_erythroid,MALLET_opt0,6,0.4438121694019239,0.7365869424692955,1.7415898138637698,406
gastrulation_erythroid,MALLET_opt0,7,0.4466793602775298,0.7365869424692955,1.7415898138637698,406
gastrulation_erythroid,MALLET_opt0,8,0.4519417954595582,0.7504362510554461,1.7730513318657255,300
gastrulation_erythroid,MALLET_opt0,9,0.4610043317280295,0.707282913165266,1.7615891837845397,332
gastrulation_erythroid,MALLET_opt10,0,0.4224355518637511,0.8401069518716577,1.808538715672672,488
gastrulation_erythroid,MALLET_opt10,1,0.4224355518637511,0.8401069518716578,1.808538715672672,488
gastrulation_erythroid,MALLET_opt10,2,0.4224355518637511,0.8401069518716578,1.808538715672672,488
gastrulation_erythroid,MALLET_opt10,3,0.4018182990405437,0.8549450549450549,1.7808680554539051,528
gastrulation_erythroid,MALLET_opt10,4,0.4224355518637511,0.8401069518716577,1.808538715672672,488
gastrulation_erythroid,MALLET_opt10,5,0.3975400502040475,0.8190476190476191,1.7339556237839129,452
gastrulation_erythroid,MALLET_opt10,6,0.4018182990405437,0.8549450549450549,1.7808680554539051,528
gastrulation_erythroid,MALLET_opt10,7,0.4018182990405437,0.8549450549450549,1.7808680554539051,528
gastrulation_erythroid,MALLET_opt10,8,0.4224355518637511,0.8401069518716578,1.808538715672672,488
gastrulation_erythroid,MALLET_opt10,9,0.4146922464393089,0.8400000000000001,1.8883894269005967,469
gastrulation_erythroid,NMF,0,0.3468316795695304,0.856439393939394,1.7083090305072377,354
gastrulation_erythroid,NMF,1,0.3468316795695304,0.856439393939394,1.7083090305072377,354
gastrulation_erythroid,NMF,2,0.3468316795695304,0.856439393939394,1.7083090305072377,354
gastrulation_erythroid,NMF,3,0.3468316795695304,0.856439393939394,1.7083090305072377,354
gastrulation_erythroid,NMF,4,0.3468316795695304,0.856439393939394,1.7083090305072377,354
gastrulation_erythroid,NMF,5,0.3468316795695304,0.856439393939394,1.7083090305072377,354
gastrulation_erythroid,NMF,6,0.3468316795695304,0.856439393939394,1.7083090305072377,354
gastrulation_erythroid,NMF,7,0.3468316795695304,0.856439393939394,1.7083090305072377,354
gastrulation_erythroid,NMF,8,0.3468316795695304,0.856439393939394,1.7083090305072377,354
gastrulation_erythroid,NMF,9,0.3468316795695304,0.856439393939394,1.7083090305072377,354
gastrulation_erythroid,cNMF,0,0.4581583225974485,0.5426341589267285,2.045081481197101,89
gastrulation_erythroid,cNMF,1,0.4581583225974485,0.5426341589267285,2.045081481197101,89
gastrulation_erythroid,cNMF,2,0.4581583225974485,0.5426341589267285,2.045081481197101,89
gastrulation_erythroid,cNMF,3,0.4581583225974485,0.5426341589267285,2.045081481197101,89
gastrulation_erythroid,cNMF,4,0.4581583225974485,0.5426341589267285,2.045081481197101,89
gastrulation_erythroid,cNMF,5,0.4581583225974485,0.5426341589267285,2.045081481197101,89
gastrulation_erythroid,cNMF,6,0.4581583225974485,0.5426341589267285,2.045081481197101,89
gastrulation_erythroid,cNMF,7,0.4581583225974485,0.5426341589267285,2.045081481197101,89
gastrulation_erythroid,cNMF,8,0.4581583225974485,0.5426341589267285,2.045081481197101,89
gastrulation_erythroid,cNMF,9,0.4581583225974485,0.5426341589267285,2.045081481197101,89
gastrulation_erythroid,scHPF,0,0.4277321277864122,0.8157142857142858,1.7710701611467643,478
gastrulation_erythroid,scHPF,1,0.4013848735805603,0.8166666666666667,1.818053466803032,436
gastrulation_erythroid,scHPF,2,0.4196955150883849,0.7472527472527473,1.7398674635062823,436
gastrulation_erythroid,scHPF,3,0.4392767024646787,0.7659090909090909,1.780783551904706,413
gastrulation_erythroid,scHPF,4,0.4358521002992886,0.7477272727272728,1.7443842330547494,414
gastrulation_erythroid,scHPF,5,0.4245691310629993,0.7518716577540107,1.7031395874155777,316
gastrulation_erythroid,scHPF,6,0.4241556291315733,0.7945054945054946,1.719077334662455,453
gastrulation_erythroid,scHPF,7,0.4133744663607064,0.7907993966817496,1.795257103571129,423
gastrulation_erythroid,scHPF,8,0.4030056699853411,0.8358974358974358,1.738244259652672,418
gastrulation_erythroid,scHPF,9,0.4336455927428032,0.7766233766233765,1.7543526859078593,437
gastrulation_erythroid,ProdLDA,0,0.2535294625429024,0.875,1.520134622240627,298
gastrulation_erythroid,ProdLDA,1,0.3500997836594672,0.78125,1.5672385808042404,213
gastrulation_erythroid,ProdLDA,2,0.3522752679809849,0.9714285714285716,1.4748100788348313,466
gastrulation_erythroid,ProdLDA,3,0.2275413501395494,0.8645833333333334,1.5724339719024107,207
gastrulation_erythroid,ProdLDA,4,0.4104382421941463,0.7544444444444445,1.4905657467341855,327
gastrulation_erythroid,ProdLDA,5,0.3503796613840038,0.7584126984126984,1.6063313208341987,300
gastrulation_erythroid,ProdLDA,6,0.3463085558372121,1.0,1.6076469798994883,252
gastrulation_erythroid,ProdLDA,7,0.3545237001072053,0.7905555555555555,1.4680281764469052,301
gastrulation_erythroid,ProdLDA,8,0.3374367761825653,0.9,1.5218183363835218,391
gastrulation_erythroid,ProdLDA,9,0.3245818206711908,0.8766666666666667,1.5634956763435723,408
bonemarrow,PRISM_opt0,0,0.3167926995285125,0.4175352597179222,2.251175501288558,35
bonemarrow,PRISM_opt0,1,0.3049855913054348,0.4628837719298245,1.844948849733704,39
bonemarrow,PRISM_opt0,2,0.3182337667204873,0.4149122807017543,2.2503793555094536,35
bonemarrow,PRISM_opt0,3,0.3168655917871332,0.4134416924664602,2.2465045428128496,35
bonemarrow,PRISM_opt0,4,0.3150090928619266,0.4114241486068112,2.0709539208524355,34
bonemarrow,PRISM_opt0,5,0.3064412360295605,0.5607943469785575,1.860756212342328,45
bonemarrow,PRISM_opt0,6,0.3172707306625878,0.4564241486068112,2.187241401270634,39
bonemarrow,PRISM_opt0,7,0.3164885764438212,0.4134416924664602,2.246228988925106,35
bonemarrow,PRISM_opt0,8,0.3108029820448124,0.5607943469785575,1.860756212342328,45
bonemarrow,PRISM_opt0,9,0.3062573993552542,0.5559210526315789,1.8545064003380487,45
bonemarrow,MALLET_opt0,0,0.3150324231513485,0.4811935140882509,2.2709871190212985,35
bonemarrow,MALLET_opt0,1,0.3120950910414323,0.4200206398348813,2.5542888713392458,28
bonemarrow,MALLET_opt0,2,0.3132932055328803,0.4134416924664602,2.245082965943963,35
bonemarrow,MALLET_opt0,3,0.3114387194607813,0.4351135190918472,2.192916669148919,34
bonemarrow,MALLET_opt0,4,0.3147593419566112,0.4737358101135191,2.096368847062142,41
bonemarrow,MALLET_opt0,5,0.3180538229925586,0.4175352597179222,2.24787964640966,35
bonemarrow,MALLET_opt0,6,0.3199438191094367,0.5341739766081871,2.3370744013460403,36
bonemarrow,MALLET_opt0,7,0.3153098574363067,0.4524122807017544,2.161779887980261,38
bonemarrow,MALLET_opt0,8,0.3144476266003296,0.4064241486068111,2.0639124033320653,34
bonemarrow,MALLET_opt0,9,0.3271671041407261,0.4558339783281734,2.073797995256074,49
bonemarrow,MALLET_opt10,0,0.2780597680434095,0.5062865497076023,1.9348091223158423,48
bonemarrow,MALLET_opt10,1,0.2873000720101801,0.58062435500516,1.9331524260345656,66
bonemarrow,MALLET_opt10,2,0.2628182086197697,0.4093874391862007,2.041253944025464,39
bonemarrow,MALLET_opt10,3,0.2744871726754726,0.5194444444444444,1.8983839020031,114
bonemarrow,MALLET_opt10,4,0.2608325588775394,0.4093874391862008,2.0417851927542108,39
bonemarrow,MALLET_opt10,5,0.2650514645430853,0.4093874391862007,2.040695594161649,39
bonemarrow,MALLET_opt10,6,0.2642898407961243,0.4489766081871345,1.9516857965455752,45
bonemarrow,MALLET_opt10,7,0.2599695657685524,0.4093874391862007,2.0379049939126994,39
bonemarrow,MALLET_opt10,8,0.2629972091830211,0.4093874391862007,2.041491253738056,39
bonemarrow,MALLET_opt10,9,0.2688825722914855,0.4061194653299916,2.041593929163356,39
bonemarrow,NMF,0,0.2816614995007627,0.5081633193088302,2.1421948183839574,41
bonemarrow,NMF,1,0.2816614995007627,0.5081633193088302,2.1421948183839574,41
bonemarrow,NMF,2,0.2816614995007627,0.5081633193088302,2.1421948183839574,41
bonemarrow,NMF,3,0.2816614995007627,0.5081633193088302,2.1421948183839574,41
bonemarrow,NMF,4,0.2816614995007627,0.5081633193088302,2.1421948183839574,41
bonemarrow,NMF,5,0.2816614995007627,0.5081633193088302,2.1421948183839574,41
bonemarrow,NMF,6,0.2816614995007627,0.5081633193088302,2.1421948183839574,41
bonemarrow,NMF,7,0.2816614995007627,0.5081633193088302,2.1421948183839574,41
bonemarrow,NMF,8,0.2816614995007627,0.5081633193088302,2.1421948183839574,41
bonemarrow,NMF,9,0.2816614995007627,0.5081633193088302,2.1421948183839574,41
bonemarrow,cNMF,0,0.3202208925738491,0.4568843984962406,2.0386204817013684,34
bonemarrow,cNMF,1,0.3202208925738491,0.4568843984962406,2.0386204817013684,34
bonemarrow,cNMF,2,0.2958326340990196,0.4297946152145069,1.7441591258684888,26
bonemarrow,cNMF,3,0.2958326340990196,0.4297946152145069,1.7441591258684888,26
bonemarrow,cNMF,4,0.2958326340990196,0.4297946152145069,1.7441591258684888,26
bonemarrow,cNMF,5,0.2958326340990196,0.4297946152145069,1.7441591258684888,26
bonemarrow,cNMF,6,0.2958326340990196,0.4297946152145069,1.7441591258684888,26
bonemarrow,cNMF,7,0.2958326340990196,0.4297946152145069,1.7441591258684888,26
bonemarrow,cNMF,8,0.2958326340990196,0.4297946152145069,1.7441591258684888,26
bonemarrow,cNMF,9,0.2958326340990196,0.4297946152145069,1.7441591258684888,26
bonemarrow,scHPF,0,0.301483164446812,0.4842105263157895,1.9643842505782927,47
bonemarrow,scHPF,1,0.2867759855705862,0.3976647501105705,1.954271099798262,40
bonemarrow,scHPF,2,0.2903953307700879,0.668859649122807,1.8109260729263863,75
bonemarrow,scHPF,3,0.289340559020008,0.3919504643962848,1.9487939397003355,40
bonemarrow,scHPF,4,0.3134452320408236,0.432362155388471,1.95927440828768,40
bonemarrow,scHPF,5,0.2898867240253068,0.4855263157894736,1.9850697385064624,34
bonemarrow,scHPF,6,0.2920844249411073,0.4616353383458646,1.9078859540760773,44
bonemarrow,scHPF,7,0.2835889563256114,0.3934210526315789,1.9413758205062308,40
bonemarrow,scHPF,8,0.3128794844883814,0.585863697705803,2.039711230909235,42
bonemarrow,scHPF,9,0.2984412919188018,0.6095846233230134,1.951228217732168,40
bonemarrow,ProdLDA,0,0.0273982222864684,0.6468253968253969,1.371006078094054,95
bonemarrow,ProdLDA,1,0.0201779238646517,0.7619047619047619,1.6982340802400344,134
bonemarrow,ProdLDA,2,0.0164692230648908,0.7569444444444444,1.3950721278750238,172
bonemarrow,ProdLDA,3,0.0201615535655005,0.7053571428571429,1.404814560898565,106
bonemarrow,ProdLDA,4,0.0185374285967576,0.8571428571428571,1.4037262941766775,43
bonemarrow,ProdLDA,5,0.0162820519127172,0.6979166666666666,1.374379507543697,172
bonemarrow,ProdLDA,6,0.014038626113795,0.7202380952380952,1.3934640109788916,77
bonemarrow,ProdLDA,7,0.0291388311785745,0.6160714285714286,1.454715230209691,130
bonemarrow,ProdLDA,8,0.0162078952931183,0.8009259259259259,1.3374074456832112,95
bonemarrow,ProdLDA,9,0.0332527210831474,0.6455026455026456,1.8334299139168493,80
breast_cancer,PRISM_opt10,0,0.2672730576225238,,,0
breast_cancer,PRISM_opt10,1,0.2687910367780449,,,0
breast_cancer,PRISM_opt10,2,0.2680866790544048,,,0
breast_cancer,PRISM_opt10,3,0.2667303787720471,,,0
breast_cancer,PRISM_opt10,4,0.2680903671267506,,,0
breast_cancer,PRISM_opt10,5,0.2670835917642753,,,0
breast_cancer,PRISM_opt10,6,0.2647186020228262,,,0
breast_cancer,PRISM_opt10,7,0.266215872647255,,,0
breast_cancer,PRISM_opt10,8,0.2680903671267506,,,0
breast_cancer,PRISM_opt10,9,0.2688027855851772,,,0
pbmc3k,PRISM_opt10,0,0.3277022539500839,0.9541666666666668,7.1270022640365,262
pbmc3k,PRISM_opt10,1,0.3277022539500839,0.9541666666666668,7.1270022640365,262
pbmc3k,PRISM_opt10,2,0.3248900154870778,0.9541666666666668,6.5328905473078605,298
pbmc3k,PRISM_opt10,3,0.3225136712842482,0.9541666666666666,6.944595409615926,263
pbmc3k,PRISM_opt10,4,0.3277022539500839,0.9541666666666668,7.1270022640364985,262
pbmc3k,PRISM_opt10,5,0.3277022539500838,0.9541666666666666,7.1270022640365,262
pbmc3k,PRISM_opt10,6,0.3277022539500839,0.9541666666666666,7.1270022640365,262
pbmc3k,PRISM_opt10,7,0.3277022539500839,0.9541666666666666,7.1270022640365,262
pbmc3k,PRISM_opt10,8,0.3218217573350317,0.9541666666666668,6.360164538776956,319
pbmc3k,PRISM_opt10,9,0.3181277029658141,0.9555555555555556,6.26837420968468,289
zeisel_brain,PRISM_opt10,0,0.4788786233617995,0.6592156862745098,1.881445376278411,81
zeisel_brain,PRISM_opt10,1,0.4837062529231411,0.6306076276664513,1.8922547910192784,78
zeisel_brain,PRISM_opt10,2,0.4892965068821678,0.6038239538239538,1.9309695614070093,83
zeisel_brain,PRISM_opt10,3,0.5478281248031772,0.7468253968253968,1.9093309087703687,116
zeisel_brain,PRISM_opt10,4,0.5479374747649794,0.7363492063492064,1.908360408211488,116
zeisel_brain,PRISM_opt10,5,0.4788786233617995,0.6592156862745098,1.8814453762784105,81
zeisel_brain,PRISM_opt10,6,0.4862933738037254,0.6942577030812325,1.8498286316724355,95
zeisel_brain,PRISM_opt10,7,0.4788786233617996,0.6592156862745099,1.881445376278411,81
zeisel_brain,PRISM_opt10,8,0.5487827038403642,0.7225490196078431,1.907147411079011,106
zeisel_brain,PRISM_opt10,9,0.4837062529231411,0.6306076276664512,1.892254791019278,78
hemogenic_endothelium,PRISM_opt10,0,0.6562700313314819,0.9741666666666668,7.831681859227683,214
hemogenic_endothelium,PRISM_opt10,1,0.6544577700998078,0.9741666666666668,7.692634593010484,213
hemogenic_endothelium,PRISM_opt10,2,0.6532749333342797,0.9741666666666668,7.831681859227683,214
hemogenic_endothelium,PRISM_opt10,3,0.6566172669819595,0.9741666666666668,7.470048290305456,227
hemogenic_endothelium,PRISM_opt10,4,0.6562700313314819,0.9741666666666668,7.831681859227683,214
hemogenic_endothelium,PRISM_opt10,5,0.6562700313314818,0.9741666666666668,7.831681859227683,214
hemogenic_endothelium,PRISM_opt10,6,0.6562700313314819,0.9741666666666668,7.831681859227683,214
hemogenic_endothelium,PRISM_opt10,7,0.6574546877784864,0.975,7.883859363375022,213
hemogenic_endothelium,PRISM_opt10,8,0.6562700313314819,0.9741666666666668,7.831681859227683,214
hemogenic_endothelium,PRISM_opt10,9,0.6532749333342798,0.9741666666666668,7.831681859227683,214
pancreas,PRISM_opt10,0,0.3510785194455115,0.7047815617475061,5.11731951829736,136
pancreas,PRISM_opt10,1,0.3374121591627559,0.7962848297213622,4.970877327484973,153
pancreas,PRISM_opt10,2,0.2663355256479606,0.7841417268661851,3.84634614292546,149
pancreas,PRISM_opt10,3,0.261160012187657,0.7151702786377708,4.319752314809907,121
pancreas,PRISM_opt10,4,0.2696527885451747,0.7953216374269007,4.024490823620214,161
pancreas,PRISM_opt10,5,0.3460545869408591,0.7176470588235293,4.78975510415272,140
pancreas,PRISM_opt10,6,0.3490449678108874,0.7857585139318886,4.829542202224952,147
pancreas,PRISM_opt10,7,0.3363896382625221,0.7426900584795322,4.970663680532375,147
pancreas,PRISM_opt10,8,0.3490449678108874,0.7857585139318886,4.829542202224952,147
pancreas,PRISM_opt10,9,0.3493372458028866,0.7532163742690059,5.088117533672252,171
gastrulation,PRISM_opt10,0,0.4117759665284881,0.828257810301154,3.543196392329224,293
gastrulation,PRISM_opt10,1,0.4150413136127595,0.7421896988460456,3.1400769570847844,218
gastrulation,PRISM_opt10,2,0.411775966528488,0.828257810301154,3.543196392329224,293
gastrulation,PRISM_opt10,3,0.4150496763423894,0.7436602870813397,3.1418117145317668,218
gastrulation,PRISM_opt10,4,0.4150496763423894,0.7436602870813397,3.1418117145317668,218
gastrulation,PRISM_opt10,5,0.4150496763423893,0.7436602870813397,3.1418117145317668,218
gastrulation,PRISM_opt10,6,0.375153448207994,0.83062435500516,3.005340326138269,179
gastrulation,PRISM_opt10,7,0.4150413136127595,0.7421896988460456,3.140076957084784,218
gastrulation,PRISM_opt10,8,0.4117759665284881,0.828257810301154,3.543196392329224,293
gastrulation,PRISM_opt10,9,0.4093670316623668,0.8983253588516746,3.6122644046162247,211
gastrulation_e75,PRISM_opt10,0,0.6478927986524249,0.8866666666666665,5.31915802719319,457
gastrulation_e75,PRISM_opt10,1,0.6601019360663274,0.8784210526315789,5.807024121161113,371
gastrulation_e75,PRISM_opt10,2,0.6601019360663274,0.8784210526315789,5.807024121161114,371
gastrulation_e75,PRISM_opt10,3,0.6489324770372742,0.8866666666666667,5.461884297116372,458
gastrulation_e75,PRISM_opt10,4,0.6500798015480558,0.8866666666666667,5.431173450732706,486
gastrulation_e75,PRISM_opt10,5,0.6489324770372743,0.8866666666666667,5.461884297116372,458
gastrulation_e75,PRISM_opt10,6,0.6490401231632063,0.8866666666666667,5.288447180809525,485
gastrulation_e75,PRISM_opt10,7,0.6601019360663274,0.8784210526315789,5.807024121161113,371
gastrulation_e75,PRISM_opt10,8,0.6601019360663274,0.8784210526315789,5.807024121161114,371
gastrulation_e75,PRISM_opt10,9,0.6490401231632063,0.8866666666666667,5.288447180809524,485
gastrulation_erythroid,PRISM_opt10,0,0.4119001835377502,0.828235294117647,1.8525378000179749,448
gastrulation_erythroid,PRISM_opt10,1,0.4018182990405438,0.8549450549450551,1.7808680554539056,528
gastrulation_erythroid,PRISM_opt10,2,0.4018182990405437,0.8549450549450549,1.7808680554539051,528
gastrulation_erythroid,PRISM_opt10,3,0.4018182990405437,0.8549450549450549,1.7808680554539051,528
gastrulation_erythroid,PRISM_opt10,4,0.4018182990405437,0.8549450549450549,1.7808680554539051,528
gastrulation_erythroid,PRISM_opt10,5,0.3975400502040475,0.819047619047619,1.7339556237839129,452
gastrulation_erythroid,PRISM_opt10,6,0.4224355518637511,0.8401069518716578,1.8085387156726724,488
gastrulation_erythroid,PRISM_opt10,7,0.4224355518637511,0.8401069518716577,1.808538715672672,488
gastrulation_erythroid,PRISM_opt10,8,0.4045021222925348,0.8406593406593407,1.7790993475017522,525
gastrulation_erythroid,PRISM_opt10,9,0.4146922464393089,0.8400000000000001,1.8883894269005967,469
bonemarrow,PRISM_opt10,0,0.2629994224122772,0.3610541058528674,2.148659581080776,35
bonemarrow,PRISM_opt10,1,0.2810201266937524,0.5708333333333334,1.7612422652272677,71
bonemarrow,PRISM_opt10,2,0.2645948923338752,0.3592997198879552,2.144861937088205,28
bonemarrow,PRISM_opt10,3,0.2696892279191298,0.4760541058528674,1.944521128794924,48
bonemarrow,PRISM_opt10,4,0.2696892279191298,0.4760541058528674,1.944521128794924,48
bonemarrow,PRISM_opt10,5,0.2899712140235645,0.572580111666799,2.015962306527435,62
bonemarrow,PRISM_opt10,6,0.2715551495647552,0.4716339869281046,1.8917718587677008,61
bonemarrow,PRISM_opt10,7,0.2632373887580967,0.4360541058528674,1.9868652945230167,45
bonemarrow,PRISM_opt10,8,0.2925206651728401,0.5188484030589293,1.9202892787418409,65
bonemarrow,PRISM_opt10,9,0.2936049475117425,0.5652271704903284,2.015854300533185,61
paul15,PRISM_opt0,0,0.5759473625849761,0.6602801120448178,2.245551816429617,69
paul15,PRISM_opt0,1,0.5567745111373571,0.7447281639928699,3.189864896913714,76
paul15,PRISM_opt0,2,0.5917105346663782,0.6149666509960626,2.358380236197978,68
paul15,PRISM_opt0,3,0.5692636283194031,0.6099837662337663,3.167972805855522,50
paul15,PRISM_opt0,4,0.5794781562409155,0.7221161191749426,2.4028398597542857,69
paul15,PRISM_opt0,5,0.5903084748581569,0.6534281894576012,2.434540824183909,81
paul15,PRISM_opt0,6,0.5800207775898991,0.6878991596638654,2.332499545280144,74
paul15,PRISM_opt0,7,0.5770613988214005,0.6922058823529411,2.2293339853742413,79
paul15,PRISM_opt0,8,0.5707993075634491,0.5169047619047619,2.87989370663731,46
paul15,PRISM_opt0,9,0.5815362062215689,0.7148944193061839,2.241298819472247,61
paul15,PRISM_opt10,0,0.6412654156843663,0.7071678321678323,3.142396333783115,79
paul15,PRISM_opt10,1,0.6305924607299439,0.7368686868686869,2.4300580215676617,108
paul15,PRISM_opt10,2,0.6361352223638519,0.7064102564102563,3.2544296846131564,73
paul15,PRISM_opt10,3,0.6360843820589008,0.7196969696969697,2.98791292165589,104
paul15,PRISM_opt10,4,0.6359367629231576,0.7508424908424909,2.9298542462327446,107
paul15,PRISM_opt10,5,0.6421377237212903,0.7230769230769232,3.143541233184304,79
paul15,PRISM_opt10,6,0.6348984272207885,0.726201923076923,3.152113732789312,80
paul15,PRISM_opt10,7,0.642662331184388,0.7230769230769232,2.8947192710915743,79
paul15,PRISM_opt10,8,0.6360843820589008,0.7196969696969697,2.98791292165589,104
paul15,PRISM_opt10,9,0.6421377237212905,0.7230769230769232,3.143541233184304,79
paul15,MALLET_opt0,0,0.5894750516284268,0.5554621848739496,2.6412797443376963,41
paul15,MALLET_opt0,1,0.587141385746469,0.6912878787878788,2.7137938465905407,43
paul15,MALLET_opt0,2,0.5810693774037765,0.5942296918767507,2.3320590807361805,53
paul15,MALLET_opt0,3,0.5858441487397776,0.6215686274509804,2.610150619170255,38
paul15,MALLET_opt0,4,0.5873876364234942,0.6516424751718869,2.4651183926809948,66
paul15,MALLET_opt0,5,0.586233524760326,0.5803512663806781,2.466988901581233,59
paul15,MALLET_opt0,6,0.5842529012779405,0.6125811688311689,2.354991735006953,50
paul15,MALLET_opt0,7,0.5960667509221582,0.6412362637362637,2.6093584517535247,77
paul15,MALLET_opt0,8,0.5869239570046498,0.7425534759358289,2.308324740348078,104
paul15,MALLET_opt0,9,0.5948641110075189,0.5654316271963331,2.721779991577986,42
paul15,MALLET_opt10,0,0.6299693447466199,0.7671266233766233,2.9431780431319416,86
paul15,MALLET_opt10,1,0.6271531735012548,0.6976461038961038,2.903926456784552,80
paul15,MALLET_opt10,2,0.6282859289353195,0.7512175324675324,2.9423826284353947,86
paul15,MALLET_opt10,3,0.6349288384508498,0.6943837412587412,2.899454615908656,79
paul15,MALLET_opt10,4,0.6303965180293009,0.7180194805194806,3.215085277232112,74
paul15,MALLET_opt10,5,0.6213866823916108,0.7492694805194805,3.1587407122583606,77
paul15,MALLET_opt10,6,0.6217376819722771,0.7484702797202797,2.6613588319799955,78
paul15,MALLET_opt10,7,0.6345507266469619,0.7102928321678321,2.902146871295394,80
paul15,MALLET_opt10,8,0.6348123440472022,0.726201923076923,3.152113732789312,80
paul15,MALLET_opt10,9,0.620406020436356,0.7484702797202797,2.7672881388868977,82
paul15,NMF,0,0.5118059030322423,0.5789215686274509,2.5614461287863084,65
paul15,NMF,1,0.5118059030322423,0.5789215686274509,2.5614461287863084,65
paul15,NMF,2,0.5118059030322423,0.5789215686274509,2.5614461287863084,65
paul15,NMF,3,0.5118059030322423,0.5789215686274509,2.5614461287863084,65
paul15,NMF,4,0.5118059030322423,0.5789215686274509,2.5614461287863084,65
paul15,NMF,5,0.5118059030322423,0.5789215686274509,2.5614461287863084,65
paul15,NMF,6,0.5118059030322423,0.5789215686274509,2.5614461287863084,65
paul15,NMF,7,0.5118059030322423,0.5789215686274509,2.5614461287863084,65
paul15,NMF,8,0.5118059030322423,0.5789215686274509,2.5614461287863084,65
paul15,NMF,9,0.5118059030322423,0.5789215686274509,2.5614461287863084,65
paul15,cNMF,0,0.3939128940710483,0.5670955882352942,1.9572328103467425,34
paul15,cNMF,1,0.3939128940710483,0.5670955882352942,1.9572328103467425,34
paul15,cNMF,2,0.3939128940710483,0.5670955882352942,1.9572328103467425,34
paul15,cNMF,3,0.3939128940710483,0.5670955882352942,1.9572328103467425,34
paul15,cNMF,4,0.3939128940710483,0.5670955882352942,1.9572328103467425,34
paul15,cNMF,5,0.3939128940710483,0.5670955882352942,1.9572328103467425,34
paul15,cNMF,6,0.3939128940710483,0.5670955882352942,1.9572328103467425,34
paul15,cNMF,7,0.3939128940710483,0.5670955882352942,1.9572328103467425,34
paul15,cNMF,8,0.3939128940710483,0.5670955882352942,1.9572328103467425,34
paul15,cNMF,9,0.3939128940710483,0.5670955882352942,1.9572328103467425,34
paul15,scHPF,0,0.5720888363376497,0.6958974358974359,2.707740533197441,87
paul15,scHPF,1,0.593687501860998,0.80625,2.863027344692998,96
paul15,scHPF,2,0.6074179822812372,0.7458333333333333,2.776103829619619,97
paul15,scHPF,3,0.5819986150145902,0.651336898395722,2.731867603389339,67
paul15,scHPF,4,0.5883043712894928,0.6835606060606061,2.422724624741517,96
paul15,scHPF,5,0.5670259842882395,0.6874242424242424,2.2973630161503213,102
paul15,scHPF,6,0.6274244214123411,0.709090909090909,2.756482291282341,78
paul15,scHPF,7,0.5760357949853683,0.7458789576436635,2.695389904452461,105
paul15,scHPF,8,0.5797180722547748,0.6627005347593583,2.7185001490660268,67
paul15,scHPF,9,0.5929123913093977,0.6922222222222223,2.633140147219584,99
paul15,ProdLDA,0,0.4249361364630959,0.7238095238095238,1.4124098591424907,100
paul15,ProdLDA,1,0.2991741143709552,0.8888888888888888,1.4524035521290757,168
paul15,ProdLDA,2,0.2934216681024927,0.9583333333333334,1.437643893175769,234
paul15,ProdLDA,3,0.4005888097386673,0.9583333333333334,1.5898158947927306,124
paul15,ProdLDA,4,0.4163179775579804,0.8333333333333333,1.4993146607801835,69
paul15,ProdLDA,5,0.4353019102544323,0.7043650793650794,1.443845215998343,103
paul15,ProdLDA,6,0.2634428187425334,0.6347222222222222,1.3630148506600532,100
paul15,ProdLDA,7,0.2765933288363044,0.8785714285714286,1.903952526449578,107
paul15,ProdLDA,8,0.4185763293709009,0.7,1.4215301058033163,74
paul15,ProdLDA,9,0.2638049282861546,0.5611111111111111,1.5644884711104343,29
dentategyrus,PRISM_opt0,0,0.3532764134756404,0.7653641456582634,3.995901348276882,111
dentategyrus,PRISM_opt0,1,0.3652695989369264,0.6003205128205129,3.451816065671417,107
dentategyrus,PRISM_opt0,2,0.3623420294110843,0.6918121094591683,3.841514078858302,116
dentategyrus,PRISM_opt0,3,0.3629802576012893,0.6852187028657617,3.839148603157574,115
dentategyrus,PRISM_opt0,4,0.3642903677436909,0.7967679379444085,4.088116666630232,111
dentategyrus,PRISM_opt0,5,0.3533877594297057,0.6777553329023916,3.580411015087564,115
dentategyrus,PRISM_opt0,6,0.3466123704487381,0.6590648567119155,3.216277529650019,103
dentategyrus,PRISM_opt0,7,0.3642840677143324,0.8406162464985995,3.711132312333549,127
dentategyrus,PRISM_opt0,8,0.3682365263497554,0.6405982905982907,2.839977174485945,218
dentategyrus,PRISM_opt0,9,0.364072179058928,0.738655462184874,3.559997746853621,120
dentategyrus,PRISM_opt10,0,0.3431123852157374,0.6909340659340659,3.913727924114856,104
dentategyrus,PRISM_opt10,1,0.3747263799270642,0.8192056309703368,3.344451199696146,150
dentategyrus,PRISM_opt10,2,0.341424348890268,0.728434065934066,3.33265157237692,127
dentategyrus,PRISM_opt10,3,0.3405700360143987,0.6909340659340659,3.911576196952864,105
dentategyrus,PRISM_opt10,4,0.3487264982323214,0.7154788838612368,3.869974597770832,107
dentategyrus,PRISM_opt10,5,0.341424348890268,0.728434065934066,3.3326515723769203,127
dentategyrus,PRISM_opt10,6,0.3335352544324969,0.7632211538461539,3.811382131779737,94
dentategyrus,PRISM_opt10,7,0.3411963678655452,0.7459760827407886,3.1205652771589225,130
dentategyrus,PRISM_opt10,8,0.3767494920973274,0.7994658119658119,3.214721102969161,150
dentategyrus,PRISM_opt10,9,0.3461841490309827,0.7154788838612368,3.86782287060884,108
dentategyrus,MALLET_opt0,0,0.3429729311112672,0.6164915966386555,3.478719728122724,97
dentategyrus,MALLET_opt0,1,0.3803470976822415,0.66355580693816,3.135450356312528,200
dentategyrus,MALLET_opt0,2,0.346629813583286,0.6164915966386555,3.717261800020881,97
dentategyrus,MALLET_opt0,3,0.3464247534104991,0.7147511312217195,3.6229050749931,113
dentategyrus,MALLET_opt0,4,0.3642903677436909,0.7967679379444086,4.088116666630232,111
dentategyrus,MALLET_opt0,5,0.3556521011692881,0.7692469295410471,3.994237602832,110
dentategyrus,MALLET_opt0,6,0.364174339771365,0.6192460317460318,2.7658154699775297,199
dentategyrus,MALLET_opt0,7,0.3438834761900717,0.6912217194570136,3.483892415465088,111
dentategyrus,MALLET_opt0,8,0.3756631139070715,0.6153654970760234,3.3825346890707686,123
dentategyrus,MALLET_opt0,9,0.3628565563263782,0.7815126050420168,3.603869011455621,119
dentategyrus,MALLET_opt10,0,0.3373859557173776,0.7700892857142857,3.810999157173683,98
dentategyrus,MALLET_opt10,1,0.3776745395915459,0.7156422825540473,4.186207707524964,111
dentategyrus,MALLET_opt10,2,0.3325515289361846,0.7632211538461539,3.814071790732227,93
dentategyrus,MALLET_opt10,3,0.3281728794137877,0.6339102564102564,3.423798865872668,94
dentategyrus,MALLET_opt10,4,0.3487264982323213,0.7154788838612369,3.869974597770832,107
dentategyrus,MALLET_opt10,5,0.3349543861812984,0.7159340659340659,3.310953238562072,127
dentategyrus,MALLET_opt10,6,0.3795006331611327,0.786965811965812,3.169522023838022,154
dentategyrus,MALLET_opt10,7,0.3290271922896571,0.6714102564102564,2.8448742412967247,116
dentategyrus,MALLET_opt10,8,0.3755208612359694,0.7156422825540473,4.196250559058712,112
dentategyrus,MALLET_opt10,9,0.3461841490309827,0.7154788838612368,3.86782287060884,108
dentategyrus,NMF,0,0.3732269195635444,0.8261437908496732,5.408065471384754,121
dentategyrus,NMF,1,0.3732269195635444,0.8261437908496732,5.408065471384754,121
dentategyrus,NMF,2,0.3732269195635444,0.8261437908496732,5.408065471384754,121
dentategyrus,NMF,3,0.3732269195635444,0.8261437908496732,5.408065471384754,121
dentategyrus,NMF,4,0.3732269195635444,0.8261437908496732,5.408065471384754,121
dentategyrus,NMF,5,0.3732269195635444,0.8261437908496732,5.408065471384754,121
dentategyrus,NMF,6,0.3732269195635444,0.8261437908496732,5.408065471384754,121
dentategyrus,NMF,7,0.3732269195635444,0.8261437908496732,5.408065471384754,121
dentategyrus,NMF,8,0.3732269195635444,0.8261437908496732,5.408065471384754,121
dentategyrus,NMF,9,0.3732269195635444,0.8261437908496732,5.408065471384754,121
dentategyrus,cNMF,0,0.4237461704446691,0.6773897058823529,1.66882545738959,101
dentategyrus,cNMF,1,0.4230715014759025,0.6452614379084967,1.782142039200497,115
dentategyrus,cNMF,2,0.4237461704446691,0.6773897058823529,1.66882545738959,101
dentategyrus,cNMF,3,0.4237461704446691,0.6773897058823529,1.66882545738959,101
dentategyrus,cNMF,4,0.4237461704446691,0.6773897058823529,1.66882545738959,101
dentategyrus,cNMF,5,0.4237461704446691,0.6773897058823529,1.66882545738959,101
dentategyrus,cNMF,6,0.4237461704446691,0.6773897058823529,1.66882545738959,101
dentategyrus,cNMF,7,0.4237461704446691,0.6773897058823529,1.66882545738959,101
dentategyrus,cNMF,8,0.4801521268703438,0.7266339869281045,1.6303922362359606,245
dentategyrus,cNMF,9,0.4237461704446691,0.6773897058823529,1.66882545738959,101
dentategyrus,scHPF,0,0.3723706368055274,0.658371040723982,3.127454149300751,112
dentategyrus,scHPF,1,0.3303860395390535,0.7666666666666667,2.8724480037292563,124
dentategyrus,scHPF,2,0.3471143363988355,0.7294494720965309,3.1610901391759723,133
dentategyrus,scHPF,3,0.3421871223308795,0.6948646125116713,3.8203550595938993,106
dentategyrus,scHPF,4,0.3165499555236181,0.8225,3.3742324618123063,136
dentategyrus,scHPF,5,0.3298470006899836,0.7114102564102565,2.821008524722708,143
dentategyrus,scHPF,6,0.3787023853194552,0.7067506152258474,4.239880879373866,123
dentategyrus,scHPF,7,0.3236875226929973,0.7166666666666667,3.105843205724209,149
dentategyrus,scHPF,8,0.3477364650195497,0.7294494720965309,3.161090139175972,133
dentategyrus,scHPF,9,0.3132055886051958,0.8172222222222223,3.0701373789272672,160
dentategyrus,ProdLDA,0,0.2883482325395522,0.8777777777777779,1.7007538622701923,511
dentategyrus,ProdLDA,1,0.2267431826570896,0.8148148148148149,1.8759829870851208,196
dentategyrus,ProdLDA,2,0.2680821359665705,0.8555555555555555,1.5466125988826598,349
dentategyrus,ProdLDA,3,0.2648941370295186,0.775,1.7989122648479516,272
dentategyrus,ProdLDA,4,0.2859959341602372,0.6925925925925925,1.632291935072913,179
dentategyrus,ProdLDA,5,0.3163947512300508,0.6576388888888889,1.6871647494805144,155
dentategyrus,ProdLDA,6,0.271033374107803,0.7361111111111112,1.5765051211995875,137
dentategyrus,ProdLDA,7,0.2516935313442694,0.9131944444444444,1.4999426279745638,289
dentategyrus,ProdLDA,8,0.2400831607302786,0.925925925925926,1.6743612887389965,342
dentategyrus,ProdLDA,9,0.2147989292659451,0.7583333333333333,1.6693743020492076,251
pbmc68k,PRISM_opt0,0,0.0880072948880275,0.88328320802005,7.743012744012314,166
pbmc68k,PRISM_opt0,1,0.0891805531583983,0.951328320802005,8.269203562626567,164
pbmc68k,PRISM_opt0,2,0.089124947273982,0.8681851688043638,9.308118603934654,159
pbmc68k,PRISM_opt0,3,0.0877576657972339,0.9383252248267728,8.014590532583712,166
pbmc68k,PRISM_opt0,4,0.083025386456138,0.8979949874686717,7.572918351292962,162
pbmc68k,PRISM_opt0,5,0.090698174951062,0.8890314020344979,9.011098378042808,169
pbmc68k,PRISM_opt0,6,0.0859511494143466,0.9723809523809523,7.445450486876441,183
pbmc68k,PRISM_opt0,7,0.0866171580368942,0.7093885448916409,8.680900298015725,114
pbmc68k,PRISM_opt0,8,0.0878710680697978,0.8332832080200501,7.462995770576756,146
pbmc68k,PRISM_opt0,9,0.0920541198766778,0.9398938522777532,9.54553779781424,191
pbmc68k,PRISM_opt10,0,0.0823275793125329,0.8973856209150327,8.175227360744934,205
pbmc68k,PRISM_opt10,1,0.0948045277204336,0.9289473684210529,9.189846196430802,247
pbmc68k,PRISM_opt10,2,0.0828996900675947,0.9361988304093568,9.284883697278598,260
pbmc68k,PRISM_opt10,3,0.0950946647298017,0.9289473684210529,9.019039801672251,248
pbmc68k,PRISM_opt10,4,0.0857310387507729,0.8967320261437909,9.100224817176697,260
pbmc68k,PRISM_opt10,5,0.0848253844649038,0.9467251461988304,9.660010141376532,233
pbmc68k,PRISM_opt10,6,0.0909600917449085,0.934502923976608,9.490262583071631,248
pbmc68k,PRISM_opt10,7,0.0857896343685944,0.8967320261437909,8.875712571437386,263
pbmc68k,PRISM_opt10,8,0.0828425635474932,0.9,8.907417466881967,207
pbmc68k,PRISM_opt10,9,0.0851593892582301,0.9189473684210526,9.380573180929913,230
pbmc68k,MALLET_opt0,0,0.085335777535626,0.9188412206988058,8.593111704162848,194
pbmc68k,MALLET_opt0,1,0.0899214508026367,0.9011881135720146,8.953909203982294,173
pbmc68k,MALLET_opt0,2,0.095022529455168,0.9277989090372992,8.60596915203285,151
pbmc68k,MALLET_opt0,3,0.0856069557821009,0.845934065934066,7.661020460179932,151
pbmc68k,MALLET_opt0,4,0.0827040139971386,0.7979917837580376,8.244268294637859,114
pbmc68k,MALLET_opt0,5,0.0861234452361539,0.8800000000000001,7.770525022857308,151
pbmc68k,MALLET_opt0,6,0.0875979557656088,0.9094736842105264,7.811648959929843,159
pbmc68k,MALLET_opt0,7,0.0884192089469876,0.8703571428571429,7.833425551284018,157
pbmc68k,MALLET_opt0,8,0.089821523828709,0.9289910296102248,9.329942484845594,192
pbmc68k,MALLET_opt0,9,0.0928924036104107,0.8995448179271708,9.229868314430949,158
pbmc68k,MALLET_opt10,0,0.0828475722445153,0.9467251461988304,9.239840322532638,263
pbmc68k,MALLET_opt10,1,0.0857281735489327,0.9464705882352942,9.666403023053528,260
pbmc68k,MALLET_opt10,2,0.0915841710823798,0.9289473684210529,9.404489920825178,249
pbmc68k,MALLET_opt10,3,0.0892329915662337,0.9207774337805296,10.065345718543554,183
pbmc68k,MALLET_opt10,4,0.0928350920476801,0.9178362573099416,9.468102986854111,182
pbmc68k,MALLET_opt10,5,0.0854899880412659,0.8879600963192296,9.255078604710516,207
pbmc68k,MALLET_opt10,6,0.0929691376675712,0.9178362573099416,9.269991948857268,209
pbmc68k,MALLET_opt10,7,0.085025900034776,0.9333333333333332,9.528119025693154,194
pbmc68k,MALLET_opt10,8,0.0882880775657878,0.9075,9.339412397462567,233
pbmc68k,MALLET_opt10,9,0.0846713598476457,0.9361988304093568,9.418075876058277,233
pbmc68k,NMF,0,0.0766310817900001,0.920735294117647,6.795721037277668,302
pbmc68k,NMF,1,0.0820730160994338,0.9192251461988302,6.850118832952726,258
pbmc68k,NMF,2,0.0820730160994338,0.9192251461988302,6.850118832952726,258
pbmc68k,NMF,3,0.0820730160994338,0.9192251461988302,6.850118832952726,258
pbmc68k,NMF,4,0.0766310817900001,0.920735294117647,6.795721037277668,302
pbmc68k,NMF,5,0.0766310817900001,0.920735294117647,6.795721037277668,302
pbmc68k,NMF,6,0.0766310817900001,0.920735294117647,6.795721037277668,302
pbmc68k,NMF,7,0.0820730160994338,0.9192251461988302,6.850118832952726,258
pbmc68k,NMF,8,0.0820730160994338,0.9192251461988302,6.850118832952726,258
pbmc68k,NMF,9,0.0766310817900001,0.920735294117647,6.795721037277668,302
pbmc68k,cNMF,0,0.2086816019402366,0.8542593113800544,4.270834782212527,330
pbmc68k,cNMF,1,0.2086816019402366,0.8542593113800544,4.270834782212527,330
pbmc68k,cNMF,2,0.2086816019402366,0.8542593113800544,4.270834782212527,330
pbmc68k,cNMF,3,0.2086816019402366,0.8542593113800544,4.270834782212527,330
pbmc68k,cNMF,4,0.2086816019402366,0.8542593113800544,4.270834782212527,330
pbmc68k,cNMF,5,0.2086816019402366,0.8542593113800544,4.270834782212527,330
pbmc68k,cNMF,6,0.2086816019402366,0.8542593113800544,4.270834782212527,330
pbmc68k,cNMF,7,0.2086816019402366,0.8542593113800544,4.270834782212527,330
pbmc68k,cNMF,8,0.2086816019402366,0.8542593113800544,4.270834782212527,330
pbmc68k,cNMF,9,0.2086816019402366,0.8542593113800544,4.270834782212527,330
pbmc68k,scHPF,0,0.0860587394061533,0.9577777777777776,10.035391360049296,269
pbmc68k,scHPF,1,0.0868615799304454,0.9017543859649124,10.967658238851666,162
pbmc68k,scHPF,2,0.0915338261787462,0.9075,9.688418916166022,243
pbmc68k,scHPF,3,0.0725825372194842,0.947251461988304,7.672577796942354,246
pbmc68k,scHPF,4,0.0725386677425575,0.9244444444444444,8.050215105745533,247
pbmc68k,scHPF,5,0.0945178676587228,0.8356140350877194,8.410813057369486,218
pbmc68k,scHPF,6,0.0817158345841388,0.9460130718954248,8.634368238277668,273
pbmc68k,scHPF,7,0.0882308552981848,0.9336532507739936,8.812272421689608,283
pbmc68k,scHPF,8,0.0881225077300541,0.9511111111111112,8.292916209960632,238
pbmc68k,scHPF,9,0.079865544909737,0.9114998280013762,9.639762600588476,167
pbmc68k,ProdLDA,0,0.1298174397351896,0.875,5.775092563426234,228
pbmc68k,ProdLDA,1,0.1047887419692781,0.8666666666666666,3.591636524900937,156
pbmc68k,ProdLDA,2,0.1010353237685968,1.0,4.225564014742582,254
pbmc68k,ProdLDA,3,0.074514478151364,0.78,3.2428401024073743,294
pbmc68k,ProdLDA,4,0.0688813525249133,0.9296296296296296,6.1991826352917565,214
pbmc68k,ProdLDA,5,0.1319345401650623,0.96875,5.662159738380438,306
pbmc68k,ProdLDA,6,0.0962584165969354,0.7355555555555555,4.846135382903382,197
pbmc68k,ProdLDA,7,0.1177547137518915,1.0,3.4228609393892966,307
pbmc68k,ProdLDA,8,0.1186658514061233,0.8228571428571427,3.652853498865354,143
pbmc68k,ProdLDA,9,0.1284470577484975,1.0,5.283441606700194,389
endoderm_diff,PRISM_opt0,0,0.2355026613246946,0.4639376218323587,1.5616983268729248,36
endoderm_diff,PRISM_opt0,1,0.2492087967265828,0.4639376218323587,1.5616983268729248,36
endoderm_diff,PRISM_opt0,2,0.2562307875795164,0.6408668730650154,1.6412118937822473,83
endoderm_diff,PRISM_opt0,3,0.2438027846660458,0.4473684210526316,1.589026707486792,21
endoderm_diff,PRISM_opt0,4,0.2402435982018691,0.4473684210526316,1.589026707486792,21
endoderm_diff,PRISM_opt0,5,0.2505408655164922,0.4473684210526316,1.589026707486792,21
endoderm_diff,PRISM_opt0,6,0.2531618973762911,0.8157894736842105,1.783487567049843,166
endoderm_diff,PRISM_opt0,7,0.247014181660368,0.4639376218323587,1.5616983268729248,36
endoderm_diff,PRISM_opt0,8,0.247014181660368,0.4639376218323587,1.5616983268729248,36
endoderm_diff,PRISM_opt0,9,0.2499605609423627,0.7894736842105263,1.744110220209678,166
endoderm_diff,PRISM_opt10,0,0.196883816055591,0.4166666666666667,1.6910434389623223,20
endoderm_diff,PRISM_opt10,1,0.1978198548252161,0.5833333333333334,1.6337255353807614,32
endoderm_diff,PRISM_opt10,2,0.2060142032243954,0.4166666666666667,1.7168977093165605,20
endoderm_diff,PRISM_opt10,3,0.1977765744965005,0.6111111111111112,1.8446209401459408,15
endoderm_diff,PRISM_opt10,4,0.2026727162663063,0.6111111111111112,1.8446209401459408,15
endoderm_diff,PRISM_opt10,5,0.2022874521517394,0.4371345029239766,1.6564310254931898,25
endoderm_diff,PRISM_opt10,6,0.223141426777617,0.8055555555555556,1.7509062788693863,166
endoderm_diff,PRISM_opt10,7,0.1978198548252161,0.5833333333333334,1.6337255353807614,32
endoderm_diff,PRISM_opt10,8,0.2038911152128613,0.6111111111111112,1.8446209401459408,15
endoderm_diff,PRISM_opt10,9,0.2189821566938546,0.5555555555555556,1.7640955056795242,33
endoderm_diff,MALLET_opt0,0,0.2340578082671956,0.4083820662768031,1.6208528133371527,35
endoderm_diff,MALLET_opt0,1,0.2499627634352675,0.4517543859649122,1.50540139934091,52
endoderm_diff,MALLET_opt0,2,0.2237128857177429,0.3908382066276803,1.733365723815354,36
endoderm_diff,MALLET_opt0,3,0.2372786940344303,0.547514619883041,1.5569057666599315,93
endoderm_diff,MALLET_opt0,4,0.2284652369263989,0.4393274853801169,1.4826125952607216,51
endoderm_diff,MALLET_opt0,5,0.2499605609423627,0.7894736842105263,1.744110220209678,166
endoderm_diff,MALLET_opt0,6,0.2534068039879735,0.4736842105263157,1.6294116999446195,21
endoderm_diff,MALLET_opt0,7,0.2550720636640085,0.4736842105263157,1.6294116999446195,21
endoderm_diff,MALLET_opt0,8,0.2523030564447776,0.8157894736842105,1.783487567049843,166
endoderm_diff,MALLET_opt0,9,0.2628913202393931,0.7046783625730995,1.6935497040018874,60
endoderm_diff,MALLET_opt10,0,0.1949929383073159,0.5423976608187134,1.7244251763725034,32
endoderm_diff,MALLET_opt10,1,0.1967523494759162,0.3830409356725146,1.754657326415498,27
endoderm_diff,MALLET_opt10,2,0.1828261724349492,0.5126705653021443,1.7629000466510725,42
endoderm_diff,MALLET_opt10,3,0.1839162605666489,0.4814814814814815,1.6863224686901654,68
endoderm_diff,MALLET_opt10,4,0.1990636575559189,0.4200779727095516,1.5466340667474174,44
endoderm_diff,MALLET_opt10,5,0.2186602747960103,0.5555555555555556,1.7640955056795242,33
endoderm_diff,MALLET_opt10,6,0.201935515741719,0.6111111111111112,1.8446209401459408,15
endoderm_diff,MALLET_opt10,7,0.1995121618177135,0.5833333333333334,1.6337255353807614,32
endoderm_diff,MALLET_opt10,8,0.2189821566938546,0.5555555555555556,1.7640955056795242,33
endoderm_diff,MALLET_opt10,9,0.2189821566938546,0.5555555555555556,1.7640955056795242,33
endoderm_diff,NMF,0,0.3187280919515631,0.6993464052287581,1.4391213418727578,140
endoderm_diff,NMF,1,0.3187280919515631,0.6993464052287581,1.4391213418727578,140
endoderm_diff,NMF,2,0.3187280919515631,0.6993464052287581,1.4391213418727578,140
endoderm_diff,NMF,3,0.3187280919515631,0.6993464052287581,1.4391213418727578,140
endoderm_diff,NMF,4,0.3187280919515631,0.6993464052287581,1.4391213418727578,140
endoderm_diff,NMF,5,0.3187280919515631,0.6993464052287581,1.4391213418727578,140
endoderm_diff,NMF,6,0.3187280919515631,0.6993464052287581,1.4391213418727578,140
endoderm_diff,NMF,7,0.3187280919515631,0.6993464052287581,1.4391213418727578,140
endoderm_diff,NMF,8,0.3187280919515631,0.6993464052287581,1.4391213418727578,140
endoderm_diff,NMF,9,0.3187280919515631,0.6993464052287581,1.4391213418727578,140
endoderm_diff,cNMF,0,0.6455186377128312,0.5416666666666666,1.557902869423932,55
endoderm_diff,cNMF,1,0.6455462411640046,0.5992647058823529,1.6405641929461736,52
endoderm_diff,cNMF,2,0.6407141691386842,0.5992647058823529,1.6405641929461736,52
endoderm_diff,cNMF,3,0.6407141691386842,0.5992647058823529,1.6405641929461736,52
endoderm_diff,cNMF,4,0.6407141691386842,0.5992647058823529,1.6405641929461736,52
endoderm_diff,cNMF,5,0.6407141691386842,0.5992647058823529,1.6405641929461736,52
endoderm_diff,cNMF,6,0.4714652745395866,0.6230576441102756,1.6178829001421118,125
endoderm_diff,cNMF,7,0.4714652745395866,0.6230576441102756,1.6178829001421118,125
endoderm_diff,cNMF,8,0.6407141691386842,0.5992647058823529,1.6405641929461736,52
endoderm_diff,cNMF,9,0.6407141691386842,0.5992647058823529,1.6405641929461736,52
endoderm_diff,scHPF,0,0.2203306085989417,0.5789473684210527,1.8310288228265243,15
endoderm_diff,scHPF,1,0.2178372749456437,0.4259259259259259,1.70605339266361,32
endoderm_diff,scHPF,2,0.2197385966168813,0.6423001949317739,1.6257374542973684,91
endoderm_diff,scHPF,3,0.2226080852005096,0.6842105263157894,1.6248299961525556,79
endoderm_diff,scHPF,4,0.2189579336239983,0.5650584795321638,1.506252807947997,63
endoderm_diff,scHPF,5,0.2189210702791698,0.4283625730994152,1.7146078678140215,21
endoderm_diff,scHPF,6,0.2126450569386976,0.3611111111111111,1.737337251038439,19
endoderm_diff,scHPF,7,0.2207913557431235,0.1949317738791423,1.739511020517843,11
endoderm_diff,scHPF,8,0.2158996719477496,0.4561403508771929,1.669438239177899,23
endoderm_diff,scHPF,9,0.2116786620073388,0.4809941520467836,1.8712854006996469,45
endoderm_diff,ProdLDA,0,0.3738659224395254,0.9377777777777776,1.5020513599411482,560
endoderm_diff,ProdLDA,1,0.3673594824572106,0.9333333333333332,1.4873984201365444,427
endoderm_diff,ProdLDA,2,0.4190058607625317,1.0,1.452880230493503,432
endoderm_diff,ProdLDA,3,0.3621081162859662,0.7837301587301587,1.3945506778245749,166
endoderm_diff,ProdLDA,4,0.3713249585465785,0.8361111111111111,1.4260284358201856,272
endoderm_diff,ProdLDA,5,0.402870754796126,0.9377777777777776,1.4594004462604455,434
endoderm_diff,ProdLDA,6,0.3518164533182336,0.8400000000000001,1.4400215105354757,277
endoderm_diff,ProdLDA,7,0.3280469345392924,0.9355555555555556,1.5117157661767495,314
endoderm_diff,ProdLDA,8,0.3445935773027656,1.0,1.4882154981231726,416
endoderm_diff,ProdLDA,9,0.3746649357681108,1.0,1.4599175593717668,508
ventral_neuron_diff,PRISM_opt0,0,0.1382946660333694,0.7771517027863777,1.6969852102760483,212
ventral_neuron_diff,PRISM_opt0,1,0.142183718207725,0.7653869969040248,1.7337343002841463,212
ventral_neuron_diff,PRISM_opt0,2,0.1353223413169169,0.730092879256966,1.8759221921292688,187
ventral_neuron_diff,PRISM_opt0,3,0.142183718207725,0.7653869969040248,1.7337343002841468,212
ventral_neuron_diff,PRISM_opt0,4,0.1391069969926877,0.7653869969040248,1.8138828077200848,190
ventral_neuron_diff,PRISM_opt0,5,0.1391069969926877,0.7653869969040248,1.8138828077200848,190
ventral_neuron_diff,PRISM_opt0,6,0.1391069969926877,0.7653869969040248,1.8138828077200848,190
ventral_neuron_diff,PRISM_opt0,7,0.1441000923297175,0.7771517027863777,1.7463444366023717,208
ventral_neuron_diff,PRISM_opt0,8,0.1441000923297175,0.7771517027863777,1.7463444366023717,208
ventral_neuron_diff,PRISM_opt0,9,0.1391069969926877,0.7653869969040248,1.8138828077200848,190
ventral_neuron_diff,PRISM_opt10,0,0.1279533317199164,0.7183281733746131,1.7048276430991811,185
ventral_neuron_diff,PRISM_opt10,1,0.1279533317199163,0.718328173374613,1.7048276430991811,185
ventral_neuron_diff,PRISM_opt10,2,0.1279533317199164,0.7183281733746131,1.7048276430991816,185
ventral_neuron_diff,PRISM_opt10,3,0.1261015349225145,0.7065634674922601,1.693772216982974,184
ventral_neuron_diff,PRISM_opt10,4,0.1261015349225145,0.7065634674922601,1.693772216982974,184
ventral_neuron_diff,PRISM_opt10,5,0.1279533317199164,0.7183281733746131,1.7048276430991816,185
ventral_neuron_diff,PRISM_opt10,6,0.1279533317199164,0.7183281733746131,1.7048276430991816,185
ventral_neuron_diff,PRISM_opt10,7,0.1279533317199164,0.718328173374613,1.7048276430991816,185
ventral_neuron_diff,PRISM_opt10,8,0.1250147006070268,0.7083281733746131,1.7004755716774451,162
ventral_neuron_diff,PRISM_opt10,9,0.1279533317199164,0.718328173374613,1.7048276430991811,185
ventral_neuron_diff,MALLET_opt0,0,0.1220195580593717,0.7739766081871345,1.708987092242793,234
ventral_neuron_diff,MALLET_opt0,1,0.138259918899159,0.7536222910216719,1.743856103449076,206
ventral_neuron_diff,MALLET_opt0,2,0.1337435590156284,0.7183281733746131,1.881843333082981,186
ventral_neuron_diff,MALLET_opt0,3,0.142183718207725,0.7653869969040248,1.7337343002841468,212
ventral_neuron_diff,MALLET_opt0,4,0.1391069969926877,0.7653869969040248,1.8138828077200848,190
ventral_neuron_diff,MALLET_opt0,5,0.1391069969926877,0.7653869969040248,1.8138828077200848,190
ventral_neuron_diff,MALLET_opt0,6,0.1441000923297175,0.7771517027863777,1.7463444366023717,208
ventral_neuron_diff,MALLET_opt0,7,0.1161214956398029,0.6822368421052631,1.5994718956510283,311
ventral_neuron_diff,MALLET_opt0,8,0.1261485560242617,0.6112693498452012,1.6762698792518662,180
ventral_neuron_diff,MALLET_opt0,9,0.1220195580593717,0.7739766081871345,1.708987092242793,234
ventral_neuron_diff,MALLET_opt10,0,0.1181432759270331,0.658421052631579,1.6501195095063168,213
ventral_neuron_diff,MALLET_opt10,1,0.1279533317199163,0.718328173374613,1.7048276430991811,185
ventral_neuron_diff,MALLET_opt10,2,0.1279533317199164,0.7183281733746131,1.7048276430991816,185
ventral_neuron_diff,MALLET_opt10,3,0.1279533317199164,0.7183281733746131,1.7048276430991816,185
ventral_neuron_diff,MALLET_opt10,4,0.1261015349225145,0.7065634674922601,1.693772216982974,184
ventral_neuron_diff,MALLET_opt10,5,0.1279533317199164,0.718328173374613,1.7048276430991811,185
ventral_neuron_diff,MALLET_opt10,6,0.1279533317199164,0.7183281733746131,1.7048276430991816,185
ventral_neuron_diff,MALLET_opt10,7,0.1279533317199163,0.7183281733746131,1.7048276430991816,185
ventral_neuron_diff,MALLET_opt10,8,0.1244595242529204,0.543374613003096,1.5396057017525226,143
ventral_neuron_diff,MALLET_opt10,9,0.1210819070399227,0.6684210526315789,1.6544715809280528,236
ventral_neuron_diff,NMF,0,0.1798364782153336,0.7294736842105264,1.5025315154645622,208
ventral_neuron_diff,NMF,1,0.1798364782153336,0.7294736842105264,1.5025315154645622,208
ventral_neuron_diff,NMF,2,0.1798364782153336,0.7294736842105264,1.5025315154645622,208
ventral_neuron_diff,NMF,3,0.1798364782153336,0.7294736842105264,1.5025315154645622,208
ventral_neuron_diff,NMF,4,0.1798364782153336,0.7294736842105264,1.5025315154645622,208
ventral_neuron_diff,NMF,5,0.1798364782153336,0.7294736842105264,1.5025315154645622,208
ventral_neuron_diff,NMF,6,0.1798364782153336,0.7294736842105264,1.5025315154645622,208
ventral_neuron_diff,NMF,7,0.1798364782153336,0.7294736842105264,1.5025315154645622,208
ventral_neuron_diff,NMF,8,0.1798364782153336,0.7294736842105264,1.5025315154645622,208
ventral_neuron_diff,NMF,9,0.1798364782153336,0.7294736842105264,1.5025315154645622,208
ventral_neuron_diff,cNMF,0,0.3996240923213084,0.9449019607843138,2.3173821646753927,477
ventral_neuron_diff,cNMF,1,0.3996240923213084,0.9449019607843138,2.3173821646753927,477
ventral_neuron_diff,cNMF,2,0.3996240923213084,0.9449019607843138,2.3173821646753927,477
ventral_neuron_diff,cNMF,3,0.3996240923213084,0.9449019607843138,2.3173821646753927,477
ventral_neuron_diff,cNMF,4,0.3996240923213084,0.9449019607843138,2.3173821646753927,477
ventral_neuron_diff,cNMF,5,0.3996240923213084,0.9449019607843138,2.3173821646753927,477
ventral_neuron_diff,cNMF,6,0.4025804108002332,0.9449019607843138,2.315847394884392,478
ventral_neuron_diff,cNMF,7,0.3987679535487547,0.9449019607843138,2.3173821646753927,477
ventral_neuron_diff,cNMF,8,0.3996240923213084,0.9449019607843138,2.3173821646753927,477
ventral_neuron_diff,cNMF,9,0.3996240923213084,0.9449019607843138,2.3173821646753927,477
ventral_neuron_diff,scHPF,0,0.1236551085011953,0.6695321637426901,1.4942859579789762,204
ventral_neuron_diff,scHPF,1,0.1261015349225145,0.7065634674922601,1.693772216982974,184
ventral_neuron_diff,scHPF,2,0.147793134391866,0.75,1.7891273542606274,176
ventral_neuron_diff,scHPF,3,0.1247253429110263,0.6966374269005848,1.7438781608925216,176
ventral_neuron_diff,scHPF,4,0.1283379069284889,0.6913312693498452,1.473737112398591,187
ventral_neuron_diff,scHPF,5,0.1205948809692533,0.6925077399380803,1.5021810577203245,195
ventral_neuron_diff,scHPF,6,0.1196959428109513,0.7657894736842106,1.5940763032222267,311
ventral_neuron_diff,scHPF,7,0.1231709076266612,0.7521929824561403,1.7073619815131242,233
ventral_neuron_diff,scHPF,8,0.1196327275711031,0.6695321637426901,1.648697639194187,214
ventral_neuron_diff,scHPF,9,0.1234094355840976,0.794078947368421,1.528731784476413,196
ventral_neuron_diff,ProdLDA,0,0.2622640552249852,0.96,1.5053176485653288,513
ventral_neuron_diff,ProdLDA,1,0.2028317090385575,0.975,1.518121475024247,371
ventral_neuron_diff,ProdLDA,2,0.2465649009747165,0.8300000000000001,1.410568752977242,302
ventral_neuron_diff,ProdLDA,3,0.2853127859992052,0.9527777777777778,1.4807766903793378,419
ventral_neuron_diff,ProdLDA,4,0.3243697212437716,0.9555555555555556,1.6511339112150196,495
ventral_neuron_diff,ProdLDA,5,0.2729534444952537,1.0,1.5048097717573987,588
ventral_neuron_diff,ProdLDA,6,0.342492153605724,0.9133333333333332,1.5628332556707378,574
ventral_neuron_diff,ProdLDA,7,0.242239452348867,0.9047619047619048,1.446944582766033,298
ventral_neuron_diff,ProdLDA,8,0.3078564237746953,0.95,1.4768457856616393,568
ventral_neuron_diff,ProdLDA,9,0.3292223323458983,1.0,1.495319595783479,501
mouse_hspc,PRISM_opt0,0,0.19936758013071115,0.5277777777777778,1.9093085830350816,71
mouse_hspc,PRISM_opt0,1,0.1958096527407339,0.5104901960784314,1.8561634167901655,245
mouse_hspc,PRISM_opt0,2,0.1975119793690104,0.5277777777777778,1.9085323622622206,71
mouse_hspc,PRISM_opt0,3,0.19580965274073386,0.5104901960784314,1.8561634167901655,245
mouse_hspc,PRISM_opt0,4,0.2157099499905888,0.5830882352941176,1.5029995129796556,217
mouse_hspc,PRISM_opt0,5,0.19569508414489548,0.6185897435897436,1.775062987872562,176
mouse_hspc,PRISM_opt0,6,0.20047694734856902,0.5193014705882353,1.6805463309870647,96
mouse_hspc,PRISM_opt0,7,0.19588307438831634,0.5186538461538461,2.3679155190423504,203
mouse_hspc,PRISM_opt0,8,0.1973288375255164,0.5326797385620915,1.9817261127457464,71
mouse_hspc,PRISM_opt0,9,0.1930941790243227,0.49727564102564104,1.856795471907628,187
mouse_hspc,PRISM_opt10,0,0.18447283894811367,0.5492424242424243,1.7321142163073429,76
mouse_hspc,PRISM_opt10,1,0.1852767364962829,0.5088235294117648,1.8444841688900202,241
mouse_hspc,PRISM_opt10,2,0.1860331829944223,0.6111111111111112,1.8406919257464818,73
mouse_hspc,PRISM_opt10,3,0.18879192444130205,0.5891544117647058,1.78274495587025,230
mouse_hspc,PRISM_opt10,4,0.21098620799688547,0.5789215686274509,1.493102791905915,217
mouse_hspc,PRISM_opt10,5,0.18691818047472378,0.5982226107226107,1.7305572940004967,105
mouse_hspc,PRISM_opt10,6,0.185545838620608,0.5197916666666667,1.6879807539304328,162
mouse_hspc,PRISM_opt10,7,0.18971110302991998,0.5785256410256411,1.7407916293607233,141
mouse_hspc,PRISM_opt10,8,0.18365873867678933,0.6111111111111112,1.8406919257464818,73
mouse_hspc,PRISM_opt10,9,0.18887500291050605,0.4951923076923077,1.8852012163181482,112
mouse_hspc,MALLET_opt0,0,0.1994266553374762,0.5326797385620915,1.9817261127457464,71
mouse_hspc,MALLET_opt0,1,0.19852128130505386,0.5610780885780886,2.3874473818648854,187
mouse_hspc,MALLET_opt0,2,0.19726976231875137,0.5277777777777778,1.9093085830350816,71
mouse_hspc,MALLET_opt0,3,0.1994582847131525,0.5193014705882353,1.6840024298699232,153
mouse_hspc,MALLET_opt0,4,0.20739441184599827,0.6547794117647059,2.158088800245548,189
mouse_hspc,MALLET_opt0,5,0.1954706982535263,0.6185897435897436,1.775062987872562,176
mouse_hspc,MALLET_opt0,6,0.19656062165901395,0.5326797385620915,1.9817261127457464,71
mouse_hspc,MALLET_opt0,7,0.21680986861026957,0.5778799019607843,1.953697535564808,174
mouse_hspc,MALLET_opt0,8,0.19457677956448438,0.6185897435897436,1.7801815488483663,179
mouse_hspc,MALLET_opt0,9,0.19309417902432272,0.49727564102564104,1.856795471907628,187
mouse_hspc,MALLET_opt10,0,0.18447283894811367,0.5492424242424243,1.7321142163073429,76
mouse_hspc,MALLET_opt10,1,0.1900497191278808,0.5900932400932402,1.8726271364680216,145
mouse_hspc,MALLET_opt10,2,0.1860014439865954,0.6111111111111112,1.8406919257464818,73
mouse_hspc,MALLET_opt10,3,0.18716959649606824,0.5197916666666667,1.6748014593871803,152
mouse_hspc,MALLET_opt10,4,0.18722151109707355,0.5526960784313726,2.159417026159329,172
mouse_hspc,MALLET_opt10,5,0.18918361690491486,0.6158119658119658,1.816815174922593,101
mouse_hspc,MALLET_opt10,6,0.184738689616693,0.6111111111111112,1.8406919257464818,73
mouse_hspc,MALLET_opt10,7,0.2157099499905888,0.5830882352941176,1.5029995129796556,217
mouse_hspc,MALLET_opt10,8,0.18918361690491484,0.6158119658119658,1.816815174922593,101
mouse_hspc,MALLET_opt10,9,0.18887500291050605,0.4951923076923077,1.8852012163181482,112
mouse_hspc,NMF,0,0.2331818926807369,0.30196078431372547,3.4561840618067428,6
mouse_hspc,NMF,1,0.2331818926807369,0.30196078431372547,3.4561840618067428,6
mouse_hspc,NMF,2,0.2331818926807369,0.30196078431372547,3.4561840618067428,6
mouse_hspc,NMF,3,0.2331818926807369,0.30196078431372547,3.4561840618067428,6
mouse_hspc,NMF,4,0.2331818926807369,0.30196078431372547,3.4561840618067428,6
mouse_hspc,NMF,5,0.2331818926807369,0.30196078431372547,3.4561840618067428,6
mouse_hspc,NMF,6,0.2331818926807369,0.30196078431372547,3.4561840618067428,6
mouse_hspc,NMF,7,0.2331818926807369,0.30196078431372547,3.4561840618067428,6
mouse_hspc,NMF,8,0.2331818926807369,0.30196078431372547,3.4561840618067428,6
mouse_hspc,NMF,9,0.2331818926807369,0.30196078431372547,3.4561840618067428,6
mouse_hspc,cNMF,0,0.37555902445487893,0.5913690476190476,2.01170233897715,47
mouse_hspc,cNMF,1,0.37444516802572236,0.5278273809523809,2.50105152236498,35
mouse_hspc,cNMF,2,0.37370529068949165,0.5444940476190476,2.5034838129841095,36
mouse_hspc,cNMF,3,0.37425346336136683,0.5444940476190476,2.5034838129841095,36
mouse_hspc,cNMF,4,0.37370529068949165,0.5444940476190476,2.5034838129841095,36
mouse_hspc,cNMF,5,0.37370529068949165,0.5444940476190476,2.5034838129841095,36
mouse_hspc,cNMF,6,0.37348168634737877,0.5278273809523809,2.50105152236498,35
mouse_hspc,cNMF,7,0.37555902445487893,0.5913690476190476,2.01170233897715,47
mouse_hspc,cNMF,8,0.37425346336136683,0.5444940476190476,2.5034838129841095,36
mouse_hspc,cNMF,9,0.37468272222171645,0.5913690476190476,2.01170233897715,47
mouse_hspc,scHPF,0,0.19487843271359898,0.5785256410256411,1.7090109529421667,194
mouse_hspc,scHPF,1,0.1893601974048396,0.5785256410256411,1.7437000252377262,141
mouse_hspc,scHPF,2,0.19906681693252484,0.6014328808446455,1.7588336657397576,166
mouse_hspc,scHPF,3,0.18715923534955356,0.7330882352941177,1.4803348190671426,340
mouse_hspc,scHPF,4,0.1870068585689419,0.4791666666666667,1.7671677674488921,75
mouse_hspc,scHPF,5,0.20545709477198928,0.5971638655462185,1.7680226595333115,100
mouse_hspc,scHPF,6,0.1940340110893887,0.6527149321266968,1.7553323959256675,167
mouse_hspc,scHPF,7,0.18821082360779912,0.6111111111111112,1.8406919257464818,73
mouse_hspc,scHPF,8,0.19467504099103708,0.37254901960784315,2.1743967593067457,30
mouse_hspc,scHPF,9,0.19378903378538898,0.48148148148148145,1.9047858231356383,35
mouse_hspc,ProdLDA,0,0.2850881061843905,0.9428571428571428,1.5423955564049274,314
mouse_hspc,ProdLDA,1,0.26931963096309797,0.8125,1.6151086785561908,278
mouse_hspc,ProdLDA,2,0.22214102756733795,0.886904761904762,1.7701699555067032,302
mouse_hspc,ProdLDA,3,0.24588139732239034,0.9380952380952381,1.5147045116486397,314
mouse_hspc,ProdLDA,4,0.23721312508288012,0.9380952380952381,1.5250381010694993,217
mouse_hspc,ProdLDA,5,0.21681165131411592,0.9131944444444444,1.6692951674704284,239
mouse_hspc,ProdLDA,6,0.31991156573835355,0.8984126984126984,1.5300640437499795,518
mouse_hspc,ProdLDA,7,0.21191385494439893,0.9214285714285714,1.5693699427697567,312
mouse_hspc,ProdLDA,8,0.2578439343382902,0.8095238095238095,1.5534812243523486,320
mouse_hspc,ProdLDA,9,0.2208198518423501,0.96875,1.54443789353099,328
